Date,Close,High,Low,Open,Volume
2020-10-05,30.659584045410156,31.2772438442462,30.015641631672835,30.804142097098385,33012610
2020-10-06,30.738435745239258,31.526936215420527,30.580734550283637,30.961845312709986,33395837
2020-10-07,30.76471710205078,31.19839491172532,30.18648308059396,30.725291346207946,23370640
2020-10-08,31.57950210571289,31.802911651892465,30.804139347223146,30.804139347223146,52995421
2020-10-09,31.829193115234375,32.36800133208214,31.487508155163006,31.802910503628286,59684439
2020-10-12,29.871084213256836,32.105172582390175,29.122005819437003,32.105172582390175,73668423
2020-10-13,29.411121368408203,30.055065578216574,29.161429202426415,29.857938638870536,42493328
2020-10-14,29.05630111694336,29.489977143472917,28.727757393756953,29.174574728846185,52837879
2020-10-15,27.728984832763672,29.43740609055929,27.453010050895568,29.253420456159876,57560624
2020-10-16,27.92611312866211,28.30722207803955,27.571286795849023,27.978680196656537,45212502
2020-10-19,28.267793655395508,28.43863430561213,27.58442554993274,28.386067245981852,50604846
2020-10-20,28.688325881958008,28.91173542214777,27.899825508062026,28.320360141725786,41529470
2020-10-21,28.136375427246094,29.42426198164664,27.834118041751637,29.095720148588242,55820200
2020-10-22,27.860403060913086,28.070669485259288,27.334734247749168,28.05752817777495,53997757
2020-10-23,29.03001594543457,29.200858457073192,28.004962710468554,28.12323815430562,58147934
2020-10-26,28.202085494995117,29.266564401071033,27.70270114467753,29.05629798220357,51001960
2020-10-27,28.92487907409668,29.17457124638872,27.794693645286976,28.438636036503645,45429699
2020-10-28,27.939252853393555,29.35855626933641,27.807836108288832,28.622621028857477,63774312
2020-10-29,28.215227127075195,28.37292647407018,27.334732072702263,27.597567375803006,38460691
2020-10-30,27.755268096923828,28.386069185864798,27.295309504740157,28.136377011706266,46022661
2020-11-02,27.91297149658203,28.149522382380038,27.636994851529128,27.991821180226136,20383675
2020-11-03,28.399211883544922,28.570054377629578,27.912968849923878,28.16266102017625,33132402
2020-11-04,28.846031188964844,29.082582068958448,28.096954625562205,28.12323724117676,45596501
2020-11-05,29.581966400146484,29.818517279784935,28.964306585475263,29.17457301467297,45095715
2020-11-06,30.76471710205078,30.988126660384264,29.148288635477737,29.700240042949694,85166304
2020-11-09,32.34172058105469,32.499419929494195,30.909274129347153,31.01440825155048,76016302
2020-11-10,33.485042572021484,33.90557900171677,31.65834617114239,32.630832077649686,174585616
2020-11-11,34.53638458251953,34.799218051267,33.35363030342502,33.498188344263035,96290965
2020-11-12,34.98320007324219,35.08833419487292,34.168417052633174,34.52324333698778,47396716
2020-11-13,34.1947021484375,34.81236194685088,33.93186866014217,34.5626697659972,62374859
2020-11-14,34.168418884277344,34.5232451876529,34.02386083543497,34.431252367578246,4951954
2020-11-17,34.32611846923828,34.825502824786696,33.064516273087676,34.10270890602322,48441615
2020-11-18,35.9951171875,36.652200924185514,33.945010791417396,34.260413186865215,115671060
2020-11-19,35.942543029785156,36.94131163136018,35.27231808336588,35.73227846663777,66277365
2020-11-20,36.67848205566406,36.79675749045506,35.640289426733986,36.00825703833585,43271709
2020-11-23,38.531463623046875,38.978282773289656,37.00702786059961,37.03331047655945,114690893
2020-11-24,38.20292282104492,38.89943047872598,38.005795865820666,38.62345567719704,63313382
2020-11-25,37.49326705932617,38.97827874433685,37.25671620067571,38.59716984311799,38595953
2020-11-26,37.63782501220703,38.45261170892049,37.42755676730079,37.493266969983104,52112455
2020-11-27,38.91257095336914,39.31996616281323,37.598403512446545,37.70353764166659,128054853
2020-12-01,41.31749725341797,41.69860611963717,38.45260826920129,39.385666641761865,102561565
2020-12-02,40.26616287231445,41.17294237312883,40.029612017295996,40.89696759885094,39101468
2020-12-03,41.133522033691406,41.52777226978985,40.73926812786172,41.475203369804646,44106735
2020-12-04,41.75117492675781,42.47396880502331,41.146656477112685,41.26493557546401,62591252
2020-12-07,41.843170166015625,42.36883713711892,41.6723295013264,41.7511773451532,27206587
2020-12-08,41.54090881347656,42.23741638312286,40.6998395377476,42.000869204375824,27908418
2020-12-09,41.448917388916016,42.36883453177934,41.27807673473211,41.764319754022004,37297168
2020-12-10,40.647281646728516,41.5671989247592,40.371303160560984,41.51463369105003,28742858
2020-12-11,40.55528259277344,41.212366261933056,39.95076414925422,41.015239326319715,25544332
2020-12-14,41.133522033691406,41.777464452958654,40.634133997622556,40.94953638834006,34927782
2020-12-15,41.34378433227539,41.61976278500175,40.47643239305365,40.73926586921405,30047825
2020-12-16,41.19922637939453,41.790603536942015,40.87068269859458,41.52777006019448,34289582
2020-12-17,41.60661697387695,42.71051975344683,41.3700661161312,41.40949370557613,68677053
2020-12-18,41.33064270019531,41.86945462484197,40.213598600438495,41.59347617428739,37948405
2020-12-21,38.702308654785156,40.831262970840974,37.20415548164472,40.607853391744996,59647527
2020-12-22,39.1359748840332,39.464518531822264,36.71790493907622,38.38689844964792,65345263
2020-12-23,39.806209564208984,40.055901747136126,38.531462364740506,39.28053891352192,38356920
2020-12-24,40.48957443237305,40.84440073252796,39.83249073008494,39.963907470542566,30393682
2020-12-28,42.224281311035156,42.31627413674294,40.76555208663268,40.97582035404152,46688129
2020-12-29,41.527767181396484,42.48710820410202,41.04152418220168,42.31626755697849,34878297
2020-12-30,42.197998046875,42.42140761884886,40.81812036137878,41.803747803837695,34680689
2020-12-31,43.42017364501953,43.57787299839449,41.580335623208065,41.89573799968906,75697464
2021-01-01,43.13105392456055,43.89327168311747,42.947068302988455,43.43331129891801,31099243
2021-01-04,43.51216506958008,44.12982482605322,42.907646619656255,43.49902376303075,26565638
2021-01-05,44.22182083129883,44.52407824319674,42.57910601791243,42.88136709954156,57064355
2021-01-06,43.73557662963867,44.77376925257881,43.0522066392932,44.22181967322611,30214502
2021-01-07,44.05097579956055,44.721204489733324,43.643584264379605,44.15610992761105,36853901
2021-01-08,44.15610885620117,44.3663771072002,43.7881412518184,44.3663771072002,33289423
2021-01-11,44.4977912902832,44.94461038055402,44.01154828136409,44.418939783255745,46544924
2021-01-12,44.45836639404297,45.95651930650581,44.18238796038077,44.418938806530775,58814383
2021-01-13,44.01155090332031,45.29943568653143,43.433315046709666,44.813192648644744,33831638
2021-01-14,43.958980560302734,44.8131911752693,43.53844774096839,44.23495900740095,24633256
2021-01-15,42.71051788330078,44.182388191612496,42.053434234851196,44.0772540739144,60686775
2021-01-18,41.26493453979492,42.71051859031363,40.80497414340081,42.684235977886736,52205810
2021-01-19,41.922019958496094,42.13228453646646,41.55405235988419,41.64604517696992,30317142
2021-01-20,41.593475341796875,42.316269215948914,40.88382644384425,42.05343574711743,59859549
2021-01-21,40.568424224853516,42.10600112394947,40.239880552770806,41.659185693226405,36835922
2021-01-22,41.06781005859375,43.28875699639697,40.68670114646164,40.936393318883745,81651256
2021-01-25,40.0953254699707,41.790605511809055,39.50394828447695,41.77746420432378,28614498
2021-01-27,39.71421813964844,40.42387079075885,38.702308064767685,40.10846838924377,35305877
2021-01-28,39.043983459472656,40.121603579844994,38.649733269989355,38.702302163758944,25931541
2021-01-29,38.0977783203125,40.05589135296315,37.74295209932242,39.188539591564165,35996794
2021-02-01,40.279300689697266,40.50271021894393,37.624679958492095,38.62344851773073,36465824
2021-02-02,41.08095169067383,41.646046244710305,40.134748221489446,40.64727754711839,46356480
2021-02-03,41.63290023803711,42.697379114538364,41.041526754156315,41.58033501092984,57008491
2021-02-04,41.54090881347656,42.579101349783194,41.29121665894225,41.68546684982841,49939737
2021-02-05,41.094093322753906,42.14543092679859,40.42386830660213,41.80374593025423,30504364
2021-02-08,42.802513122558594,43.472741784747086,41.33064273076936,41.47520077465384,95980088
2021-02-09,42.48711013793945,43.49902376997784,42.11914621503762,43.20990401665361,47217291
2021-02-10,45.77253723144531,46.46904851794796,41.81688640942872,42.34255336617657,216720445
2021-02-11,47.126129150390625,48.256314501821834,45.3782840640131,45.77253425594527,158281303
2021-02-12,51.857147216796875,52.48794831566349,45.338864302200314,47.28383282798439,468677607
2021-02-15,55.37912368774414,59.13765156433534,53.60499571879858,54.38035491473996,397520999
2021-02-16,56.10191345214844,56.96926540955979,55.36597823557328,56.351605626710324,130332682
2021-02-17,59.702735900878906,60.29410934240988,55.392259146182276,55.72079913153709,243256342
2021-02-18,58.00746536254883,60.58323878324449,57.284671407433414,60.24155376759754,107919911
2021-02-19,56.115055084228516,57.770911165977445,54.35406854498669,57.770911165977445,102089555
2021-02-22,56.6670036315918,58.086305056992096,55.957351084026236,56.2464671575985,106106519
2021-02-23,57.705196380615234,58.546265661925936,56.44359429351459,56.86413076903537,65761676
2021-02-24,57.08753967285156,59.3084865841527,56.2464703469052,58.073167043780835,47414446
2021-02-25,57.36350631713867,58.55940176731149,56.90354963376725,57.61319845115449,44255866
2021-02-26,56.2464714050293,57.28466769258476,55.01115184141826,56.50930855598857,67059934
2021-03-01,60.85920715332031,61.37173278772317,56.8115636345695,57.02183187884333,149608263
2021-03-02,61.13518142700195,61.923685501671294,59.43990151968034,60.96434077351791,83457635
2021-03-03,61.240318298339844,62.60705826651094,60.83292677113371,61.75284762126955,58155097
2021-03-04,61.437442779541016,62.160236655739254,59.518753314016166,59.7947280900974,45713503
2021-03-05,59.255924224853516,62.12081365868719,58.87481529882292,59.82101512529524,46278933
2021-03-08,59.08507537841797,61.35859112332563,58.86166949862728,60.18898181955201,41067738
2021-03-09,56.890419006347656,60.16269997266902,56.50931008130669,59.6238916885807,62205668
2021-03-10,57.56064224243164,58.34914268284944,57.12696443139009,57.41608419532815,52418531
2021-03-12,56.141334533691406,58.42799158014542,55.812794533084954,58.08630660336225,45112076
2021-03-15,57.44236755371094,57.757769935803566,55.78651513948527,56.627580818936664,52284773
2021-03-16,58.257144927978516,58.54626097947782,56.85098124629884,57.73147804535049,41058482
2021-03-17,57.96803283691406,59.347914090038245,57.481789805561206,58.54626868575474,45234382
2021-03-18,56.81156921386719,59.00623367853027,55.78651784439419,58.34914626807669,30587199
2021-03-19,55.62881088256836,56.49616282696561,53.95981719807157,56.24647065615021,81792796
2021-03-22,54.143798828125,56.36474573783542,53.61813187593417,55.72080335442854,46422764
2021-03-23,55.589385986328125,56.141335545926474,53.61813126822375,54.43291797066954,50380991
2021-03-24,52.97418975830078,55.27398452053936,52.61936346287248,55.03743732665154,61978032
2021-03-25,51.528602600097656,53.86782498169156,49.149956297323364,53.092465846757335,93827138
2021-03-26,52.30396270751953,53.07932552660118,51.66002030094488,52.30396270751953,53931765
2021-03-30,53.11874771118164,54.6037594247906,52.619363371020434,52.77706272324738,55744505
2021-03-31,52.947906494140625,53.618131486340936,52.5930802030707,53.22388127506246,32984870
2021-04-01,55.31341552734375,55.82594120692994,53.22388521613994,53.3553019629638,49185420
2021-04-05,54.998008728027344,55.576244569576936,52.632503804933165,55.27398350727995,44061928
2021-04-06,54.32778549194336,55.30027157374934,54.07809331795161,55.0768620139186,25943615
2021-04-07,56.2859001159668,56.50930968037533,54.0123842195633,54.40663811898127,43515446
2021-04-08,56.99555206298828,57.429226209639715,56.24647186471556,57.2978094679516,51690512
2021-04-09,55.69451904296875,57.61320482786833,55.19513471966452,56.91669723836718,32651618
2021-04-12,52.75077819824219,54.577474833600895,51.41032457855257,53.82839835049948,48508979
2021-04-13,55.61566925048828,55.90478901008435,52.750779956317864,52.750779956317864,70856923
2021-04-15,54.643184661865234,56.20704792412942,54.06495246652544,55.12942770686623,38382079
2021-04-16,55.70766067504883,56.45673716438402,54.406634633458616,55.05057700099978,44143859
2021-04-19,53.74954605102539,54.39348840372696,52.1988278820596,53.35529585568142,37002219
2021-04-20,53.71011734008789,54.89286782058807,53.35529109501868,54.643175685509426,35172218
2021-04-22,55.86536407470703,56.1544838480428,52.238256793264206,52.97419202946782,61368033
2021-04-23,56.141334533691406,57.429222932418426,54.998007845329866,55.40539935434195,60504352
2021-04-26,55.89164352416992,57.08753913270328,55.49739331347472,55.9836363409181,24533548
2021-04-27,56.68014907836914,56.90355863778257,55.66823907721184,56.03620668397187,24938238
2021-04-28,58.257144927978516,59.57131213454858,57.03496685705698,57.29780029837099,69328722
2021-04-29,57.66577911376953,58.9536639617114,57.42922823643633,58.61198262310234,30847677
2021-04-30,56.43045425415039,58.322857427282976,56.27275490715541,56.83784576294199,29908559
2021-05-03,56.693294525146484,57.66578067614647,55.43169225834216,56.24647537369308,31891457
2021-05-04,56.98241424560547,59.1245136428083,56.70643942035874,57.56065018352419,44879407
2021-05-05,57.73148727416992,58.24401293363645,55.668239659379324,57.49493640522674,49382110
2021-05-06,58.38856506347656,59.334764773599154,56.7458504545944,57.82347056279064,68099585
2021-05-07,58.06003189086914,59.6370365854529,57.69206425112397,58.611985185352594,47572719
2021-05-10,61.6871337890625,62.239083330903526,58.00745794435276,58.5331248736739,80228910
2021-05-11,61.27973937988281,63.18528752701937,60.62265571004138,61.240315460611605,61522635
2021-05-12,62.002532958984375,63.500685920991636,60.45181110179932,61.10889843827089,62923658
2021-05-14,60.04441452026367,62.79102805179184,59.623881743040485,62.75160780576949,32685039
2021-05-17,63.132728576660156,64.44689604697008,59.6633169137406,60.71465455971983,87673881
2021-05-18,63.67152786254883,65.35366648713939,63.1984334844865,63.86865847115858,59764760
2021-05-19,63.77665710449219,64.3286065877833,62.55447538492513,63.55324391257988,33089582
2021-05-20,62.791038513183594,64.22348873069372,61.371736942576284,63.81608985138505,44466431
2021-05-21,64.51260375976562,65.15654616228055,62.830465059162705,62.843610036115464,45667060
2021-05-24,63.21157455444336,64.99884372912393,63.080154141566005,64.90685090800226,50218003
2021-05-25,63.21157455444336,64.10521281151483,61.00376886591006,63.86866193990546,77625958
2021-05-26,61.49001693725586,64.63088506134343,61.24032473791711,63.710964114475544,73022584
2021-05-27,61.266597747802734,62.79103332162426,60.583231468746185,62.028815534713495,82653358
2021-05-28,61.83169174194336,62.501916708925684,61.24031461241139,62.0288150053001,35231171
2021-05-31,63.132728576660156,63.31670688487975,61.77913351342903,62.291655524091745,34053019
2021-06-01,62.370506286621094,63.64524607360534,61.83169435924838,63.566398232817406,30792812
2021-06-02,70.72862243652344,71.71424607156746,61.700270012849224,62.5019153644666,370358703
2021-06-03,65.8530502319336,70.62348761487964,65.45880369714615,70.43950198426582,254534610
2021-06-04,66.247314453125,66.75983649629012,64.52574798535365,66.23416947483013,110266699
2021-06-07,66.5889892578125,67.74546099481749,66.3655833645042,66.49699643719664,46724118
2021-06-08,66.32615661621094,67.39063554613345,65.97133030623677,66.94381641437386,36155851
2021-06-09,64.9725570678711,66.73354351819229,64.13149143201058,66.66784065530801,44393024
2021-06-10,64.84114837646484,65.64278647709934,64.31548140116071,65.44566319622588,30989188
2021-06-11,64.3023452758789,65.31425911328995,63.68468539395014,65.06456322894304,42374008
2021-06-14,64.46002960205078,64.84113846788092,62.39678226862298,64.31547157290564,38893486
2021-06-15,64.6440200805664,65.32739010881902,64.28919375855808,64.78857813699987,18368908
2021-06-16,64.49945831298828,66.83868437601957,64.06578416864046,64.65716133796123,68667767
2021-06-17,62.97502136230469,64.35489894935891,62.30479636392899,64.35489894935891,42543394
2021-06-18,62.26536178588867,63.671521828850956,59.84729187063039,63.34298552455832,43951466
2021-06-21,62.16023635864258,63.09329480420311,60.62265579832428,60.977482081474655,30934747
2021-06-22,62.48877716064453,63.29041516551894,61.91053768531397,62.738465641329256,29760650
2021-06-23,62.541343688964844,64.0526342591006,62.31793047583633,62.79103217485946,39528458
2021-06-24,62.05509948730469,62.81731729067313,61.70027319889573,62.80417965376648,23734904
2021-06-25,62.19965744018555,63.29041891711179,61.94996894470033,62.16023719006059,19420451
2021-06-28,61.84483337402344,62.751616590864245,61.59514486956833,62.4230729044025,16016176
2021-06-29,62.16023635864258,64.32861430714253,61.92368550320899,62.55448289139065,106865569
2021-06-30,63.632102966308594,64.07892203795288,62.60705176633725,62.75160979841901,36072832
2021-07-01,64.34175872802734,64.72286762077438,62.76475059225957,63.72409898188823,34822517
2021-07-02,64.49945831298828,65.43252414650674,64.13149437400104,64.56516851834886,31826186
2021-07-05,63.85551071166992,65.23538821448673,63.75038026322971,64.94627214181452,18176405
2021-07-06,62.33108139038086,65.0382714418513,60.7146528778644,64.1972057520438,42167963
2021-07-07,61.84483337402344,62.554485975309866,60.60951747991421,62.554485975309866,30666674
2021-07-08,60.990623474121094,62.396787302267185,60.18898176158719,61.7659825737321,47880621
2021-07-09,62.12080764770508,62.33107588645555,60.47809666551052,60.99062228645029,36426518
2021-07-12,62.69905090332031,63.15901505062581,61.76599230937105,62.44936237146563,23795025
2021-07-13,64.26290893554688,64.60459760766848,62.58077020818735,63.198437345546125,26389814
2021-07-14,64.18406677246094,64.49946551817757,63.211580578660175,63.81609545290565,22668158
2021-07-15,63.65838623046875,64.98569848361434,63.46126297369235,64.1314879183013,21757478
2021-07-16,64.17091369628906,64.394326923387,63.737239558221944,63.98693539919103,11214984
2021-07-19,64.3023452758789,64.65717163397395,63.27729379898104,63.47441710699048,16227125
2021-07-20,62.5282096862793,64.10521807292827,62.291658795255096,64.10521807292827,28199019
2021-07-22,62.33108139038086,63.08015425889557,61.897407238111164,62.68590769845489,21637481
2021-07-23,62.01567840576172,62.73846860979681,61.08261628915044,62.357359713221605,26232726
2021-07-26,60.60951614379883,61.94996980454634,60.47809940605739,61.94996980454634,26279832
2021-07-27,60.58323287963867,61.58199787391001,60.12327246761729,60.819783738979325,23369088
2021-07-28,60.16269302368164,60.70150491526663,58.80909814635275,60.58322949220951,26046845
2021-07-29,62.672767639160156,63.13273178171654,60.333548689307214,60.53067198499541,39986981
2021-07-30,61.59515380859375,63.303575354560515,60.4649682071917,62.659632865006415,45739717
2021-08-02,61.63456726074219,62.2916472387686,60.898628437631004,62.2916472387686,35709655
2021-08-03,62.212806701660156,62.370509731408184,61.529436692035304,61.76598756692612,14987714
2021-08-04,62.16023635864258,63.776664757618114,61.884257914149444,62.76475113393848,26674888
2021-08-05,62.26536178588867,62.896166462631484,61.59513686272904,61.976245728012856,14976613
2021-08-06,62.0682487487793,63.34299594767701,61.62142961332817,62.0288211564134,14579745
2021-08-09,60.6883659362793,62.9224540843689,59.742162515542645,62.9224540843689,38859594
2021-08-10,58.664546966552734,62.344219477766416,57.99432193739869,60.7672185457025,139415279
2021-08-11,58.979949951171875,59.84730194046963,57.5080794639113,58.9010984358789,43264700
2021-08-12,58.79596710205078,59.43990955342383,58.27030009437738,59.36106170411168,33390314
2021-08-13,58.20458221435547,59.203350865226966,58.08630678624011,58.79595935493226,24755017
2021-08-16,57.429222106933594,58.34913923303211,57.16638864233402,58.20458119447543,23337882
2021-08-17,56.81156921386719,57.53436316352734,55.747090251138935,57.53436316352734,28597182
2021-08-18,56.3253173828125,57.100676443222575,55.98363242289712,56.77213645883498,19613308
2021-08-20,53.43415451049805,55.68138422732705,53.07932818630431,55.06372440441158,47335248
2021-08-23,52.5405158996582,54.380354049533416,52.30396501826486,53.88096967097666,25639326
2021-08-24,54.86659240722656,55.43168694639884,52.56679399999981,52.698214407023976,31587683
2021-08-25,55.5630989074707,56.44359207256669,54.945439194367786,54.998004416874124,41039123
2021-08-26,56.0624885559082,56.233329215105066,55.05057856814693,55.58938682923253,23229847
2021-08-27,56.31217575073242,56.74584984871433,55.628805834861225,55.983632098517724,33173523
2021-08-30,57.468650817871094,57.87604602472989,56.52245100035756,56.824708408932295,19894708
2021-08-31,57.45550537109375,57.92860708063114,56.57501215377957,57.92860708063114,24616490
2021-09-01,57.08753967285156,58.21772508876375,56.9692642415508,57.74462703329177,15371980
2021-09-02,57.218955993652344,57.363514037580885,56.32532144685961,56.6538651246834,13191203
2021-09-03,58.12008285522461,58.35931513357951,57.42897027101093,57.49542161981553,17371726
2021-09-06,56.97708511352539,58.412478754927854,56.87075924623679,58.412478754927854,18401410
2021-09-07,56.352420806884766,57.22960452485285,55.82079521086263,57.01695280191244,26675814
2021-09-08,56.09989929199219,56.485328227210125,55.34233169056427,56.21951542439285,29484785
2021-09-09,56.525203704833984,56.71127490897826,55.80751056245693,55.82080083256306,13082509
2021-09-13,56.684688568115234,56.8973402907107,55.87395619530054,56.61823351305581,8059717
2021-09-14,58.99726867675781,59.35611710668626,56.684694854546905,57.14986915756481,41536929
2021-09-15,60.671897888183594,60.8313848505783,58.93082043877546,59.60864281245008,35169813
2021-09-16,59.62193298339844,61.137068401931295,59.276378517344256,61.12378184236097,24414738
2021-09-17,59.27637481689453,59.94090687704798,58.292865141069875,59.80800046501729,31752867
2021-09-20,57.52199935913086,59.06371882362491,56.95050294191543,58.478928425966544,31190376
2021-09-21,58.50551223754883,58.65171262864,56.09990287808201,57.52200257745838,22706318
2021-09-22,59.75483322143555,60.07381082401787,58.25298822918479,58.47893023376446,18528005
2021-09-23,60.48582077026367,60.92441451321194,59.887743791812944,60.31304355380688,15032008
2021-09-24,59.72825241088867,60.64531069456364,59.28966238457685,60.485820038332896,13095828
2021-09-27,62.06740951538086,62.30663807384468,59.728251605922374,59.807996932963,35923493
2021-09-28,61.363006591796875,62.70536469334177,60.36620664602193,62.532587471121424,27639646
2021-09-29,61.09718704223633,61.61552607449751,59.44914548787152,60.87124876461291,26416068
2021-09-30,60.06052017211914,61.801597427389844,59.82128789953774,61.2832620739065,24028235
2021-10-01,59.78142166137695,60.18014090905081,58.79791195698381,59.67509578639805,18270397
2021-10-04,60.180137634277344,61.01745060675963,59.515605590982204,60.07381176508429,22422247
2021-10-05,60.220008850097656,60.97757649796815,59.95419603098476,60.07381217071848,19382832
2021-10-06,59.475730895996094,60.96428563767421,59.19662780976374,60.605437221948684,17023065
2021-10-07,62.731937408447266,63.662285887830045,59.80799299752024,60.02064471474981,110538773
2021-10-08,63.03763198852539,65.23058962188975,62.73194464582467,63.755328833479204,61535270
2021-10-11,63.954681396484375,66.37358455630516,63.13066245894477,64.19391365869366,62954535
2021-10-12,65.17742919921875,65.36350040296978,63.66229387437158,64.31353566484162,34239167
2021-10-13,67.43684387207031,68.31403141329305,65.69577019407639,65.802092357784,83121239
2021-10-14,65.53626251220703,68.52666537338936,65.12425310081231,67.83554922073203,39715720
2021-10-18,63.7287483215332,66.08119661791599,63.14395417576345,65.92170595585907,39625751
2021-10-19,62.02754211425781,65.07110673097102,61.66869368985953,64.53947366238734,29301777
2021-10-20,61.20351791381836,62.98446972272271,60.220008265845124,61.9345050149514,30257337
2021-10-21,61.03074264526367,62.12057819691624,60.23330045886916,61.814890850210745,23875488
2021-10-22,61.083900451660156,62.79839716361618,60.5124040218942,61.216806857047295,23865445
2021-10-25,59.329532623291016,61.61552946446713,58.58525527245768,61.3762971937472,25090523
2021-10-26,60.3529167175293,60.75163595583003,58.82449111504517,59.329536225825294,15831290
2021-10-27,60.15355682373047,60.96428554176408,59.80799867824258,60.47253071854301,12671945
2021-10-28,59.768123626708984,60.63201707344246,59.44914604320924,60.15355255385729,15500512
2021-10-29,59.3959846496582,60.685177822813195,58.47892642159658,59.76812330608044,13140485
2021-11-01,61.230098724365234,61.64211193201376,59.35611501930541,59.54218621850072,13840936
2021-11-02,61.34971237182617,62.25348036893366,61.137060641762176,61.42945769843243,12286954
2021-11-03,61.05731964111328,62.12057459080742,60.27317148168612,61.349712989397865,8501447
2021-11-04,61.17694091796875,61.96108914329696,60.964289167892524,61.58895043632825,2035874
2021-11-08,63.423057556152344,64.00784424770637,61.19022552113964,61.64210952036686,35657283
2021-11-09,63.43635940551758,64.00785218739928,62.97118136802681,63.74203934711555,13310570
2021-11-10,63.8217887878418,64.326833929755,62.811698504015375,63.23699459749139,9122671
2021-11-11,63.064208984375,64.37998645951384,62.39967325654249,64.1806287102273,11147192
2021-11-12,65.29704284667969,66.38687464207739,60.6984722561779,63.715452520535244,88377999
2021-11-15,62.57246398925781,65.31034135998368,61.66869590512468,63.50280519171743,44604377
2021-11-16,66.45333099365234,67.72923401050645,62.47942526364434,62.652202482747576,125475509
2021-11-17,64.93820190429688,67.21090877750684,64.41987019744276,66.4533373455505,32013554
2021-11-18,63.170536041259766,64.95148400125926,62.745232598596154,64.93819002126327,25190726
2021-11-22,60.63202667236328,64.69896831003479,59.54219106203029,64.39328094687005,34115705
2021-11-23,60.72505569458008,61.402881743002354,59.54218824438624,59.808001071141504,20259751
2021-11-24,60.71176528930664,62.29335568744401,59.27637528575577,60.92441703476947,19337154
2021-11-25,61.48262405395508,61.801601676437315,59.67509532721039,60.07381457181619,18344971
2021-11-26,57.54859161376953,60.55228192323312,57.28277877185783,60.2067237442161,32244652
2021-11-29,56.897342681884766,57.867558320427115,55.39549400318238,57.1498652213311,28335738
2021-11-30,55.78092575073242,58.41248085456138,55.28917091642723,56.884051560425945,32347980
2021-12-01,57.16316223144531,57.60175230420524,55.95371046881094,56.352429728955286,15895872
2021-12-02,57.53529739379883,57.80111021746613,56.65811359116501,57.20302950855007,13227269
2021-12-03,57.096702575683594,58.35931532030245,56.923925356909656,57.149867366226545,21590943
2021-12-06,56.578369140625,57.522004308206185,56.379007664105245,57.08341425572377,10948548
2021-12-07,58.23969650268555,58.399187155651305,56.89734220097199,57.00366435451048,12878861
2021-12-08,59.7016716003418,60.20671668300686,58.21311689115443,58.21311689115443,43582243
2021-12-09,59.86115646362305,59.99406286437117,59.010553272037654,59.9409017886035,14132067
2021-12-10,60.81808853149414,61.49591083776152,59.90103394976083,59.94090475856211,22216977
2021-12-13,60.04723358154297,61.363007450024014,59.43586259319293,61.363007450024014,15539851
2021-12-14,58.93081283569336,60.3794967152513,58.66500002888675,60.04722885107853,40862652
2021-12-15,58.83778381347656,59.46244509266016,58.50551591218166,59.10359664998072,18217036
2021-12-16,59.528900146484375,60.605441762994936,57.80111299819623,59.196632245250676,11089641
2021-12-17,56.45875549316406,59.621932737512196,56.20623292445001,59.56877165413217,47331288
2021-12-20,53.66770935058594,56.724564205775124,52.12599350877787,55.82079987476105,44789786
2021-12-21,54.21263122558594,54.94361836723927,53.42848300221063,53.82720224911353,27928138
2021-12-22,57.29606628417969,57.5220045909957,54.51831442615116,54.704385633328265,32955685
2021-12-23,56.99037551879883,58.34602383513237,56.804308034097296,57.73465288026316,17767917
2021-12-24,57.083412170410156,57.98717649420371,56.43217039494108,57.54858645774342,21442815
2021-12-27,57.5618782043457,58.26628107697482,56.37900705100647,57.07012336485197,18331125
2021-12-28,57.97388458251953,58.5586749925669,57.64162042497388,58.14666550731918,13497103
2021-12-29,58.040340423583984,58.23969817853419,57.44225973607514,57.89414374693274,8803712
2021-12-30,57.176448822021484,58.23970011396774,56.76443931752523,57.947306750948364,11169252
2021-12-31,59.35611343383789,59.70167157216381,57.28277202654054,57.28277202654054,27924665
2022-01-03,59.768123626708984,59.9143202940647,59.07700738479065,59.35611045077237,16419054
2022-01-04,59.75483322143555,60.52569483317722,59.462439869231915,59.980775226015226,14494223
2022-01-05,59.568763732910156,61.34971174792999,59.22320560290257,60.0472282650239,27818486
2022-01-06,61.89463806152344,62.20032170618098,58.74474745331995,59.276376830834295,37805749
2022-01-07,63.502803802490234,64.16733958055966,61.788310699167766,62.412971955302275,52453854
2022-01-10,63.79519271850586,65.29704139381218,63.50279937180677,64.06101294931383,29099673
2022-01-11,66.83876037597656,67.17102825778777,63.70216760462095,64.06101602625805,68264399
2022-01-12,64.7122573852539,67.50329569795402,64.3534089659646,67.50329569795402,47977317
2022-01-13,62.412967681884766,65.78879999923747,61.748435660645164,65.0445226509175,72943365
2022-01-14,80.23204040527344,87.47475860758414,78.97807878267463,84.29661385525111,100740235
2022-01-17,81.96163940429688,83.34531929221963,81.50761770138682,82.04812078904037,31362819
2022-01-18,79.38886260986328,82.73997041970576,78.91322605074109,82.73997041970576,20820640
2022-01-19,79.77801513671875,80.05907408022549,76.83768506323715,79.51857097318009,12179781
2022-01-20,80.253662109375,81.0752241911587,79.28075944877173,79.99421793597362,13154179
2022-01-21,78.65377807617188,81.11846442010963,77.83221596152596,80.14556172059055,16657758
2022-01-24,77.7024917602539,80.40499988121232,75.97288626593419,78.9132163485435,31079839
2022-01-25,76.14584350585938,77.81058985599817,75.47562200968973,77.57276788845574,12736995
2022-01-27,75.30268096923828,76.10262099155818,73.57307510321883,76.10262099155818,12775997
2022-01-28,76.42691040039062,78.45919710596995,75.69182971218619,75.75668889965621,9342339
2022-01-31,77.61601257324219,78.99969255434277,77.44304979210779,77.81059013502474,9138732
2022-02-01,78.26461791992188,78.69701748353278,76.16747187148441,78.67540270121336,13803246
2022-02-02,79.475341796875,79.99422275226028,78.69701665246774,78.69701665246774,7707694
2022-02-03,78.76187133789062,79.84287007178023,78.58890857140527,79.56181114323469,5070314
2022-02-04,78.37271118164062,79.54019133388418,77.8105858849864,79.12941402944952,5206817
2022-02-07,78.19976043701172,79.06455958313711,77.18362069804849,78.37272323530037,6934164
2022-02-08,76.94580078125,79.66992410314016,76.34043839357238,78.56730293529554,14734255
2022-02-09,77.5079116821289,77.74573365881719,76.3836684108685,77.39981550714415,5412363
2022-02-10,77.98355102539062,78.48080973077288,76.81607083768534,77.89706963692024,6911181
2022-02-11,74.4378662109375,78.37272153958453,73.52982267355742,77.37819660493129,28848534
2022-02-14,72.68663787841797,75.56210134602063,71.86507582729465,71.92993501255991,20809417
2022-02-15,74.00546264648438,74.22166241665012,71.21647299282712,72.6433974140477,21147783
2022-02-16,73.0758056640625,74.80540385585043,72.66502089765193,74.80540385585043,8874200
2022-02-17,72.01641845703125,74.00546074504618,71.80021869242039,73.50820202870699,10459777
2022-02-18,68.49234008789062,71.82182497619574,68.05994060982357,71.77858799745196,52335042
2022-02-21,67.80050659179688,68.96798684141062,66.39520436694296,68.31938752747614,22723879
2022-02-22,67.6275405883789,68.14642149937298,64.21157397244637,64.86017325552446,18262845
2022-02-23,67.45459747314453,68.85989988614226,67.1302940614299,68.31939667417102,11609012
2022-02-24,62.50358963012695,65.1844755296742,62.02794571014614,64.44939486981872,40062417
2022-02-25,64.68722534179688,66.54654943864037,63.56298200153582,63.56298200153582,23441888
2022-02-28,65.05475616455078,65.50877787504392,62.07118545435718,62.265766717615506,19690148
2022-03-02,63.60621643066406,64.98990391192903,63.21705386264213,64.98990391192903,15791319
2022-03-03,62.28738784790039,64.62234812150153,62.11442507850116,64.42777057292066,15083685
2022-03-04,59.06599426269531,61.833361414155995,58.72007615225931,61.833361414155995,23630323
2022-03-07,55.43383026123047,57.89852025393773,53.790706073645076,57.89852025393773,41435691
2022-03-08,54.80685043334961,56.64455593131678,51.6935610754837,55.779753125724625,64845821
2022-03-09,55.347347259521484,56.2121499663781,54.763603483945644,55.77974675728538,35932774
2022-03-10,57.33639907836914,60.276725618475346,56.947236520837365,58.330920253474844,50216492
2022-03-11,56.88237762451172,57.336399373526284,55.36897179446318,57.07695519295006,53283091
2022-03-14,55.43383026123047,56.96885456398306,54.374449905337265,56.88237688291431,45361912
2022-03-15,57.79042434692383,58.97952687326198,55.88785585118747,55.88785585118747,45224127
2022-03-16,57.63908004760742,59.19572284980407,57.2715359839259,58.936282382771296,42909054
2022-03-17,59.21733856201172,60.31996327862836,58.28767662284891,58.54711707770065,47173403
2022-03-21,57.63908004760742,59.887562858115075,57.50935795842644,59.887562858115075,18968177
2022-03-22,58.97952651977539,59.109244905194394,56.66618067406207,57.72556109652507,18227632
2022-03-23,58.39577865600586,59.58488480518892,58.136338191589175,59.282203644814594,12265465
2022-03-24,57.2066764831543,58.33091973794423,56.60131415960139,57.29315787547019,13971854
2022-03-25,58.65522003173828,60.10376666784384,58.071479905563564,58.8065606142768,42457941
2022-03-28,58.5255012512207,59.04438218455211,57.07695462506389,59.00114148821963,22318665
2022-03-29,58.806556701660156,59.606500257759,57.83365408188027,58.52549775926235,18225245
2022-03-30,59.563262939453125,60.060525378793265,58.93628212283331,59.34706316976756,22095162
2022-03-31,60.298343658447266,61.963090050434324,59.67136284164516,60.03890319248332,45854196
2022-04-01,60.64426040649414,60.92532305254595,59.714598505852976,60.51454204010781,15500371
2022-04-04,61.91984558105469,62.26576741837049,60.730743208568626,61.16314272171667,14167570
2022-04-05,62.8062744140625,63.26029615780699,62.07119000028749,62.69817081774595,22178268
2022-04-06,62.33062744140625,62.80627136586111,61.63878746879854,62.43873103247617,13492696
2022-04-07,61.271244049072266,63.06570875146794,60.83884452569795,62.84950898978078,17892427
2022-04-08,62.37387466430664,62.65493362206259,61.09828711855625,61.8333678185295,19496864
2022-04-11,62.37387466430664,62.78465199907944,61.876608514644836,62.76302979535719,17769935
2022-04-12,60.190242767333984,62.37387376607295,59.99566149328167,62.37387376607295,28948360
2022-04-13,60.190242767333984,61.16314542626644,59.26058080389417,60.62264601093125,23446235
2022-04-18,60.14700698852539,60.57940652945889,58.93628233578489,60.53616583309971,9994527
2022-04-19,57.92013931274414,60.88208806237988,57.12019570356409,60.44968480749122,11066287
2022-04-20,58.82818603515625,60.233488340149236,57.617461308642106,58.35254205755174,18390870
2022-04-21,61.22801208496094,61.400971166223165,59.1308660597582,59.238965949463264,12839908
2022-04-22,59.801090240478516,60.70913380764891,59.60650894589494,60.665893107593725,9263639
2022-04-25,57.509361267089844,59.736229424511976,57.35802067666961,59.67136652052516,21838923
2022-04-26,60.83884048461914,61.11990312520674,58.04985112558823,58.04985112558823,22210564
2022-04-27,58.741703033447266,60.36320878914111,57.03371959345579,59.8659463312802,42002075
2022-04-28,58.9146614074707,60.01728619885017,58.3309212723064,59.909186311276386,17900806
2022-04-29,59.4984016418457,61.31448483869281,58.89303933912032,59.5848830311862,23590809
2022-05-02,57.487735748291016,59.06600075417684,57.16343609236774,59.0227600577879,20563211
2022-05-04,56.406734466552734,58.33092137597621,56.06081631023353,57.920140317934035,18860645
2022-05-05,56.16891098022461,57.89851644646715,55.995948206803,56.66617338681835,10822459
2022-05-06,53.509647369384766,54.85009040127043,53.22858469842176,54.482550048828124,21396026
2022-05-09,51.174678802490234,52.839425180542946,50.74227926661268,52.75294378883578,36632781
2022-05-10,52.62322235107422,53.14210699639535,51.32602001609436,51.45574210525694,19922116
2022-05-11,50.28826141357422,53.18534743503946,50.0288209297315,52.66646646735403,24111681
2022-05-12,49.63965606689453,50.07205932764569,48.64513487642661,50.02881863043765,31244098
2022-05-13,50.699039459228516,52.29892296587325,50.353117597666916,50.46121748353069,16773237
2022-05-16,52.190818786621094,52.53674061972603,50.158532192374636,51.36925675257745,12356304
2022-05-17,54.72037124633789,54.871711825939066,52.385403364299535,52.8610435953336,15458010
2022-05-18,54.78523254394531,55.606794661607395,54.050148109864466,55.087913714802845,17438733
2022-05-19,52.06110382080078,53.53126521274114,51.88814103728134,52.774566024495606,15182838
2022-05-20,53.76908874511719,54.11501061086765,52.86104523927071,53.40154838646387,10996926
2022-05-23,54.569034576416016,55.41221898375985,53.83395377930982,54.050153577125805,15476283
2022-05-24,53.87718963623047,55.304114111627136,52.92590912685224,55.04467363531223,11030240
2022-05-25,51.84490203857422,54.396069777037575,51.71518365801738,54.26635139648074,10560525
2022-05-26,53.012386322021484,53.61774866494432,50.37474088528105,52.017865123883446,16227897
2022-05-27,53.22858428955078,54.69874939935623,50.69903882696022,50.80713871147588,36658390
2022-05-30,54.569034576416016,54.91495647971938,53.63937247674358,54.223116384442314,10567102
2022-05-31,56.51483154296875,57.72555616384587,54.201485894932034,54.48254855820526,48850629
2022-06-01,56.12567138671875,57.03371483098962,55.06628736840274,57.03371483098962,17214520
2022-06-02,55.67164993286133,56.14729014872572,55.217628208537995,55.93109038799909,9788148
2022-06-03,55.23925018310547,56.666174536130214,55.08790960895651,56.21215281368334,21216345
2022-06-06,53.98529052734375,55.62841481160977,53.0772469877243,54.936574765706425,16804433
2022-06-07,52.774566650390625,53.61774724039582,52.49350397950277,53.293447584444465,12374070
2022-06-08,53.61775207519531,54.115014561556364,52.796189903640276,53.31507088448245,16479076
2022-06-09,53.79071044921875,53.92043254836779,52.969148288596564,53.18534807584883,6529092
2022-06-10,53.055625915527344,53.87718801773264,52.79618544700616,53.18534429412333,4437382
2022-06-13,52.16920471191406,53.0772444976034,51.45574249444652,52.493504370279595,11549607
2022-06-14,51.9746208190918,52.8394235759137,51.47735839887017,51.671939668637684,7607706
2022-06-15,52.255680084228516,52.92590528668566,51.974621135000824,52.320542982097955,4254988
2022-06-16,50.74228286743164,53.3150691956654,50.5909422768691,53.05562871346239,8501832
2022-06-17,50.24502182006836,51.088206194609334,49.639659440670634,50.720662099025354,9665736
2022-06-20,48.83971405029297,50.93685993940146,48.42893301153963,50.24501623659104,11586255
2022-06-21,51.3476448059082,51.9746256567802,49.207258061900994,49.29373574770202,11081128
2022-06-22,49.98556900024414,51.23953043853399,49.423447459655584,51.02333070246038,10190722
2022-06-23,51.65031814575195,51.8016624343007,50.11529759299399,50.11529759299399,11007427
2022-06-24,52.88266372680664,53.18534116282012,51.520598563765496,52.27730143212168,12102801
2022-06-27,53.552886962890625,54.17986776951681,53.16372441459624,53.61774615049665,9985893
2022-06-28,53.81232833862305,54.02852810853461,52.5583629927435,53.271825202514975,12705169
2022-06-29,52.79618835449219,53.55289130907112,51.909767014173674,52.7745698606454,11866981
2022-06-30,51.08820343017578,53.33669002551119,50.69904086124107,52.77456837667734,18205247
2022-07-01,50.89362335205078,51.02334173721756,50.00720201564651,50.63418287038784,12737124
2022-07-04,50.74228286743164,51.4125044224002,50.18016120410355,50.93686415691625,6617729
2022-07-05,49.74775314331055,51.21791820866769,49.33697211003875,50.85037787016067,12597311
2022-07-06,50.461219787597656,50.590941883354844,49.142398893044536,49.68289834704269,12730923
2022-07-07,51.78003692626953,52.212436427111626,50.22339426964338,50.699034462835456,16538087
2022-07-08,51.45574188232422,52.32054467234042,50.85037955817996,52.104341191339486,9437024
2022-07-11,52.60160827636719,52.796189570788655,50.87200254357781,51.10982453801844,8102583
2022-07-12,51.23954772949219,52.32055419730674,51.06658862453338,52.32055419730674,7267099
2022-07-13,51.06658172607422,51.78004396856044,50.87200043969992,51.56384418873537,7743307
2022-07-14,51.5638427734375,51.758424054471035,50.80713985348999,51.196302415557064,8276924
2022-07-15,51.71518325805664,51.866523841755345,51.23953930281544,51.62870186413474,4783428
2022-07-18,54.525787353515625,54.914946174288254,51.95300133512765,52.10433819613498,11558866
2022-07-19,54.17987060546875,55.04467342702247,54.050148512137504,54.698751556135115,8349491
2022-07-20,54.72037124633789,55.73651089642676,54.460927071596615,54.61226765119779,10860268
2022-07-21,58.1363410949707,59.455165686560825,54.979814668373045,54.979814668373045,51491700
2022-07-22,57.16343688964844,58.893042501354444,56.79589653220999,58.46063924276332,18271809
2022-07-25,56.471595764160156,58.39577890759657,55.779752048515505,57.076954376187764,12806869
2022-07-26,56.19053268432617,56.903994887165204,55.77975164095395,56.42835465571556,7719349
2022-07-27,55.931095123291016,56.471598282197206,55.4122141690855,56.19053560039377,6623394
2022-07-28,55.52030944824219,56.57969347338356,55.26086899268314,56.471593592844705,6708771
2022-07-29,55.044673919677734,56.212157924790816,54.850092633604,55.95271744713561,11384100
2022-08-01,56.53645324707031,57.509355891305425,55.131147365770126,55.34735083996719,19130888
2022-08-02,57.63908004760742,58.417401448705746,55.412212018302824,56.622936672008564,19096782
2022-08-03,56.449974060058594,57.941757677917664,55.45545288526228,57.70393941401485,17096130
2022-08-04,56.23377227783203,57.963377809072334,55.10952905365874,56.622934821326275,19609051
2022-08-05,56.406734466552734,57.2715372800093,55.71489444258505,56.53645655866939,14898123
2022-08-08,55.585174560546875,56.860758482763096,55.41221547551038,56.53645880657114,10384944
2022-08-10,52.66645812988281,56.212150366640934,52.38539919660074,56.212150366640934,42421007
2022-08-11,53.57450866699219,53.70423076131072,52.536746757761264,53.1637276019775,35535057
2022-08-12,53.35716247558594,53.943984853762295,53.20502748594981,53.81357863720022,11216893
2022-08-16,55.87832260131836,56.11739882887368,53.53104399355785,53.90052272275977,33560975
2022-08-17,57.46490478515625,57.70398098584015,55.48710512889625,56.18259376494629,29004736
2022-08-18,57.13889694213867,57.81265309881653,56.660748254054866,57.33450441073273,13803763
2022-08-19,55.704444885253906,57.42143583018335,55.421899946334,57.42143583018335,12155064
2022-08-22,54.59600830078125,55.74791308768309,54.44386584982604,55.639243106345326,12977401
2022-08-23,53.94398498535156,55.269764734574466,53.18329138080547,54.11785621028982,14652587
2022-08-24,54.3134651184082,54.9437525228805,53.987455163867786,54.07438891320398,9927159
2022-08-25,54.29173278808594,55.704446326531546,54.11785782705122,54.6394752483512,20846292
2022-08-26,54.269996643066406,55.182828997315674,54.1178579173582,54.85681531028259,10504527
2022-08-29,52.63994216918945,53.24849332999517,52.292195983799026,53.031153363214415,19069895
2022-08-30,53.42237091064453,54.2482658096762,52.94421848317194,53.03115596651281,70877673
2022-09-01,54.617740631103516,54.813348089250596,53.05288842773077,53.29196089355325,24464794
2022-09-02,54.63947296142578,55.24802783777217,54.50907047700981,54.922017895830294,10764369
2022-09-05,54.487335205078125,55.09589009217709,54.422133961718096,55.008956344664384,7724193
2022-09-06,53.53103256225586,54.76987471786167,53.248487650853676,54.57426727626041,13421106
2022-09-07,53.4441032409668,53.59624197086387,52.94421830974751,53.531040724022894,12584688
2022-09-08,53.53103256225586,54.096118654158595,53.357157622654015,54.07438242125755,9239366
2022-09-09,53.770111083984375,54.72641216715353,53.59623985563637,54.11785727158244,13965408
2022-09-12,54.44386672973633,54.596009183150436,53.922249318524024,54.00918679736008,13205589
2022-09-13,55.813114166259766,56.3782003060964,54.422133185962046,54.704678121331334,19334470
2022-09-14,55.72617721557617,56.073923396661534,54.33519622213669,54.92201860226236,16066469
2022-09-15,56.052188873291016,56.42166754511385,55.31322779874349,56.052188873291016,20483804
2022-09-16,53.987457275390625,56.356471991871345,53.61797856628026,56.356471991871345,18769079
2022-09-19,53.37890625,54.335203716253446,53.183298762979184,54.335203716253446,9266445
2022-09-20,54.05265808105469,54.81335172942124,53.81358186845314,53.90051935138138,8168726
2022-09-21,53.31370162963867,54.487339015809,53.16156289722366,54.356936519968855,10163893
2022-09-22,52.90074920654297,53.50930412197065,52.09659055192968,53.18329415909247,13753822
2022-09-23,51.335899353027344,53.31370292237987,51.14029187362181,53.07462669967285,10698410
2022-09-26,49.03207778930664,52.357393202857715,48.727804097744794,52.357393202857715,23948925
2022-09-27,48.55393600463867,49.857979620001096,47.85844732007946,49.553702154599485,22636818
2022-09-28,46.44573211669922,47.98885202029633,46.20665961926181,47.98885202029633,54780826
2022-09-29,45.98930740356445,47.35855580786587,44.663527735560166,47.1629483599797,70687147
2022-09-30,47.38029098510742,48.46699453027116,45.206883894779956,46.206653693343924,45500166
2022-10-03,47.56503677368164,48.83648356359645,47.336832393386764,48.83648356359645,26165662
2022-10-04,47.14122009277344,48.771273599509286,47.010813872165485,48.771273599509286,13234878
2022-10-06,49.65150451660156,51.085954265318755,47.66283673389428,48.021447305622566,32852646
2022-10-07,50.01011657714844,50.205724045233545,49.12988856711866,50.107922176642056,9838831
2022-10-10,49.35809326171875,49.71670381944687,48.51046220197648,49.39069388233932,6821782
2022-10-11,47.695438385009766,49.78191180932307,47.53243154112372,49.553699989341354,10536954
2022-10-12,47.95624542236328,48.11925226055818,47.27162117902711,47.858443557987535,7003894
2022-10-13,46.52179718017578,48.2496562890379,46.358794067671305,47.923646333126854,10549087
2022-10-14,45.25035095214844,47.40202545860097,45.119944740741396,47.40202545860097,13759713
2022-10-17,45.11994552612305,45.413358574170736,44.72873434689593,45.28295236049377,6975262
2022-10-18,41.66423034667969,42.93567702602001,41.273019140722944,42.70746520376721,157739503
2022-10-19,41.403419494628906,42.251050570423466,41.2404126575372,42.055443112093805,30965580
2022-10-20,41.403419494628906,42.055443112093805,40.392785312644584,41.403419494628906,24310830
2022-10-21,40.490596771240234,41.63163360342502,40.36019053650062,41.59903297746575,26618376
2022-10-24,40.94700622558594,41.207814944799715,40.55579501221637,41.01221120356604,3543192
2022-10-25,40.490596771240234,41.11001612627155,40.29498928458206,41.07741550031227,39201670
2022-10-27,41.566429138183594,41.729432255378924,40.5883955114028,40.718798005159066,26598516
2022-10-28,41.827239990234375,41.990246846647,41.24041754569037,41.72943438402584,14994022
2022-10-31,42.055442810058594,42.70746269193884,41.59902665420127,42.70746269193884,19475290
2022-11-01,42.47925567626953,43.489889787505334,42.05544016804107,42.28364823163319,18705784
2022-11-02,42.15324401855469,42.772667000715224,41.99024091606654,42.57705954682759,7536579
2022-11-03,42.088043212890625,42.348851910471154,41.79463389447527,41.957640729551315,8861697
2022-11-04,42.41405487060547,42.54446109013028,42.02284367383516,42.15324616245791,15548622
2022-11-07,43.392086029052734,44.07671024869136,42.64226056875381,42.83786802163654,25600456
2022-11-09,44.53313064575195,45.022147459183934,43.587697642329836,43.65289888921351,22203240
2022-11-10,45.93497848510742,46.782605862315734,44.141914401444076,44.66353182294182,50365543
2022-11-11,46.32618713378906,48.60826789075534,45.25035172757774,48.41266043574368,63710211
2022-11-14,47.53242874145508,47.956244272054704,46.16318401852826,46.554395197549404,35562411
2022-11-15,48.249656677246094,48.38006289920099,47.20642182521538,47.76063987399393,13874194
2022-11-16,47.04341506958008,48.314861745165054,46.58699888822683,48.249656768613065,17303617
2022-11-17,47.79323959350586,47.956246435143264,46.55439729740691,46.81520600548553,15579175
2022-11-18,47.076011657714844,48.11925015321154,46.652199866411806,47.923642702124546,12967971
2022-11-21,46.619598388671875,47.33682699716134,46.22838719328913,47.010813314956664,9486129
2022-11-22,46.586997985839844,47.01081353615889,46.29358865519668,46.94561229177198,7414236
2022-11-23,46.586997985839844,47.01081353615889,46.45659549706602,46.815206072096096,5084847
2022-11-24,46.71739959716797,47.01080889886834,46.13057726286554,46.61959400933338,12069690
2022-11-25,47.85844421386719,48.1192529200121,46.71740379266942,46.91301125500362,9868503
2022-11-28,47.662837982177734,48.314861629826154,47.4998311375401,48.05404918604509,8666557
2022-11-29,47.79323959350586,48.54306509559464,47.53243088542724,47.66283710491758,14081674
2022-11-30,48.73867416381836,48.96688225726234,47.59763369659846,47.79324116682218,16875408
2022-12-01,48.249656677246094,49.06468343903232,48.02144858700161,48.901680325216354,14673216
2022-12-02,48.249656677246094,48.80387845692677,47.59763302927583,48.249656677246094,18909721
2022-12-05,49.195091247558594,49.74930931421102,48.05405075953693,48.38006445948726,26087724
2022-12-06,47.95624542236328,49.29289328757705,47.72803734125122,49.195087692299325,21450112
2022-12-07,47.597633361816406,48.41266386019897,47.499831492843526,48.24965701434202,23396460
2022-12-08,48.02145004272461,48.47786623704939,47.369430105891134,47.76064132181077,20132298
2022-12-09,47.662837982177734,48.54306598905587,47.04341495727642,48.28225727617693,22704313
2022-12-12,47.43463134765625,47.98884941316834,46.65220518500938,47.66283944479103,17468923
2022-12-13,46.94561004638672,47.82584172711722,46.88040880511835,47.66283489304442,14304427
2022-12-14,47.10861587524414,47.59763267485499,46.847810895080585,46.97821338516236,33191179
2022-12-15,46.65220260620117,47.56503121337936,46.45659514362655,47.36942748170677,13591317
2022-12-16,46.00017547607422,46.75000091649778,45.67416555051233,46.55439346879995,18883765
2022-12-19,46.00017547607422,46.163182304306034,45.31555127458268,46.065376715006245,23656935
2022-12-20,45.315555572509766,46.06538108405009,44.76133752721955,45.96757921637609,22206750
2022-12-21,45.77197265625,46.65220440634992,45.44596269331404,45.73937203304662,37862013
2022-12-22,44.98954391479492,46.423993638517345,44.728735213291024,46.03277872081052,40355697
2022-12-23,43.620296478271484,44.663531309268784,43.09867906277284,44.53312882084514,37926798
2022-12-26,46.750003814697266,46.91301065303446,43.22908446146894,43.62029565021544,24666718
2022-12-27,47.89104461669922,47.98884648196792,46.75000420072104,46.847809796891745,28732896
2022-12-28,48.47786331176758,48.803876991414036,47.20642040767205,47.85844403606294,26449375
2022-12-29,48.54306411743164,48.80387655115683,47.336826198688016,47.923644847314755,18013203
2022-12-30,48.34746551513672,48.934284225988264,48.217059284446165,48.83648235114713,16042926
2023-01-02,49.35809326171875,49.61890195758517,48.34745909887364,48.44526096073535,16344105
2023-01-03,49.5863037109375,49.7819111749276,49.06468256332987,49.35809562476605,10859731
2023-01-04,48.77127456665039,49.716707559374335,48.282257758751946,49.68410693630139,8710752
2023-01-05,49.227691650390625,49.32549725229757,48.2496580167345,48.86908105913775,7324356
2023-01-06,49.0972900390625,49.48850126102217,48.44526636125998,49.19509191182684,8076379
2023-01-09,50.17312240600586,50.36872987012852,49.42329690262071,49.488498147027585,15335931
2023-01-10,51.34676742553711,51.80318363343998,50.07532440689476,50.30353251084619,36685590
2023-01-11,50.33613204956055,51.67277628880726,49.91231647552284,51.509769437815315,13978857
2023-01-12,50.95555114746094,51.05335674999427,50.01011813141816,50.53173557525509,18534366
2023-01-13,50.36872863769531,50.8251447991798,48.0540472088671,50.8251447991798,41603080
2023-01-16,49.260292053222656,50.59694000304162,49.162490182656384,50.401332531006865,11901637
2023-01-17,48.380062103271484,50.3361292840997,47.76063908825492,48.054048419198736,56133672
2023-01-18,48.510467529296875,48.67347438120267,48.11925630798617,48.44526628089547,10135534
2023-01-19,48.44526672363281,48.608273577028314,47.825847396354085,48.28225987023731,11815812
2023-01-20,47.597633361816406,48.44526448318992,47.23902277801371,48.28225763733298,33414445
2023-01-23,47.79323959350586,48.02144767943741,47.20642093305448,47.66283710491758,12076575
2023-01-24,48.11925506591797,48.412664407053,47.728040123803126,47.82584572478294,10079661
2023-01-25,47.36943054199219,48.184457335988604,46.88041371941389,48.11925608788543,10755367
2023-01-27,46.68480682373047,47.79324297885314,45.83717566425801,47.33683050556295,19400304
2023-01-30,47.662837982177734,47.858445449562474,46.00018010576065,46.68480437615617,19037101
2023-01-31,49.227691650390625,50.010117811135075,47.82584617814515,47.923648049149875,23899842
2023-02-01,48.31486511230469,49.71671064598409,47.33683143578761,49.48850253940327,13454178
2023-02-02,48.86907958984375,49.162488924938515,47.402029183467796,48.11925407531174,21250107
2023-02-03,49.48849868774414,50.205723576762324,48.640871308487434,49.09728748612647,21671890
2023-02-06,51.24896240234375,51.50976738408878,49.09728772482817,49.48849892834784,22104030
2023-02-07,52.22699737548828,52.55300734211093,51.11855751952771,51.248963744718104,39149149
2023-02-08,52.65080642700195,53.1072225946654,51.50976600784333,52.22699461208762,41891415
2023-02-09,51.705379486083984,53.43323876134209,51.11856076275197,53.43323876134209,37864893
2023-02-10,52.292198181152344,52.911617485596125,51.57497327591595,51.80318136989581,20582980
2023-02-13,51.868377685546875,52.683404383192006,51.57496837286677,52.45519631090708,12741529
2023-02-14,52.16179275512695,52.81381642374555,51.346765967530395,52.09659150753577,13355443
2023-02-15,52.22699737548828,52.781215438017455,51.90098367796341,52.35739986977646,8324116
2023-02-16,52.25959777832031,52.68340961386895,52.12919155368075,52.422600895492025,11105386
2023-02-17,51.966182708740234,52.52040447853397,51.542370889477105,52.3573976367238,7559548
2023-02-20,53.43323516845703,54.93288623249242,53.009423332726826,53.46583579190534,46480078
2023-02-21,53.56363296508789,53.79184102422045,53.009414991866656,53.75924040590174,12453493
2023-02-22,53.498435974121094,53.759244672270306,53.00941919872859,53.139821682352235,19416834
2023-02-23,53.69404602050781,53.92225037785713,52.8464149124591,53.531039177213344,14527701
2023-02-24,53.759246826171875,54.11785740140681,53.23762940897449,53.791847448383955,8509320
2023-02-27,51.15115737915039,53.922251381311824,50.66214057106883,53.922251381311824,15409105
2023-02-28,51.9335823059082,53.074622741594595,51.3793642646757,51.3793642646757,18410106
2023-03-01,53.07461929321289,53.20502550491943,52.031384523167915,52.16178700397262,11773822
2023-03-02,52.65080642700195,53.074621972818306,52.48779958686443,52.81381326713948,6612655
2023-03-03,52.19438934326172,53.205027257293985,51.933580642160415,53.17242290511711,13098846
2023-03-06,54.24826431274414,54.67207986870832,53.46583444607115,53.46583444607115,27097054
2023-03-08,54.47646713256836,54.606869610465374,53.596235483156505,53.88964478932654,10075456
2023-03-09,53.92224884033203,54.70467868111378,53.40063143374552,54.57427246401616,9390082
2023-03-10,54.150455474853516,54.280861688465905,53.04201944820669,53.49843559949722,7752126
2023-03-13,52.03138732910156,53.92224951905249,51.70537364770496,53.53103832463942,11594085
2023-03-14,51.37936782836914,52.29220024023267,50.98815287159839,52.0965927618473,11070147
2023-03-15,50.075321197509766,52.09658964790359,49.55370004269326,51.705374714516736,7833699
2023-03-16,44.66353225708008,46.48919698097009,43.06607935457844,46.48919698097009,629861299
2023-03-17,44.207122802734375,45.511166457523665,43.29429037893068,45.25035772656581,42735310
2023-03-20,42.74007034301758,44.04411393834116,42.47926162395286,43.39209027522826,50692723
2023-03-21,42.74007034301758,43.2290871576267,42.08804667990468,43.098680932643234,33706230
2023-03-22,42.67486572265625,43.29428876743911,42.47926197989537,43.00087942239554,32063304
2023-03-23,42.54446029663086,42.674862782821464,42.08804413315977,42.674862782821464,21396952
2023-03-24,42.21844482421875,43.196478352670184,41.85983427154075,42.544458487637115,20444788
2023-03-27,41.827239990234375,42.316256828569855,41.40342440210299,42.218451222361324,26154885
2023-03-28,41.012210845947266,42.02284509045091,40.294985941637876,41.9250394897847,33483847
2023-03-29,42.088043212890625,42.38145253130598,40.849200966657634,41.01220780173368,30268953
2023-03-31,43.750701904296875,43.815903147326445,42.25105092920485,42.64226211828426,22257579
2023-04-03,44.07671356201172,44.304921652379385,43.7181029805209,44.2397204068178,11383434
2023-04-05,44.04410934448242,44.304918036344446,43.58769320099842,44.07670996460245,8557086
2023-04-06,44.27232360839844,44.4027298380197,43.68550117145625,44.01151488005825,7116240
2023-04-10,44.3049201965332,44.66353076624019,43.750702165666944,44.43532641427338,10099228
2023-04-11,44.565731048583984,44.793939142449375,44.14191548413366,44.337522954718594,10143691
2023-04-12,44.89174270629883,45.576363225929214,44.533128404680994,44.89174270629883,19766322
2023-04-13,44.53313064575195,45.413362402290396,44.207120680431366,45.08734870606761,8728773
2023-04-17,44.89174270629883,44.989544571702595,43.946309750454375,44.467927161078485,9565654
2023-04-18,44.79393768310547,45.18515261152993,44.53312897445652,45.1525482584095,13915387
2023-04-19,44.98954391479492,45.34815448027455,44.402725269136646,44.79393645594151,15196144
2023-04-20,45.641563415527344,45.706768388526086,44.793936075562996,45.11994601694899,9237451
2023-04-21,45.674171447753906,45.96758079173346,45.25035587817109,45.96758079173346,9679335
2023-04-24,46.19578552246094,46.35879235986251,45.18515133855549,45.77196998375802,16817200
2023-04-25,46.391395568847656,46.61959993067623,45.967580006504555,46.29358996859039,11150157
2023-04-26,46.84781265258789,47.27162449215517,46.195788985011895,46.39139645837491,22892986
2023-04-27,47.27162170410156,47.43462854410707,46.619598074981546,47.01081299863396,11086020
2023-04-28,47.85844421386719,48.15185354191747,47.27162182686461,47.33682680157736,12593839
2023-05-02,48.999481201171875,49.3906961282116,47.92364574816571,48.24965570009745,17442015
2023-05-03,48.73867416381836,49.195090350706316,48.575667316814894,48.869080387601564,10144740
2023-05-04,49.260292053222656,49.39069827821323,48.640872744498516,48.73867461506479,10833310
2023-05-05,49.0972900390625,49.6189074889436,48.86908193837673,49.03208505965064,16258624
2023-05-08,49.5863037109375,49.91231366365297,49.09728691641327,49.12988753859461,16566717
2023-05-09,49.48849868774414,50.27092855278369,49.16248873124573,49.781911752585025,12273862
2023-05-10,51.0533561706543,51.183758664682635,49.61890635092937,49.684107597943544,18543394
2023-05-11,50.759944915771484,51.70537415456381,50.59693807347526,51.31416295631576,18639718
2023-05-12,51.08595657348633,51.640174632517116,50.596939761188054,50.85774847902032,25613259
2023-05-15,51.28156280517578,51.64017338443966,50.988149740166484,51.216357829116994,8074477
2023-05-16,51.118553161621094,51.933579874147014,50.79254322279111,51.41196247965827,9653889
2023-05-17,50.89034652709961,51.34676269293485,50.10792041319719,51.2489608277853,10742950
2023-05-18,51.28156280517578,52.096589562340675,50.988149740166484,51.08595533880362,22690428
2023-05-19,52.25959777832031,53.00942331001677,50.40133239534524,51.47716789228732,29186566
2023-05-22,52.09659194946289,52.94421936804534,51.672776374720534,52.55300814827739,23451744
2023-05-23,53.10722351074219,53.85704901886573,52.38999862502809,52.52040484556797,27030217
2023-05-24,53.17242431640625,53.72664608549575,52.55300503393841,52.94421623052282,12348568
2023-05-25,53.27022933959961,53.40063182675496,52.5204038457503,53.13982312154224,14993076
2023-05-26,52.65080642700195,53.72664560246638,52.1617896374914,53.59623938417595,35897061
2023-05-29,52.52040100097656,53.46583017434961,52.03138423882762,53.46583017434961,18816135
2023-05-30,51.835784912109375,52.91162046509408,51.67277805554408,52.520409232600734,9884769
2023-05-31,51.5423698425293,51.99878227470323,51.08595367945338,51.868379788625525,42198186
2023-06-01,51.44456481933594,52.12918907156554,51.281561709925576,51.50976606310009,9208801
2023-06-02,52.38999938964844,52.48780125830418,51.54237200192562,51.83578133879497,8925031
2023-06-05,52.781211853027344,53.107221797506845,52.422597556288125,52.813812474385095,11033119
2023-06-06,52.42259979248047,53.20502966205054,52.194391702339544,52.68340850536978,14735572
2023-06-07,52.48780059814453,52.78121366222565,52.129190020015066,52.618206818947485,10022286
2023-06-08,52.781211853027344,53.62883920103483,52.38999693493037,52.781211853027344,19477347
2023-06-09,53.302833557128906,53.596242903923475,52.55300801269733,52.97681985544404,18377637
2023-06-12,54.60687255859375,55.0306880964436,53.368030297180454,53.759245213796,29255616
2023-06-13,55.16109848022461,55.35670222241014,54.313467340478375,54.99809163083444,15117034
2023-06-14,54.150455474853516,55.356697094435106,53.922247399208246,55.32409647375748,9889413
2023-06-15,53.56363296508789,54.443860852397805,53.13981746514148,54.150451556627836,14896459
2023-06-16,53.82444763183594,54.41126628867392,53.400632084729594,54.215662556995944,24921823
2023-06-19,52.9442138671875,54.31346232136727,52.813811384447646,54.28086170068231,16915311
2023-06-20,53.59623718261719,53.9874520905166,52.81381109772022,53.302827867143556,18593254
2023-06-21,55.97612380981445,56.20433190066567,53.75924787790413,53.85704974645373,38777167
2023-06-22,55.2588996887207,57.540976898308145,55.06329221797842,56.36733580475665,40951209
2023-06-23,54.18306350708008,55.226298363238435,53.04202305134304,55.16109711745407,24648064
2023-06-26,55.32410430908203,55.552312417047474,54.08526189337068,54.18306750015724,20644776
2023-06-27,55.45450210571289,55.87831390097859,55.06328719988102,55.42189775447536,19798344
2023-06-28,55.94352722167969,56.334738454994884,55.12849666804342,56.00872847208182,29239720
2023-06-30,55.87832260131836,56.334738818886294,55.61751386712275,56.00872883386738,16270116
2023-07-03,56.139129638671875,56.33473337223005,55.61750848981054,56.269532127710654,9357436
2023-07-04,55.51970291137695,56.399930846249134,55.29149483991339,56.399930846249134,10656460
2023-07-05,58.87762451171875,61.061899839233526,57.80178529407293,59.33403696637515,91076451
2023-07-06,59.69265365600586,60.57288543899672,58.68201937532884,59.23623745229966,32863102
2023-07-07,59.56224822998047,60.08386565688477,59.04062707217404,59.56224822998047,14045424
2023-07-10,59.20363235473633,60.279467802971475,58.84501805138992,59.986058474443894,9220122
2023-07-11,60.24686050415039,60.89888406376382,59.2036257934902,59.529635707846104,23057428
2023-07-12,60.73588943481445,61.485715000003374,60.37727883011643,60.67068818503343,21011205
2023-07-13,61.9747314453125,63.278775087241776,61.42051336385535,62.49635263298656,51782271
2023-07-14,62.65935134887695,62.757153216053766,62.10513330640419,62.4963482369156,22201584
2023-07-17,62.594154357910156,63.14837243804686,62.496352484086856,63.017969939615796,12381352
2023-07-18,62.88756561279297,63.14837060207246,62.43114568884717,62.85495752732857,13602376
2023-07-19,62.72455596923828,63.31137466568348,62.59415347265148,63.18097216909667,7568469
2023-07-20,63.050567626953125,63.115768873131195,62.10513463376244,62.724553934258445,10056472
2023-07-21,63.24616622924805,64.02859604345221,62.300737043738096,62.59414635861373,22704619
2023-07-24,63.278770446777344,63.5069822646445,62.95276422383019,63.24616982448263,13729512
2023-07-25,64.06119537353516,65.52824564926497,63.08316185638195,63.70258109409803,28335930
2023-07-26,64.61542510986328,65.00664008015426,64.32201201669382,64.41982135562026,10292223
2023-07-27,65.43045806884766,65.65866245714295,64.45242433825743,65.00664245735119,13267123
2023-07-28,63.57217788696289,65.78904985416179,62.52894314218653,65.78904985416179,30132093
2023-07-31,64.09380340576172,64.3872164795623,63.01796790483364,63.86559904087583,13546888
2023-08-01,64.48502349853516,64.87623847423465,63.9308053920463,64.09380852283566,8435149
2023-08-02,63.11576843261719,65.13703689724734,62.202936068886615,64.45241635535155,14917627
2023-08-03,63.24616622924805,63.44177741370095,62.26813269239471,62.98536126571581,13528398
2023-08-04,63.050567626953125,64.48501742828367,62.46374521864399,63.24617136548734,10489303
2023-08-07,64.32200622558594,64.5176174240224,62.72455332434337,63.05056701386799,11200576
2023-08-08,63.963401794433594,64.87623419018594,63.83299183660859,64.6806229843507,10941921
2023-08-09,64.32200622558594,64.55021804679444,63.63738568556891,64.55021804679444,5965650
2023-08-10,62.46373748779297,64.90882495677715,62.07252632824079,64.28939827114043,31077909
2023-08-11,64.10493469238281,67.61708329275712,63.48128396271101,64.92553289806226,70453902
2023-08-14,63.34999084472656,64.46599899861228,61.44620780999323,64.46599899861228,14034900
2023-08-16,63.317169189453125,63.514109158476636,62.36527389056053,62.52939428780258,10083418
2023-08-17,62.03703689575195,63.678225843761105,61.8400931702019,63.678225843761105,13748719
2023-08-18,61.840087890625,62.26679863348831,61.21643343902564,62.10267825014346,12099742
2023-08-21,62.824806213378906,62.95610327872128,61.741621388957675,61.97138843601506,8188275
2023-08-22,62.56221389770508,62.95610132512039,62.23397687911826,62.95610132512039,6357115
2023-08-23,62.13550567626953,62.92328056320423,62.037035693597225,62.890453479257744,8668861
2023-08-24,62.26680374145508,62.7263378474068,62.1683300008145,62.365273725706544,9815947
2023-08-25,62.95610427856445,63.80952582587101,61.90573900831107,62.29962645420473,16118761
2023-08-28,62.988929748535156,63.87517465374193,62.693512275873424,63.28433970841847,9407541
2023-08-29,63.317169189453125,63.44846250213546,62.62786427231433,63.02175172313961,11783785
2023-08-30,63.12022399902344,63.8423522705473,63.05457734029918,63.44846480542324,7547463
2023-08-31,62.89045333862305,63.48128450250287,62.660686289845735,63.31716786508267,13079830
2023-09-01,64.20340728759766,64.43317810016377,62.43092500804263,62.89045536400736,12505060
2023-09-04,67.19036865234375,67.61707939418324,64.40034843689729,65.05682245592395,36375070
2023-09-05,65.61483001708984,67.87967714897158,65.35224340051109,67.87967714897158,19532676
2023-09-06,65.05682373046875,66.14000851255584,64.85988377473574,65.94306855682281,10453140
2023-09-07,65.18811798095703,66.3041336179842,64.82706139020321,65.41788877876004,14953033
2023-09-08,65.35224151611328,65.84459892077957,65.18811737270599,65.64765145124639,9742446
2023-09-11,66.36978912353516,66.56672910839686,65.54919082772041,66.40261245434544,16661668
2023-09-12,64.00646209716797,66.6651890560931,63.57975134814982,66.59954240436379,23895127
2023-09-13,64.0392837524414,64.40034784031118,62.82480194518727,63.80952047738269,10872583
2023-09-14,64.69577026367188,64.95836442724588,64.03929612390532,64.9255410958965,9136813
2023-09-15,64.63011932373047,65.38507092036119,64.40035601949063,64.85989014074879,10279875
2023-09-18,65.15528869628906,65.87741683731618,63.809517410080915,64.69575465548377,13756206
2023-09-20,64.76141357421875,65.58201184103572,64.49882693701561,65.3194252038326,7792902
2023-09-21,63.25151824951172,64.72859063093173,62.89045786481295,64.66294397123912,9700374
2023-09-22,63.12022399902344,63.5141114641475,62.529396557726606,63.25151731647195,11769472
2023-09-25,63.54693603515625,63.940823507976496,62.72634151590162,63.34999605513546,7286166
2023-09-26,63.97365188598633,64.17059188154718,63.41564771911799,63.54694104949189,8668770
2023-09-27,63.80952072143555,63.97363734710518,62.956099242398345,63.71104323325621,18126483
2023-09-28,62.69350814819336,64.20340371541104,62.39809445137059,63.80952379483262,15010879
2023-09-29,63.021751403808594,63.743872132680735,62.7919843513896,63.1202213878214,15959247
2023-10-03,62.857627868652344,63.34998903329804,62.16832674581507,63.054571583232836,10168356
2023-10-04,60.88819885253906,62.72633519872896,60.46149184907837,62.66068478894435,14032089
2023-10-05,60.88819885253906,61.643146635755926,60.59278515586968,61.21643587590628,11089231
2023-10-06,60.82255172729492,61.150788748115744,60.46149138003091,60.92102170662449,5646508
2023-10-09,59.3783073425293,60.166078506260504,59.18136361249919,60.00196186155976,7824195
2023-10-10,61.249267578125,61.5118579678999,59.41113109331149,59.41113109331149,18993229
2023-10-11,62.627864837646484,63.1858689343617,61.38055957395938,61.61032662961668,21932067
2023-10-12,62.66068649291992,62.890453542441875,62.16832906628561,62.463746527377445,8441802
2023-10-13,61.93856430053711,62.759158739954636,61.87291389052809,62.06985760777721,11952223
2023-10-16,63.90800094604492,64.10494092843261,61.840097323469735,62.79198893056777,13268203
2023-10-17,63.87516784667969,64.66293516852933,63.54692708012207,64.59728851777332,10335012
2023-10-18,63.25151824951172,64.07211652122683,62.92328495104858,63.87517654214894,5709649
2023-10-19,63.153045654296875,63.3499931380274,62.46374824318586,62.95610568334468,7593751
2023-10-20,61.249267578125,63.28434028158852,60.9538538591769,62.956106989856444,9394584
2023-10-23,60.921024322509766,61.8729158557912,60.33019690838499,61.8729158557912,12112683
2023-10-25,60.36302185058594,61.872917510520196,59.73936733554047,61.84009418178978,7835080
2023-10-26,60.36302185058594,60.82255596559014,58.22947167560621,59.73936733554047,21076773
2023-10-27,60.724082946777344,61.183617067258716,60.19890216805271,60.69125961765571,5618437
2023-10-30,60.6256103515625,61.05232112456699,59.67371882242436,61.019497796857266,6584886
2023-10-31,60.36302185058594,61.380560066785584,60.198901450544675,61.380560066785584,7227289
2023-11-01,60.33019256591797,61.05231699586487,60.067602205608985,60.85537328653593,6053035
2023-11-02,60.395843505859375,60.98667467580359,60.13325312690275,60.85537760813074,8720628
2023-11-03,59.476783752441406,61.05232615054488,59.27984001358113,60.55996868158887,10547119
2023-11-06,60.36302185058594,60.49431892189679,59.34548363438629,60.33019852185552,10177891
2023-11-07,60.36302185058594,60.85537929432056,59.870664406851326,60.42866850804677,10379964
2023-11-08,60.95384979248047,61.44620721000813,59.903484547069525,60.625609009869365,9987193
2023-11-09,59.08289337158203,61.282090208616864,58.426415526434724,61.05232315063477,26728344
2023-11-10,58.032527923583984,60.06760422343942,57.310403469379004,59.08288940010435,26106264
2023-11-13,58.853126525878906,59.70654434689835,58.360769079339825,59.70654434689835,14424292
2023-11-15,59.509605407714844,59.70654538464207,58.39359342318085,59.70654538464207,21373297
2023-11-16,59.80501174926758,60.067602109154905,59.14853397135486,59.50959806394294,10942137
2023-11-17,59.115718841552734,59.80502004046553,58.88595177524847,59.77219671047768,15039484
2023-11-20,58.36076736450195,59.44395221250459,58.16382364039536,59.41112888455167,13839805
2023-11-21,58.09817886352539,58.721829627579375,57.93405846206365,58.42641591005963,9720522
2023-11-22,57.572994232177734,58.32794201813749,56.98216308030338,58.1966449544802,14601499
2023-11-23,57.868408203125,58.360765620483626,57.244753721489204,57.244753721489204,10244439
2023-11-24,57.44169616699219,58.13099728729943,57.31040286201304,57.9340535734418,9430222
2023-11-28,59.05006790161133,59.27983495126201,56.982164454755186,57.901232653357916,20684302
2023-11-29,60.75690841674805,61.51185623563914,59.11571570958132,59.41112942021016,38956030
2023-11-30,60.42866897583008,61.01950016671881,60.06760860061132,61.01950016671881,24178086
2023-12-01,61.11796951293945,61.61032695532379,59.936310899939194,60.98667619837786,21828052
2023-12-04,61.01949691772461,62.26680213466886,60.82255319791467,62.0370350876221,22662147
2023-12-05,61.249267578125,61.70879794293914,60.559966396319936,61.08514717586973,16032783
2023-12-06,61.610328674316406,62.365276523276954,61.21644120686339,61.5775053447602,20365620
2023-12-07,61.2820930480957,61.807273845991894,60.921028901798714,61.708800098643,11059675
2023-12-08,62.36527633666992,62.66069005818112,61.117971035319876,61.3149147684571,21478791
2023-12-11,63.64540481567383,64.33470975820464,62.627866579345984,62.72634032387436,47758251
2023-12-12,62.39809799194336,64.2034073584201,62.00421429262636,63.97364405837886,19586982
2023-12-13,62.72633743286133,63.34999193149967,62.13550626208988,62.66068702073844,15024408
2023-12-14,64.85989379882812,65.02401045396986,62.89046012962226,63.5797613503859,42141489
2023-12-15,64.49882507324219,65.58200994596234,64.20340760214653,65.48353995985657,25425507
2023-12-18,64.3018798828125,65.22094052466117,64.00646243569051,64.72858312130971,13382241
2023-12-19,63.25151824951172,64.69576730108543,63.12022493012646,64.69576730108543,16437145
2023-12-20,60.52714538574219,63.97364767040243,59.93631416882395,63.67823018374862,19958163
2023-12-21,61.67597198486328,62.10268275870516,59.21418483791261,59.739365595076876,16081480
2023-12-22,62.23398208618164,62.49657247429959,61.57750423769215,62.430925816367406,11373295
2023-12-26,63.08739471435547,63.382812163506415,61.938563269571,62.365270267387764,19490901
2023-12-27,63.284339904785156,63.48128739143023,62.56221915449572,63.349994075519135,15431011
2023-12-28,64.10493469238281,64.33470549559539,62.85762947665019,63.579753944325816,17843449
2023-12-29,66.92778015136719,67.51860750300949,64.00645920475966,64.49881658325782,103303900
2024-01-01,69.48805236816406,71.16206481976631,67.28885909766036,67.48579908745627,79068615
2024-01-02,68.93003845214844,71.49029552067265,67.91250029013526,70.83382146824485,33922234
2024-01-03,66.89497375488281,69.38958460302085,66.53390958254225,69.2582912722713,33251532
2024-01-04,67.9124984741211,68.60179583509922,67.02625364373651,67.09190029594606,32104879
2024-01-05,68.30638885498047,70.01322442459727,67.649907278931,68.47050549260379,36242838
2024-01-08,69.38957214355469,70.37428697292133,68.20790984064796,69.2911021631736,48036397
2024-01-09,70.27581787109375,71.68724347920127,69.65215962866107,70.07887039509153,51733212
2024-01-10,71.6544189453125,72.27807724263151,69.19263162446524,70.24300072576827,38273914
2024-01-11,72.14676666259766,73.06583480658685,71.68724010338073,72.01547335996425,54171232
2024-01-12,70.50558471679688,72.77043197197123,70.24299808592356,72.77043197197123,36360897
2024-01-15,70.50558471679688,70.50558471679688,70.50558471679688,70.50558471679688,0
2024-01-16,71.78571319580078,72.60630388565026,70.70252837651043,71.98265315829794,28529832
2024-01-17,70.96511840820312,72.0154799509568,69.94758019411186,70.24299766485186,26074947
2024-01-18,70.8010025024414,71.98265737215428,68.50333190824591,70.89947248945441,24343167
2024-01-19,71.91699981689453,72.83606791531058,71.12922501460154,71.32617247156344,17999988
2024-01-23,69.81627655029297,71.75288270597154,69.15979504861319,71.39181863132539,44544520
2024-01-24,72.2124252319336,72.57348183620134,68.4048591210669,69.61933727006921,31401241
2024-01-25,75.75740051269531,76.24975796185687,71.98265756486389,72.47501501402544,66744631
2024-01-29,76.41387176513672,77.4642332825765,75.23221693621151,76.31540178152265,33730098
2024-01-30,75.00244140625,77.00469433145551,74.67420814820169,77.00469433145551,15796419
2024-01-31,74.34596252441406,75.33067725983676,74.05054509867637,75.1665606415254,16940139
2024-02-01,75.62610626220703,76.34822700609453,74.60856053458178,74.96962466291473,26823478
2024-02-02,76.05281066894531,77.03752556978573,75.65893071883193,76.18411149842825,14048137
2024-02-05,76.84058380126953,78.25200946123526,76.0856322222825,76.67646715921944,15137983
2024-02-06,77.95658874511719,78.25200620127865,76.3482231816954,77.07034388941078,15072040
2024-02-07,80.28707885742188,80.5824963000736,76.74210710948944,78.5474125526084,25547152
2024-02-08,78.64588928222656,80.74661214770252,78.35047184242882,80.6809654972536,14054334
2024-02-09,79.5977783203125,80.35272229030997,76.93904398126452,79.10542094413073,20789388
2024-02-12,75.10091400146484,81.00920300561273,71.85135955685028,80.77943971697003,30103014
2024-02-13,75.79022216796875,77.72682859275302,72.14677261697133,77.72682859275302,41025993
2024-02-14,74.87115478515625,75.33068890021424,73.65667659643194,75.26504224274572,23923629
2024-02-15,74.34596252441406,76.01997456952176,74.0177217750141,75.95432792219722,16961917
2024-02-16,74.87115478515625,76.1841104728617,74.6085606425038,75.10091808629606,15701937
2024-02-19,74.28032684326172,76.74211404525767,74.18185685773754,75.49480502361651,11217888
2024-02-20,74.51009368896484,74.80551117237545,73.19714546059896,74.64139452202438,10597477
2024-02-21,74.24750518798828,75.3963367372169,73.95208771197993,74.51009182197036,17532744
2024-02-22,74.90397644042969,75.16657057721541,72.83607672525771,74.57573564764209,13317978
2024-02-23,75.9215087890625,76.54515948584567,74.70703072097011,75.95433211453647,15841140
2024-02-26,75.75740051269531,76.4466979364101,75.23221973444154,76.05281047452517,7830067
2024-02-27,75.72456359863281,76.11845098985444,75.03525878580069,76.11845098985444,13473025
2024-02-28,77.82530212402344,78.41612957433475,75.39633815027369,76.08563559017378,46088626
2024-02-29,78.25201416015625,78.58025497674514,76.54517092922858,77.03752839772253,38238361
2024-03-01,78.38330078125,79.10542901346018,77.43140925601355,78.35047745367481,26272923
2024-03-04,78.51459503173828,80.51684808891306,78.28483173596068,79.4336632404051,27703375
2024-03-05,82.35498046875,83.04428534784567,78.4489445298006,79.79472344885508,66481314
2024-03-06,79.33519744873047,81.27180395230295,77.36576761545531,81.27180395230295,694984567
2024-03-07,78.08788299560547,79.69624842369637,77.79246556430098,78.74435699399868,25374204
2024-03-11,76.34822082519531,78.05505631706316,75.4291526708135,78.05505631706316,34194975
2024-03-12,76.15128326416016,77.23446808275831,75.52762502442837,76.84058064523771,25512529
2024-03-13,72.34371948242188,76.44669559553826,70.57122971460424,76.15128564275415,46975041
2024-03-14,73.8536148071289,74.1490322714687,71.09641018255148,71.22771100713483,24998371
2024-03-15,73.09867095947266,74.57574341162561,71.78572267718936,73.8536226076477,35826564
2024-03-18,74.0833740234375,74.41161479765424,73.131482539709,74.0505506972936,17735347
2024-03-19,72.96736907958984,74.7726821470602,72.73760578659883,74.0505539149608,19219557
2024-03-20,73.59101867675781,74.14903026236654,72.31089389578673,73.4597253685101,18882471
2024-03-21,75.65892028808594,76.18410099527803,74.24749478976425,74.54290471162248,37905846
2024-03-22,76.34822082519531,76.67646159826819,75.29785936669545,76.47951412931336,22605883
2024-03-26,76.97187042236328,77.332934516258,75.03526416344289,75.03526416344289,15085734
2024-03-27,77.00469207763672,77.6939969249186,76.57798134188543,77.26728618916731,13128432
2024-03-28,76.87339782714844,77.59552599033997,76.6436345560822,77.46422517981044,18315744
2024-04-01,78.87566375732422,79.03978040674733,76.90623391313247,76.90623391313247,13253416
2024-04-02,79.40084075927734,80.41837896270128,78.87565999340622,79.30237077432243,26424223
2024-04-03,79.0397720336914,79.36801281054416,78.58024546398654,79.30236615772918,11443332
2024-04-04,78.51459503173828,80.94355886527825,77.8581209595955,79.07260663275459,25639474
2024-04-05,78.38330078125,78.71154156977991,77.39858592843837,78.25200747094928,12842899
2024-04-08,79.17107391357422,79.49930718204986,77.92376495503294,78.38329904367679,12148297
2024-04-09,77.33293914794922,79.40083883294643,76.74211173977547,79.33519217790247,10797178
2024-04-10,78.12071228027344,78.38329889455439,77.16882077794914,77.4642307190152,16170637
2024-04-12,79.13825988769531,80.84509562270364,77.62836413691835,77.98942077467585,33069286
2024-04-15,79.30237579345703,79.63061661019306,76.67647179790505,77.56270923136846,22711540
2024-04-16,81.56722259521484,82.51911419571975,77.62836287251278,77.62836287251278,44835511
2024-04-18,82.6175765991211,85.30912698982802,82.05957252468593,83.20840400071256,77434396
2024-04-19,83.40534210205078,83.89769951118397,79.59778364745789,82.38780395736072,29621212
2024-04-22,83.83206176757812,84.65266004093503,79.82755541608685,83.10994099673582,53454127
2024-04-23,83.63511657714844,84.98089555802582,82.58475505985132,83.79923321648293,20074206
2024-04-24,83.30687713623047,84.58700948212692,82.71604971226992,84.58700948212692,14101944
2024-04-25,83.50382995605469,83.89770992201535,82.71605499857579,82.97864164254956,15323953
2024-04-26,86.06407928466797,86.85184665601359,83.66793881763464,84.06182625969647,57540150
2024-04-29,85.86713409423828,87.27855975009803,85.21066001516934,86.75337898428722,18722745
2024-04-30,86.12973022460938,87.57397924217061,85.89995940831771,86.52361768626761,21953337
2024-05-02,85.47325897216797,86.49079723282863,84.84960067348275,85.9984397675806,16745535
2024-05-03,86.12973022460938,86.81902764792746,85.11219199777968,85.86713607924439,14623228
2024-05-06,83.93052673339844,86.85184799737242,83.37252264551708,86.85184799737242,13162159
2024-05-07,82.3221664428711,84.45571294836142,80.71380073123652,84.35724295815947,17769252
2024-05-08,84.5213623046875,84.71830227386846,82.19086843882155,82.38780840800251,12858696
2024-05-09,82.38780975341797,85.76866520234915,82.05957646608957,85.11219111491397,17142588
2024-05-10,83.76641082763672,84.35723824864225,82.28933851873377,82.78169595503475,21527007
2024-05-13,82.09239959716797,83.70076523953979,80.38555645605635,83.70076523953979,27284988
2024-05-14,83.73358154296875,84.22593894424563,81.89544524146102,82.28933266503806,12772726
2024-05-15,82.94580841064453,84.22594068554108,82.28933436629593,84.19311735896255,12439588
2024-05-16,83.5366439819336,83.9633472308632,82.48627498469608,83.56946730877434,8724822
2024-05-17,84.91524505615234,85.40760250819399,83.7335901763638,84.25877095768966,18197251
2024-05-21,86.3923110961914,87.57397340236788,84.88241552116975,85.01371634148578,30216357
2024-05-22,87.50833129882812,88.95258029517832,86.45796975835131,86.91749635862887,33427041
2024-05-23,90.16706085205078,90.92201245507867,85.99843790900543,88.09916104525573,33918772
2024-05-24,92.00518798828125,92.43189874054704,89.64187094415111,90.49529244868268,45794625
2024-05-27,94.33567810058594,95.64862612053629,91.84106033456978,92.56318850704221,42460551
2024-05-28,93.21966552734375,95.02497850404602,91.77541664853749,95.02497850404602,19186863
2024-05-29,96.96158599853516,97.78218418236182,91.87389528947658,93.12119671560419,65112288
2024-05-30,99.58749389648438,100.2111446360228,93.4166181309923,98.34019241740754,166704804
2024-05-31,99.29208374023438,103.03399568245217,98.47148552328099,101.39280676132353,111308170
2024-06-03,98.11042022705078,104.83930749452323,97.81501028169849,104.83930749452323,47148160
2024-06-04,93.3181381225586,99.09513379982103,88.29609398818343,99.09513379982103,75212941
2024-06-05,99.8172607421875,100.44091145697699,93.2196669525429,93.54790772953739,47792667
2024-06-06,100.07984924316406,101.8851622815531,98.14324289660944,100.76915413658948,47578168
2024-06-07,102.86988067626953,103.72330223441888,99.32490864374378,100.40809349912968,46043448
2024-06-10,108.04292297363281,108.6403165957382,103.69048480011912,104.37978224378737,72906954
2024-06-11,107.01225280761719,109.69724478993696,106.24417636366395,108.58122902569728,32050354
2024-06-12,108.8897705078125,109.27052561633346,106.94659795668215,107.3339192332907,32831823
2024-06-13,110.78697967529297,110.95766246978629,109.10640137532484,109.63158209406488,26522145
2024-06-14,114.63394165039062,115.6055317345676,110.16990123370886,111.17431464730991,40038670
2024-06-18,118.37586212158203,121.5006896834853,114.94905091156484,115.17882173189314,83345070
2024-06-19,119.67567443847656,121.1133571799335,116.13726874263303,118.95355374019788,73177087
2024-06-20,121.73045349121094,123.54889139250993,119.38682732021029,120.39779933819077,61598674
2024-06-21,123.2337875366211,124.2710167529557,120.33872334102077,122.10464698890901,49642555
2024-06-24,123.60140991210938,124.79619711380958,119.95140164925976,122.81364250634283,35866704
2024-06-25,126.62776184082031,127.7372037651317,123.65391896776502,123.77864610204335,53325444
2024-06-26,127.19233703613281,129.00420871462504,125.20977504311261,126.17479136798583,50254263
2024-06-27,130.3434295654297,131.42660692872738,126.42426851171794,127.19234492361228,82392340
2024-06-28,124.93406677246094,130.22527164289235,124.7239944580766,130.22527164289235,39194205
2024-07-01,129.16177368164062,130.9605131216353,126.10258536932874,127.05448443544195,58307166
2024-07-02,133.23849487304688,135.9694349190737,129.26023827081013,129.68694906164777,72638686
2024-07-03,134.9584503173828,135.64119657260972,133.46169454660938,133.92122113662245,45969681
2024-07-04,135.60836791992188,137.12482221954403,134.57770489065973,135.08974580839592,33270364
2024-07-05,134.57769775390625,136.28452576510682,132.2734536440628,136.1860632979437,25978965
2024-07-08,132.24066162109375,135.47052562601078,131.8402154614019,135.10946145515808,18354111
2024-07-09,133.28443908691406,133.78336268954112,131.09837087591538,132.70673649170837,20849716
2024-07-10,131.62355041503906,134.11815323704428,129.16176340618892,133.72427332585045,26757825
2024-07-11,130.31716918945312,132.542634529839,128.4724664961905,128.99765479992354,25200132
2024-07-12,129.2077178955078,131.13776561640498,128.97794708992467,130.6388420224089,11622349
2024-07-15,132.3325653076172,132.73301144414503,129.03703980266877,129.60817627392913,21148968
2024-07-16,132.06338500976562,133.7702280938429,131.7220193980614,132.77238090544213,13018024
2024-07-18,134.12472534179688,135.1685206756639,130.2252629614802,131.29530794192215,83597221
2024-07-19,126.17478942871094,135.10286940243287,125.61021920164224,134.78120230760436,29569963
2024-07-22,124.88810729980469,126.93630854624087,123.54889445822428,126.01068166513261,28416783
2024-07-23,126.52928924560547,127.04134516338388,118.89446624371695,126.30608461346843,21033669
2024-07-24,124.65176391601562,126.52928976765307,123.94277554757696,126.52928976765307,25969308
2024-07-25,125.63648986816406,125.93847351759169,121.44817588949172,123.41760572817117,22550532
2024-07-26,128.93199157714844,129.0961157182731,125.64304025307544,125.64304025307544,19007992
2024-07-29,128.48558044433594,130.72416277584335,127.22514672643929,129.98235111892137,29413480
2024-07-30,127.42866516113281,128.93200214860883,126.71310307986936,128.6694155217235,12741376
2024-07-31,129.0435791015625,130.04799234364143,127.4877280091044,128.6693977176935,16020861
2024-08-01,128.86634826660156,129.98235639384836,127.51400317307494,129.58847647560447,9729102
2024-08-02,126.86409759521484,129.43092850681697,126.43082063630833,127.35645504387098,17568840
2024-08-05,115.21820068359375,123.41759389430662,111.80452212301718,123.41759389430662,131587926
2024-08-06,115.11317443847656,122.00617880589698,114.4238694940674,119.83324284136958,63867487
2024-08-07,118.76317596435547,120.36497538647407,116.13070602527692,119.41308386083881,31695174
2024-08-08,119.78727722167969,121.38251043455388,117.2467111628634,118.76317289922402,17658948
2024-08-09,123.24691772460938,123.9099579738573,120.9952028367946,120.9952028367946,19882804
2024-08-12,123.55546569824219,124.71086343957084,121.5203891920319,121.97335715516321,14379006
2024-08-13,118.62532043457031,124.56643307926436,116.65589066256612,124.17254562230785,47424657
2024-08-14,121.70470428466797,124.48735328837519,120.76835827782321,121.32884378992317,49126998
2024-08-16,122.43663787841797,124.28954388376445,121.73108442651204,124.03237735520231,19901452
2024-08-19,122.73336029052734,123.66970633579629,122.12012690435742,123.30703656148877,30698122
2024-08-20,124.96210479736328,125.4830331570429,120.10895593528025,123.20811443993813,42793029
2024-08-21,127.61289978027344,128.5162689933138,124.62583196291625,125.2852253838321,26261607
2024-08-22,127.85026550292969,128.51626180074467,127.16449819464204,128.12063029804975,13422336
2024-08-23,130.37574768066406,130.75159303615746,127.34252790750423,127.79090720583592,41235546
2024-08-26,130.52740478515625,131.4835368412471,129.67020323840492,131.4835368412471,17208246
2024-08-27,131.81982421875,132.4264772662694,130.10539095210626,130.65929615404198,18300570
2024-08-28,129.8812255859375,132.07701529801471,129.63064687544457,132.07701529801471,13220776
2024-08-29,128.37118530273438,131.01536912172904,126.95348320777282,129.90097845490868,15405211
2024-08-30,128.76681518554688,129.63722253327543,127.44802852214228,129.40642996215834,20743273
2024-09-02,127.40848541259766,129.0767512533596,127.1842881839365,128.76682933544933,7002138
2024-09-03,127.09856414794922,128.25251204389735,125.74020512574099,127.39529533175016,17868903
2024-09-04,127.36891174316406,127.57332286602636,124.3950347714865,125.89846167667902,18748972
2024-09-05,127.3886947631836,129.01080806371345,126.94689568944445,127.59310588109851,13994482
2024-09-06,123.85433197021484,127.82389806910744,123.57079153457967,127.26341256539828,13783662
2024-09-09,123.54441833496094,124.77748795958897,122.00802217023542,123.307030378488,14824486
2024-09-10,125.0214614868164,125.54238232502227,122.5816962056938,124.16424482275487,15433758
2024-09-11,121.22333526611328,124.03236561811462,120.08258573480542,124.03236561811462,27337789
2024-09-12,124.52691650390625,125.28521775988663,122.25859301117418,122.25859301117418,16979335
2024-09-13,125.60831451416016,126.83479623286982,120.06279549613147,121.49368831923051,50309443
2024-09-16,127.7843246459961,128.18656660152564,125.07420966057246,125.28521614339772,33183306
2024-09-17,128.5887908935547,129.90098224438347,125.0214593131619,129.07674243205815,61568832
2024-09-18,134.62225341796875,137.5499777267538,128.61517172122137,128.8459492084016,140782561
2024-09-19,135.24209594726562,136.51473016805204,132.43305809193046,136.16525116449986,51366397
2024-09-20,133.70570373535156,135.92127946446766,131.54948631675524,135.90149336096107,49227394
2024-09-23,136.71914672851562,138.86876868135533,134.2530075034883,134.51676183539516,34523124
2024-09-24,135.94766235351562,137.56977573334916,134.8662484028349,137.15435810962808,32300989
2024-09-25,135.49266052246094,136.61363148891365,134.91238893727402,136.4883496945775,19783440
2024-09-26,140.43814086914062,140.97885538637476,133.60020836705274,134.97833840060844,77413540
2024-09-27,141.83602905273438,143.0822967607576,140.80737825618647,141.07772791533466,49835152
2024-09-30,139.3896942138672,141.37447721478335,138.0181445497814,141.18325683730646,30211713
2024-10-01,138.96768188476562,141.407439600726,138.03133591058668,139.79192170501088,15644047
2024-10-03,134.46400451660156,137.38511824918402,132.86825771773718,132.86825771773718,29934076
2024-10-04,132.48583984375,135.7432574895407,131.56268449542316,134.47721845624258,17067202
2024-10-07,131.25274658203125,134.49037772908676,130.06583701934096,132.44625151212736,25480270
2024-10-08,134.3914794921875,135.16956684205795,128.8195862451838,130.59336279557806,21525315
2024-10-09,135.86851501464844,137.66865781207122,134.56949937250235,135.17615240025506,13786501
2024-10-10,138.486328125,141.77011182078326,136.69276546213646,136.89058121136148,37438473
2024-10-11,140.33262634277344,141.2096139485596,137.94560154896288,138.80281814622043,15055069
2024-10-14,141.2755584716797,142.34378157972603,140.22052609812286,140.95246093855468,15046014
2024-10-15,139.22483825683594,141.93496070991745,136.49494479420633,141.77010671198346,17815351
2024-10-16,136.25096130371094,139.0402130684773,135.71026192420896,137.84670815776954,21596799
2024-10-17,133.79803466796875,136.2509834690435,131.99129613592672,135.82897044751718,17762751
2024-10-18,135.26844787597656,135.70365151520812,130.91644166840493,133.19795554490082,20845005
2024-10-21,131.46376037597656,136.27075720083084,131.2197921378837,135.26847259261882,13407735
2024-10-22,127.58650970458984,132.6572606919446,127.10515352078572,131.85280696054912,21445761
2024-10-23,130.31640625,131.25275226128025,126.2545351099491,126.60401413570958,20533344
2024-10-24,126.88755798339844,132.07041538447461,125.93802875743171,131.87917990104515,17596192
2024-10-25,125.06761169433594,128.19314421296733,123.39934596889329,127.05240222981365,19057266
2024-10-28,125.58194732666016,126.90733698507175,123.31362386291813,123.31362386291813,11463882
2024-10-29,125.4632568359375,126.2083749141166,123.30703192121453,125.58195081565898,17364205
2024-10-30,122.02780151367188,125.91164273428328,121.69150570039022,125.45665294933984,21707964
2024-10-31,119.31768035888672,122.91138582887504,118.46705908506824,121.98823815326571,22821669
2024-11-01,120.16170501708984,121.13102025376207,119.44955627932033,119.44955627932033,2598148
2024-11-04,122.06078338623047,122.31794236539326,119.15284492334114,120.22106813985405,28195791
2024-11-05,121.4409408569336,122.97733701610886,119.95730009217968,121.48050551620283,22461463
2024-11-06,123.81477355957031,124.54670092587342,121.82999040995836,122.31794198749377,16918128
2024-11-07,120.46504211425781,125.11378032713678,119.99027373200984,123.86751992664985,24389580
2024-11-08,116.10643005371094,121.11783794321964,115.73717247085821,120.47163528668055,18062914
2024-11-11,115.27558898925781,117.95273462743619,113.64688037579968,115.75034979260072,22014631
2024-11-12,109.48609924316406,116.1196204411172,107.6793533557349,115.52616563554096,45663886
2024-11-13,105.43081665039062,111.71485931588371,104.7120799874127,110.1191273380724,68796726
2024-11-14,109.03771209716797,110.98293065128608,105.8330498955076,105.8330498955076,37887424
2024-11-18,108.7673568725586,110.77851391374686,108.00904804742824,109.78942003951698,19671880
2024-11-19,109.03771209716797,112.09071856308161,108.47063117813056,109.16300145282318,20247315
2024-11-21,106.71662139892578,108.99812785529357,106.16273131561732,108.80031212445097,16225894
2024-11-22,108.95198059082031,109.54543535792227,107.0858840614834,107.4815230882803,14350263
2024-11-25,108.93219757080078,112.89516822575732,108.49700142058047,112.42699523836644,78378736
2024-11-26,109.67072296142578,110.0861481119752,108.30577617015531,109.45971647544617,12732241
2024-11-27,107.8771743774414,109.69051572110685,106.8551111773141,109.69051572110685,22808661
2024-11-28,106.69685363769531,108.33215013150442,106.18252061157668,108.14092974825012,26455468
2024-11-29,107.12545013427734,107.48152450848085,106.10998240415735,107.47493668733306,21796333
2024-12-02,109.29486083984375,109.9212848775898,106.2286716829859,107.12544540001072,25927936
2024-12-03,109.59160614013672,110.77851579084938,108.87286196333918,110.382876725216,23195494
2024-12-04,107.13864135742188,110.25099068913178,106.82213163959648,110.1191135265846,41451690
2024-12-05,110.11911010742188,111.3126149930272,107.34964450280043,107.8771606827969,37119991
2024-12-06,112.3544692993164,115.11074448069829,109.80920061374786,112.09071495264352,79893495
2024-12-09,109.99382781982422,112.40062384677456,109.3542129956734,111.91926765985936,30714513
2024-12-10,110.31693267822266,110.62025167068845,108.14092924422712,109.98723221548293,29316321
2024-12-11,109.99382781982422,111.43131610536147,109.75644741015796,110.77851054604531,17571738
2024-12-12,108.66184997558594,110.6466330251408,108.14751695240288,110.11911681302173,15713007
2024-12-13,108.22005462646484,108.43765648636054,105.77370141005395,108.16730677653175,15319813
2024-12-16,111.31261444091797,111.62252878021872,108.30576845675871,108.4112716922347,24793854
2024-12-17,108.42446899414062,111.70826022706183,107.81122809933358,111.16095791514807,19945074
2024-12-18,105.20661163330078,109.06407138314397,104.81756797470075,108.42446413924367,22363585
2024-12-19,103.89441680908203,104.47468086287002,101.92282451656384,102.22614350534084,28127700
2024-12-20,102.90531921386719,105.10769646458253,102.20636120942571,104.18454879705209,25000230
2024-12-23,103.17566680908203,104.38236242045207,102.66793673416514,103.64383977369299,8720616
2024-12-24,103.66362762451172,104.27027316815212,102.56244269583478,103.52515508746403,6372226
2024-12-26,103.12950897216797,104.43511247935928,102.4767109916657,104.18454889323796,20552493
2024-12-27,103.53833770751953,106.05063682676472,103.13610331712557,103.18226334125255,13273540
2024-12-30,101.45465087890625,103.74934824804552,100.87437928262842,103.53834176688758,54119110
2024-12-31,102.94488525390625,103.33392891864752,100.49192929197952,100.90734687987607,14935015
2025-01-01,102.4701156616211,103.14929511138214,101.47442649928016,103.0569826083664,10466761
2025-01-02,105.3516845703125,106.08361189811308,101.87007003177195,101.87666539931907,18015825
2025-01-03,105.55609130859375,106.67706226711714,104.94285043733058,106.16273681258339,21423820
2025-01-06,101.75138854980469,105.92535841388273,101.15133081282438,105.08792780315746,18301117
2025-01-07,101.08538818359375,103.18226985666327,100.88757243259295,101.87666627997132,11486536
2025-01-08,99.83253479003906,101.60631127359528,99.10060749411993,100.89416253326887,18826099
2025-01-09,98.06535339355469,100.83481148601636,97.92028549899995,100.53808787585267,12269697
2025-01-10,95.53327178955078,98.75771979016534,95.01894631797286,98.1181049747987,21085603
2025-01-13,92.15716552734375,94.99916514313759,91.06916385293562,94.02325452825727,21148368
2025-01-14,95.9948501586914,96.87185293345871,92.31542741918058,92.31542741918058,12186148
2025-01-15,98.52033996582031,98.86981898309575,96.30477188516977,96.5091830015102,14424391
2025-01-16,98.25,99.86551808055088,97.98623809593667,99.2720632291432,10413076
2025-01-17,99.65450286865234,99.964417230553,97.28727149185053,98.31592999930112,7186105
2025-01-20,99.14016723632812,99.99738389437293,98.55990318723876,99.23908265547713,14049108
2025-01-21,96.20585632324219,99.86550804033558,95.8761634090443,99.23908395717248,9299127
2025-01-22,94.1221694946289,96.6674303925734,92.71765056554949,96.6674303925734,18067305
2025-01-23,95.5926284790039,96.00145073462265,93.97711046785717,94.19470478528126,8877321
2025-01-24,94.2870101928711,96.27838085689228,93.88477582146653,95.71789541138823,10511362
2025-01-27,90.66692352294922,93.27813038915863,89.90862234798851,93.27154256846622,17510431
2025-01-28,91.21422576904297,94.07600375296374,89.67782977250181,91.78790194843998,34296334
2025-01-29,93.22539520263672,93.70015603575321,91.10213955059866,91.49118324121316,7166146
2025-01-30,91.46480560302734,93.43639790096668,90.27129310854124,93.42320716595387,16394604
2025-01-31,93.1462631225586,93.62762685537777,91.3197387049639,91.99891818802404,11449777
2025-02-01,94.04963684082031,94.52440522908404,92.09123516142778,93.37046487101163,10593658
2025-02-03,86.12369537353516,93.19901530425352,85.46430201594195,93.19901530425352,68479860
2025-02-04,90.94387817382812,93.72653468822739,90.43614806329708,90.67352847271663,70736142
2025-02-05,90.19216918945312,91.65602380116226,89.41408185833991,90.93069186265707,24785067
2025-02-06,90.14601135253906,91.39227169528112,89.69762446232713,91.31973774505111,6192094
2025-02-07,91.04278564453125,91.87362077803829,89.57232819720777,90.86474846646738,12089565
2025-02-10,89.34814453125,91.2076382019637,88.90634546688457,91.0625703029892,7981143
2025-02-11,84.8115005493164,89.57233727028243,84.40926612963247,89.02504249284033,32482851
2025-02-12,84.81808471679688,85.39176088915704,79.78689140912316,85.0554650981856,50870820
2025-02-13,85.59617614746094,86.44679739719297,83.45972997245401,85.72145793795482,43298379
2025-02-14,83.22235870361328,87.23148963175869,82.42449275716379,86.59846260420944,36356068
2025-02-17,82.2860107421875,83.21575375364918,79.83965024180439,83.21575375364918,69063559
2025-02-18,84.64005279541016,84.97634106105917,81.44197885720764,82.32556940817052,44277318
2025-02-19,84.70599365234375,85.28626524310198,82.77396604925573,84.40267466838455,31224145
2025-02-20,86.91498565673828,87.17214465009673,84.07298562373467,84.23783209975777,22732638
2025-02-21,84.91700744628906,86.37427436991092,83.47293125857048,86.37427436991092,22898901
2025-02-24,83.40699005126953,84.40267928743634,82.5959333810107,84.40267928743634,14712712
2025-02-25,82.84650421142578,83.47952368107171,81.7321209987328,82.41789586394289,30843600
2025-02-27,81.03975677490234,82.74759476472225,80.80896418624103,82.41789430071488,37058766
2025-02-28,78.19775390625,79.866027169904,76.96468433211972,79.12090913156199,59611042
2025-03-03,78.73846435546875,79.3319191565108,76.43057618898604,78.6857089606582,27788080
2025-03-04,77.98674774169922,79.27257271343967,76.3778252313715,77.51198693866579,28319941
2025-03-05,81.72551727294922,81.91674518630485,77.28119070451085,78.13840731180913,15541101
2025-03-06,84.31695556640625,86.43361586541714,82.3783324676013,84.27079553785288,40741189
2025-03-07,84.26420593261719,86.06435645384605,83.43336316717995,84.31695378168673,18841185
2025-03-10,82.9520034790039,85.06866364405352,82.75418018785766,84.38948417912749,14067241
2025-03-11,82.13436126708984,83.07729517094911,81.19141981704271,81.76509611042185,31065579
2025-03-12,82.74099731445312,82.99156845340165,80.79577896352836,82.4244875936003,13818637
2025-03-13,80.28804016113281,83.40698484509161,79.9583397101758,83.34763408528349,20251365
2025-03-17,79.78031158447266,81.1056936884309,78.7516531004428,79.12750603749356,18117784
2025-03-18,79.78031158447266,79.78031158447266,79.78031158447266,79.78031158447266,0
2025-03-19,85.06866455078125,85.24670174161706,82.42448815813624,83.08388152788248,14779144
2025-03-20,84.91040802001953,85.72146467699233,83.94769563834532,85.39177175704386,10843546
2025-03-21,86.60504913330078,87.56776899277206,85.2401024308285,85.7148707664896,28235211
2025-03-24,88.35904693603516,89.01844027452496,86.90837555440824,87.17212987132949,13819324
2025-03-25,86.6841812133789,89.94159844909812,86.24238969945793,89.67783657727166,18107763
2025-03-26,88.9722900390625,89.61190489262647,87.43590135388182,87.79856357954758,28123465
2025-03-27,86.98091888427734,87.62052619028672,82.24645594139614,86.05116821521798,55633498
2025-03-28,86.68304443359375,90.80009285804229,86.40504564575234,89.22476386864133,28719250
2025-04-01,86.78895568847656,87.92081231062633,85.45191019065393,86.68305101959062,14986759
2025-04-02,87.51705932617188,87.72886867436225,85.45853485629046,86.04762723878876,11112421
2025-04-03,85.34600067138672,86.47123676748808,84.54509902560964,85.71667077887133,29815504
2025-04-04,78.7203369140625,85.0878577649279,78.03195280117743,85.05476303040548,62319645
2025-04-07,75.70867156982422,76.09257504002443,70.98928964888009,72.81614325703949,45359316
2025-04-08,76.13890838623047,80.41481012429225,74.79524249389297,80.41481012429225,37537851
2025-04-09,74.8018569946289,76.63533862352183,74.13995472682848,76.1521433778652,22199550
2025-04-11,78.25701141357422,79.42858332054831,76.41691670797086,78.75344005932764,34635463
2025-04-15,84.4789047241211,86.08071564254351,82.73810197950621,84.72381636641518,80473206
2025-04-16,84.94886016845703,85.77624369888187,84.0155795452315,84.72381748390659,21142170
2025-04-17,85.82918548583984,86.04761526606241,83.9692372729938,84.98856867246701,14369247
2025-04-21,87.74210357666016,87.99362053233497,85.31290912673374,86.7095311813821,15849453
2025-04-22,88.2319107055664,89.52262050373947,86.97428806706786,88.03333472322495,23254356
2025-04-23,89.84033203125,90.46252665895275,88.32457201971829,89.29095490748699,24652246
2025-04-24,90.14482116699219,91.5679175733712,89.46967793175423,90.28382057646179,24761502
2025-04-25,88.50328826904297,90.42281315710596,87.39128550236603,89.73442904918231,38228610
2025-04-28,89.35052490234375,90.11171893484294,87.70238593790843,88.03995373999915,19022104
2025-04-29,90.07200622558594,92.32247850138222,89.26448408809078,91.15090670460262,35097037
2025-04-30,88.21205139160156,89.68810385789219,87.21919418127398,89.68810385789219,28209172
2025-05-02,87.45747375488281,89.22476587062621,86.9742860961168,87.9472894502924,13176181
2025-05-05,91.94519805908203,92.32910154008727,87.73548554253237,87.73548554253237,18358515
2025-05-06,89.66824340820312,92.93143434222333,88.8276265166505,92.53428993896479,15873267
2025-05-07,94.29496002197266,94.61267402397064,86.4580070644564,86.70953159623387,41575503
2025-05-08,93.6396713256836,97.49857503736148,92.67328838852654,95.31429220430589,58000560
2025-05-09,91.2369613647461,94.61267749409856,90.29705267338343,90.68096373458202,32624419
2025-05-12,96.01590728759766,96.63810193157137,92.07095281750425,94.98333490549808,39048681
2025-05-13,94.28833770751953,96.13505267500706,93.73234010867138,95.67833927953906,14950111
2025-05-14,93.38814544677734,95.188532353735,92.54090811404399,94.65238855882106,13084842
2025-05-15,95.10910034179688,95.70481313437664,93.44772043947702,93.72571923768763,15295747
2025-05-16,97.32647705078125,97.53166591685273,94.98995398252431,95.44004691050353,15832765
2025-05-19,97.72362518310547,99.27910046768461,97.10805098637738,97.7964351157819,18345486
2025-05-20,96.59176635742188,98.5576193448459,96.36009564061413,98.54438599596207,19353394
2025-05-21,98.12077331542969,98.27962653601416,96.40643717617851,97.0352447460206,12889834
2025-05-22,98.09429931640625,98.5576256297692,96.1416795533494,97.30001048655613,15487942
2025-05-23,98.11415100097656,98.54439014324126,96.51234002628169,97.96853113283161,20196588
2025-05-26,99.27910614013672,100.3315324181559,98.11415472565201,98.12739565049495,18707139
2025-05-27,98.18034362792969,101.47662942892981,97.34634716528015,100.77501191433898,39306147
2025-05-28,98.42523956298828,99.11362367072049,97.5316665877731,98.67014362658072,20803096
2025-05-29,100.66909790039062,101.72152407462816,97.32647674775313,99.9476190655931,52550901
2025-05-30,101.35086822509766,105.01781649729722,100.97357762838935,102.59524999821542,77430208
2025-06-02,99.90790557861328,102.09881639265255,99.6166734299049,101.8671456761832,24675474
2025-06-03,99.55709075927734,101.04637644584602,99.22614343441678,99.81523573258755,14172043
2025-06-04,101.07947540283203,101.90023843760676,99.39824171255876,99.55709492015117,20919648
2025-06-05,103.01224517822266,103.85286205590178,101.47000325057664,101.9333371175815,20085477
2025-06-06,104.24337768554688,104.89204656265424,102.41652421111222,103.15123636279584,14573961
2025-06-09,106.5666732788086,106.79833641940749,104.68024312004958,104.71333785442084,21832009
2025-06-10,105.13033294677734,107.39404604045603,104.91190316144011,107.12266771164859,16479480
2025-06-11,105.62014770507812,105.93786171058237,103.72710459620261,105.2428646906979,13470111
2025-06-12,102.75410461425781,105.54072839843913,102.26429645299497,105.51424654925762,13840854
2025-06-13,101.93995666503906,102.1054303393065,99.28571954031324,99.28571954031324,9716179
2025-06-16,101.39058685302734,102.17824765941505,99.60344074211447,101.58253481407736,15588451
2025-06-17,99.81523895263672,101.58252347906051,99.53724016082609,101.39057553942888,16860490
2025-06-18,99.15996551513672,101.05962913567934,98.72310590557656,99.41810294360445,9407610
2025-06-19,97.78981018066406,100.6624770091621,97.56475993088574,98.39214342575399,15789631
2025-06-20,99.41809844970703,100.08000829637542,96.81681744647183,97.3000051201264,28915708
2025-06-23,98.22388458251953,98.78781673111031,96.31978409039323,97.85899222275536,21541980
2025-06-24,100.47962188720703,102.55621849102201,99.58396180900301,100.15452988900026,20919358
2025-06-25,101.74681091308594,102.90121893082079,100.41991439631856,100.85115082908334,18785613
2025-06-26,102.43016815185547,102.6889160886313,100.84452368270436,102.25103613294787,15513201
2025-06-27,102.25767517089844,103.82341950453923,101.7799872417402,102.92112345728127,31792290
2025-06-30,102.72208404541016,103.13342028375091,101.20941203631703,102.96756012193472,9059988
2025-07-01,100.94403839111328,102.95429093770561,100.83788636628407,102.72872263031334,8339743
2025-07-02,101.45489501953125,101.83306684384489,100.2142427024673,100.91087061470229,10867662
2025-07-03,102.35718536376953,103.63100964450452,101.75344525617587,101.95911337789194,14066409
2025-07-04,102.1050796508789,102.72209164663921,101.25586341139328,102.3571916710502,5751045
2025-07-07,102.99410247802734,103.48505466086287,101.55441796389657,101.8397020150837,13209805
2025-07-08,102.19796752929688,103.30592412300214,100.84452724805354,102.994103958351,15747742
2025-07-09,102.78179931640625,103.37227520010534,101.83970290229715,102.1979669507506,11630878
2025-07-10,101.85960388183594,103.4983282218924,101.4681677956596,103.4983282218924,15224410
2025-07-11,100.01520538330078,102.49650989061763,99.5176172968167,101.77334590616233,9892551
2025-07-14,101.00375366210938,101.9856656555352,100.04838537120831,100.71183367507487,18965572
2025-07-15,103.50495910644531,105.4355957412873,101.74681097073358,102.13161111266596,24891183
2025-07-16,102.29084014892578,103.74379642735131,101.79988799531591,103.49832035054638,9407277
2025-07-17,102.08517456054688,103.13342295855837,101.94585050248955,102.19132658538064,7232913
2025-07-18,100.48294067382812,103.09029742081498,100.31376254449985,102.14488308154125,12755135
2025-07-21,100.32371520996094,101.02034313966281,99.41810877171838,100.51280112685879,12592541
2025-07-22,96.77092742919922,100.78148612910232,96.63160337455679,100.51279190731807,13022343
2025-07-23,98.353271484375,98.62196573352391,96.51219692402083,97.22871745261534,16250471
2025-07-24,102.55290985107422,103.24953014998923,98.6219593283629,98.63191321623079,34498069
2025-07-25,99.85597229003906,102.970878531348,99.51761603994719,102.78179263124281,11999734
2025-07-28,101.3885498046875,101.82642976785372,100.16448731506112,100.16448731506112,16642565
2025-07-29,102.09512329101562,102.19464698565203,100.51279676850993,101.38854909613019,5756095
2025-07-30,98.44282531738281,102.30411373205662,97.9750913007524,102.19464374550093,16070296
2025-07-31,96.7012710571289,98.02485724622899,95.0890904469574,96.42262293154825,17246210
2025-08-01,95.07913970947266,97.51731848168828,94.85024583153694,96.70127426147889,6424969
2025-08-04,97.8258285522461,98.02486076549447,94.60145203095833,95.08909386082365,9078395
2025-08-05,96.9102554321289,98.60205952435773,95.99469515215107,98.02485550727053,9072134
2025-08-06,94.89005279541016,97.32823913459549,94.31284875502256,97.12919933139693,11149228
2025-08-07,93.6659927368164,94.30290493861247,92.11351260142018,94.03420309537805,24236301
2025-08-08,91.00885772705078,94.08395604109269,90.5610314875009,93.66598387183392,9884650
2025-08-11,90.33213806152344,91.38702996995674,89.26729985800641,91.06857389766917,19734988
2025-08-12,89.83455657958984,91.30742076758963,89.66537843962679,90.86954078877496,7712576
2025-08-13,92.93950653076172,94.13371495711289,89.42653569077682,90.56103597358803,27152026
2025-08-14,92.6509017944336,93.43709189584786,91.17804528470423,92.55138569392622,14771758
2025-08-18,93.62618255615234,95.30802524013208,92.70066834850994,93.34753442354467,14834715
2025-08-19,98.92051696777344,99.36834322603006,93.44704780307622,93.64608000839206,30083383
2025-08-20,97.4974136352539,99.2091179159373,97.20881162582782,99.2091179159373,14042238
2025-08-21,97.42774963378906,98.41297192700657,97.01972375515443,98.02485382384235,10323617
2025-08-22,94.70097351074219,97.73625645090162,94.54174166980148,97.4277542498191,9583759
2025-08-25,94.51188659667969,95.83547278825925,93.94463645637302,95.53691688595384,10376097
2025-08-26,92.51158142089844,94.24318593500811,92.06375515447782,94.24318593500811,14380291
2025-08-28,91.66567993164062,92.84994203335597,91.50644809599171,92.55138613781017,13098197
2025-08-29,92.3025894165039,94.61139781842061,90.66054722372972,91.75523948804864,28080321
2025-09-01,96.27334594726562,96.48233204354935,92.96936118168054,93.94463722359664,30257885
2025-09-02,96.00465393066406,96.930168145695,94.76068361974033,96.27334817708301,12452715
2025-09-03,96.0643539428711,96.42261796949283,94.79052966714563,95.90512970470121,12129613
2025-09-04,93.86502075195312,97.92534155113746,93.6659885450212,97.92534155113746,14039109
2025-09-05,94.14366912841797,95.63643346214317,93.03902291405394,94.34270892846988,19637004
2025-09-08,98.09452056884766,98.8508566286594,94.63130395189249,96.46243216102744,56299081
2025-09-09,98.34331512451172,99.02003526722761,96.78088874108428,98.6219632551726,22643077
2025-09-10,100.1147232055664,101.70700359120845,98.4328806072594,98.52244281992436,39207033
2025-09-11,100.18438720703125,101.4582115406167,99.71665317366335,100.42323496402247,19218566
2025-09-12,104.18499755859375,104.79205564072329,100.08486893041561,100.21423910153158,46300257
2025-09-15,107.2899398803711,107.54868780910354,104.80199946876735,105.24983329841098,44585391
2025-09-16,109.35991668701172,110.36504681791854,106.70279794161078,107.97662231726702,42750129
2025-09-17,108.81256103515625,111.36021724604052,108.34483460335395,109.96696906068989,23963434
2025-09-18,108.45430755615234,109.54899987720958,107.53873966541008,109.34001378258345,16247845
2025-09-19,108.55381774902344,109.64851001047836,108.03632189209388,108.45430165118054,13983683
2025-09-22,109.41961669921875,109.69827240420035,108.02637613726878,108.55381829180578,16627782
2025-09-23,111.53935241699219,111.83790072705467,108.84242577535673,109.41962221184768,33790140
2025-09-24,107.43921661376953,112.05683335830224,106.98143649430025,111.957317261477,24814885
2025-09-25,104.87166595458984,108.17565065794543,104.54326357666767,107.23023629838391,14787443
2025-09-26,105.15032196044922,105.49863211532286,102.7618975386712,104.49350201760869,24534407
2025-09-29,106.36442565917969,106.78240541836718,104.95127732873168,105.48867336832281,26556235
2025-09-30,105.14036560058594,106.64308376781709,104.03571942639114,106.17534974544375,22843513
2025-10-01,105.48867797851562,106.09573607240311,104.61292564938556,105.09060597705944,7448493
2025-10-03,106.15544128417969,106.59332123295047,105.0507951171201,105.47872117816654,8086392
2025-10-06,105.7076187133789,106.8819269501301,105.4389168836267,106.48385494583289,7260072
2025-10-07,103.61775207519531,106.23506283368982,103.04054803804543,105.38916455446926,18966822
2025-10-08,101.14970397949219,104.44373462918834,100.73173181581788,104.19494058996436,11890467
2025-10-09,102.94102478027344,103.24952696132375,100.52274639930697,100.79144062270699,13623431
2025-10-10,103.59784698486328,104.39399102865049,102.32402258887758,102.61262461493564,9724654
2025-10-13,103.59784698486328,103.99591900675689,101.5378324336006,102.50315461910009,16216577
2025-10-14,104.54325866699219,104.83185307197223,102.30411230652194,103.49832066173612,24973101
2025-10-15,104.2745590209961,105.38915907694897,103.3988067151278,104.4934989956111,13717505
2025-10-16,106.75254821777344,108.02638013852534,104.18499937808487,104.39398547011812,18610741
2025-10-17,104.1949462890625,106.35448443801533,103.3291478444655,106.17535241627252,14290399
2025-10-20,105.25978088378906,105.51852881569354,104.1551423126793,104.19494267827228,5352437
2025-10-21,104.86172485351562,106.09574128532942,104.493506905373,106.09574128532942,1768861
2025-10-23,106.7923583984375,109.12107471577441,105.8967058689769,106.38434009386421,30104528
2025-10-24,105.73747253417969,106.9515887277398,104.42384023792933,106.79235688936184,11030911
2025-10-27,106.41419219970703,106.75254846590202,105.5881941250424,106.23506017860618,8676084
2025-10-28,106.46395874023438,107.20038704051555,105.59815266798212,106.41419689061593,7582607
2025-10-29,107.21033477783203,107.72782305824903,104.64277837371361,106.48385281508219,12702765
2025-10-30,106.36442565917969,108.27516966414532,105.6479051989831,108.27516966414532,9808066
2025-10-31,104.88162231445312,107.18047697704776,104.66268232895038,106.39429443651277,5215003
2025-11-03,105.06075286865234,105.58819504856481,103.31919448983618,104.89157473407514,9823455
2025-11-04,103.98595428466797,105.58818850123458,103.24952605607317,105.56828831887971,8923020
2025-11-06,103.41870880126953,104.56316294889697,101.5875882391391,103.98595893112426,11443281
2025-11-07,103.2992935180664,103.76701995845956,101.85628345964523,103.41870980387235,8431755
2025-11-10,102.0553207397461,103.76701739901107,101.68710281821217,103.24952912390151,18067302
2025-11-11,104.95127868652344,105.46877455027284,100.59240976579197,102.15483605954978,20357785
2025-11-12,105.40906524658203,106.33457945109754,104.00587069995073,105.38916506257394,26930415
2025-11-13,108.60357666015625,111.21094105399462,103.3888554650714,105.78723376669787,45246799
2025-11-14,109.31015014648438,112.92264461117898,108.27517358012685,110.7730603750706,68460187
2025-11-17,109.4892807006836,110.16600081122391,108.5339124727311,109.32010257119646,12995776
2025-11-18,108.43440246582031,109.86745868457226,107.61835825071817,109.46938666907536,9891961
2025-11-19,111.61896514892578,112.44495561650824,107.92685480141768,108.38464253043821,33900889
2025-11-20,111.45973205566406,112.84302633716185,110.85267397902498,112.20611418996539,15140498
2025-11-21,109.27034759521484,111.957320244035,108.96183781646893,111.42987808347777,12406270
2025-11-24,108.69314575195312,109.96697007282361,108.33488171263431,109.27034977003252,59352567
2025-11-25,109.6783676147461,110.42474976150585,108.18560332122658,108.69314530694892,13551413
2025-11-26,111.27064514160156,111.45973104353689,109.3698626049889,109.67836478806936,13388286
2025-11-27,115.56980895996094,115.78874893799379,111.2905558707975,111.45973400197131,42435479
2025-11-28,115.74893951416016,117.13223380230666,115.09212718096575,116.07734947705323,22765742
2025-12-01,115.98778533935547,117.45068792755372,114.68409939719079,115.93802349395233,14172449
2025-12-02,118.6847152709961,119.02307153322083,114.9030426888372,114.94285064779162,31242759
2025-12-03,116.0076904296875,118.56529298422193,115.43048640599537,118.42596892230891,23947588
2025-12-04,116.99291229248047,117.54026224255874,115.89821998491583,116.00768997493148,14828624
2025-12-05,116.4853744506836,117.69948300776049,115.9181243340047,116.9332006928963,8681992
2025-12-08,114.74382019042969,117.02276703263715,113.98748414397853,116.18682265965847,8912150
2025-12-09,116.18682098388672,117.04267312059721,112.58428041790552,113.94767454094243,14546773
2025-12-10,115.7190933227539,117.00287159844585,115.440445187117,116.18682737582682,7837414
2025-12-11,119.22210693359375,119.58037095838638,115.71908260064163,115.7986985156159,30012240
2025-12-12,120.71487426757812,120.89400628456701,119.3912881194153,119.90877639483223,14876284
2025-12-15,119.72964477539062,120.44617284572533,118.73446858716837,120.44617284572533,8527618
2025-12-16,118.99321746826172,119.85902349223299,118.54539121703732,119.42114353630382,5700638
2025-12-17,118.98326110839844,120.21728503263516,118.06770084919701,118.42596487977004,7069688
2025-12-18,116.58489227294922,118.36625856562603,115.04236614014326,117.95823268294622,14949216
2025-12-19,120.39642333984375,120.6452173967108,116.68441267064684,116.68441267064684,21232127
2025-12-22,120.52578735351562,121.75980368655432,119.90877539070044,120.91390545497612,12005771
2025-12-23,119.65998840332031,122.20764472858228,118.95341418738742,122.20764472858228,9958172
2025-12-24,118.95341491699219,120.31680910101201,118.69466696830833,120.02820707990159,7675699
2025-12-26,118.71456909179688,120.55564353215411,117.82886288655597,118.953409252428,12938540
2025-12-29,119.06288146972656,119.53061550446984,117.84876527552282,118.69466353772629,10853968
2025-12-30,119.17234802246094,120.07796199425728,118.56528994287238,118.63495197204196,10132129
2025-12-31,119.36143493652344,120.41631927075356,119.07283292963955,119.42114307843327,5541329
2026-01-01,121.92898559570312,122.15787946415645,119.26191305604068,119.81921689517367,13120204
2026-01-02,121.45130920410156,124.1084279418785,121.08309126207938,122.30716137765096,20423410
2026-01-05,121.222412109375,122.15788017948275,119.74955556557978,122.14792629142426,17109084
2026-01-06,120.24713897705078,122.35690760755655,119.36143278922682,121.81951915485193,19478525
2026-01-07,118.77428436279297,120.68502094771048,118.1572799447465,120.11777078679458,9250970
2026-01-08,117.5402603149414,118.36625837420732,116.68440818481389,117.43079032672101,13950281
2026-01-09,115.0821762084961,117.52035488366067,114.29598609222626,117.43079266928923,11448466
2026-01-12,114.43531036376953,115.76885043450359,112.20611777731231,115.08217641936334,11208157
2026-01-13,114.37560272216797,116.32614719294321,113.798398695102,114.9926147089549,12781089
2026-01-14,113.00226593017578,115.0921345312134,112.66390205790923,113.82825644515405,12258494
2026-01-15,113.00226593017578,113.00226593017578,113.00226593017578,113.00226593017578,0
2026-01-16,114.23628234863281,116.06740299938012,112.8231338995658,113.0022659277991,14170255
2026-01-19,111.78813934326172,113.74863758395055,110.19585901335428,113.74863758395055,27290462
2026-01-20,107.36956024169922,112.35539515893113,107.01129620018604,111.45973505514817,16421476
2026-01-21,109.14097595214844,110.82282622019031,105.80713708091452,105.80713708091452,17449709
2026-01-22,110.79296875,113.40032554843253,110.0565328914668,110.0565328914668,10103546
2026-01-23,107.87710571289062,110.92234257140485,107.48898758749537,110.79297239380382,10449787
2026-01-27,109.14097595214844,109.7181799911038,107.09091533613916,109.70822610282053,9770928
2026-01-28,110.8924789428711,111.28059703482009,107.77758031983147,109.55893895078127,12128916
2026-01-29,113.3306655883789,113.99743942843226,110.13615082235002,112.25588103746813,16047659
2026-01-30,112.35539245605469,113.06196663409914,110.99199835350622,112.90273480054965,14380990
2026-02-02,113.5396499633789,114.44526395739896,109.09121868994244,110.93229315682568,10374677
2026-02-03,120.73477935791016,124.88466239547152,118.71457283522838,123.39189805741992,35289099
2026-02-04,122.02851104736328,122.75498543740738,119.0728364538773,120.61535504207309,13094471
2026-02-05,120.4063720703125,121.82947440807372,119.74955969504929,121.36174035689041,6105921
2026-02-06,117.53031158447266,119.05293000596254,115.4902048626263,118.42597171258203,18822881
2026-02-09,123.80987548828125,124.1979936013875,118.6349546592115,119.12258887444386,20428343
2026-02-10,128.80564880371094,131.25378894720058,122.68532122276255,124.29750940668676,55014074
2026-02-11,129.54209899902344,135.17480058191958,129.0644186200526,129.99988678504351,58063031
2026-02-12,132.0996856689453,133.1147543936394,128.49713773316532,129.58189126140218,35153226
2026-02-13,130.6268310546875,132.84608505858745,130.08944255316152,131.94047101314942,19324007
2026-02-16,131.67176818847656,132.29873408990483,128.7260549702421,129.8705015921914,10892515
2026-02-17,132.02008056640625,133.3237589807974,130.58702438457098,131.6717628164493,17075133
2026-02-18,133.27398681640625,134.93592914760805,131.2537804674782,132.0101088670412,14682801
2026-02-19,129.25347900390625,133.54268564082642,128.8753072199869,133.27398383724255,15598959
2026-02-20,128.79571533203125,131.47274201714646,128.17871088333476,129.47244311447264,10381669
2026-02-23,130.18896484375,130.61688334410306,127.86024086853202,129.37291302654017,10219233
2026-02-24,130.92538452148438,131.7016207787118,129.37291200702953,130.18896381780854,14440301
2026-02-25,132.59727478027344,133.20433283500364,131.48266717401856,131.86083896767494,13635449
2026-02-26,134.65728759765625,134.9956438572051,132.09969269024077,132.59728078434796,10959037
2026-02-27,132.69679260253906,135.49323533155686,132.24896634370705,134.8463768671533,22609831
2026-03-02,128.0294189453125,131.1642332551101,124.29751558708706,125.5912401611485,24541706
2026-03-04,122.28724670410156,125.03393509668838,120.84424427495759,124.39702294660908,16183188
2026-03-05,125.73055267333984,126.67597458287527,123.10328821284351,123.38194391600415,23410571
2026-03-06,122.17778015136719,126.08882296646601,121.89913202694764,125.73055892290033,10309068
2026-03-09,117.410888671875,118.92355311977107,112.45490797099691,118.43591891909685,14850245
2026-03-10,122.814697265625,123.23266944324818,118.93350860568694,120.4163190030216,20469615
2026-03-11,120.80443572998047,125.37229833855001,120.41631762767875,123.41180005161527,22942902
2026-03-12,119.59032440185547,120.2471443507674,116.07735356398655,119.6699403215888,24171355
2026-03-13,113.27095031738281,119.01311342439924,112.82312408206407,118.41600924644372,27423685
2026-03-16,112.77336883544922,114.54478129048707,110.46456031103047,113.27095694495837,17822186
2026-03-17,115.2712631225586,115.73899715970914,113.06197070437042,114.44526503961582,18774691
2026-03-18,117.21185302734375,118.45582329226731,115.33097059418667,116.01764461005389,15985408
2026-03-19,111.21094512939453,114.42536773427777,110.5939331255448,113.91782572453995,18554751
2026-03-20,111.05170440673828,114.69405280848422,110.46455411489586,112.45490644129038,20814836
2026-03-23,106.0758285522461,110.4944133531421,105.73747228537702,110.46455928166446,21402616
2026-03-24,110.59392547607422,111.1213752260368,106.01611659449111,109.9669672198281,32098828
2026-03-25,112.58428192138672,115.09213022282623,111.6090134872873,112.45491174739979,21168651
2026-03-27,109.19017791748047,112.30476617453652,109.01048998695504,112.30476617453652,24039957
2026-03-30,104.89764404296875,108.29174514301073,104.53826818436698,106.71448527649794,31377931
2026-04-01,107.43324279785156,110.32820414743384,107.06388214095749,107.80259583859089,28221929
2026-04-02,106.62464141845703,107.04391834632224,102.64156772489709,105.2370542086377,26717165
2026-04-06,108.07212829589844,108.53132910037068,105.24703763518973,106.78436604119919,32032534
2026-04-07,108.25181579589844,108.48141238913769,105.21709049418291,107.5130945073478,12418811
2026-04-08,117.90503692626953,122.1276920771979,113.80216865748365,114.6506920759971,42283271
2026-04-09,116.69713592529297,118.18454808070014,115.29956393018105,117.79522548711138,27457815
2026-04-10,121.94800567626953,122.33732825613893,116.79695674852901,117.79522133612328,25378911
2026-04-13,118.9032974243164,120.44062582625038,116.99660837760686,117.95494909831349,42045762
2026-04-15,123.3355941772461,124.09426978838944,121.08949883087406,121.88810593989145,24891005
2026-04-16,122.60685729980469,125.65156736217247,122.04783156356187,124.48359199730164,20051657
2026-04-17,124.81302642822266,125.0825621454379,120.6003484387067,122.28741811352403,18007178
2026-04-20,122.9762191772461,125.18238304125681,122.16761966788143,125.18238304125681,12864248
2026-04-21,124.48359680175781,125.88116881245875,122.38724259378378,122.58690009025806,33674464
2026-04-22,131.53134155273438,132.75921800917993,124.50356529247314,124.50356529247314,42968413
2026-04-23,126.99922180175781,131.53133631827808,125.89114750242206,131.53133631827808,23191134
2026-04-24,125.48185729980469,128.8759660826054,125.1125042717719,127.84775476215547,11238446
2026-04-27,127.70799255371094,128.3169269622472,125.22231579386988,125.91111319951584,11628991
2026-04-28,125.00269317626953,128.5764822362861,124.6033858170454,127.77786751783786,15569483
2026-04-29,123.02613067626953,126.75964587026188,122.74661779889144,125.75139646301541,14894309
2026-04-30,120.99964904785156,123.03610970869258,118.91327972761239,123.02612493035122,17371847
2026-05-01,120.99964904785156,120.99964904785156,120.99964904785156,120.99964904785156,0
2026-05-04,120.00138854980469,123.21580183122325,119.38246174620116,121.77829834732064,9964145
2026-05-05,120.03133392333984,120.89982687114849,118.20451548521817,120.00138720378688,10287116
2026-05-06,127.18889617919922,127.77786863669233,121.2991335234958,121.59860833342036,22449919
2026-05-07,130.20364379882812,131.17196167444746,126.57995367737992,128.0873277320191,38333083
2026-05-08,131.80087280273438,132.52960168951373,130.2934987531368,130.76268432974635,17361170
2026-05-11,130.07388305664062,131.16198783688867,128.7162425638959,130.35339593170784,10995210
2026-05-12,124.04436492919922,130.43326007788264,123.33559795656414,129.7744017670036,20474526
2026-05-13,126.10078430175781,127.30868355702248,123.61510757368936,123.78481072826231,15031563
2026-05-14,125.89115142822266,127.7778709445966,125.02265846983045,126.77960632784193,8977945
2026-05-15,129.6945343017578,131.38160390379088,125.36206961697457,126.28047121612386,21324325
2026-05-18,128.5265655517578,128.86597185551904,124.93281456247351,128.72621542265802,19541162
2026-05-19,131.26182556152344,132.4697172694271,128.7961106339692,130.61294439346133,24014703
2026-05-20,131.9406280517578,135.7639832309173,129.28524060634018,130.02396188108074,56355040
2026-05-21,136.7622528076172,138.15981718134069,133.12857020362688,135.78395774601074,65674007
2026-05-22,135.94366455078125,138.76875516827704,134.06693747960523,137.06173124951908,34327232
2026-05-25,135.6741485595703,138.50921643296653,134.8755338147562,137.26138565429116,15957403
2026-05-26,135.5843048095703,137.41111561675277,134.6159869323704,136.2531402613553,13243802
2026-05-27,142.16287231445312,146.44542095628444,134.4163288898287,135.76399225885146,50082550
2026-05-28,142.16287231445312,142.16287231445312,142.16287231445312,142.16287231445312,0
2026-05-29,145.48709106445312,151.50662549875952,139.83690966485747,144.2093135706497,84670792
2026-06-01,141.5239715576172,146.54524109787874,140.88508284570443,145.7566035619235,38855400
2026-06-02,144.63856506347656,145.07780394826858,140.3160772851329,141.15461593847598,25070101
2026-06-03,145.35731506347656,145.99620382476778,141.50401293785185,144.42892102604628,19595325
2026-06-04,144.0595703125,147.14420444897402,143.3907348197322,144.6285884788858,17953489
2026-06-05,143.3108673095703,145.89636903584488,142.75184155603088,144.39897209644596,13743288
2026-06-08,138.7687530517578,142.60210059533551,137.7904580335535,141.7535696138783,13205674
2026-06-09,143.80999755859375,144.14940387089842,140.25617797726454,141.45409246512813,19014375
2026-06-10,141.9632110595703,144.26919977678875,140.47579136813067,144.26919977678875,18703442
2026-06-11,140.4957733154297,141.15461641252057,139.02832305099622,140.85514920125644,15466606
2026-06-12,143.15113830566406,145.18760663054874,141.00487549721416,142.272675810979,12743045
2026-06-15,147.86294555664062,149.639855300567,145.84646206082851,145.84646206082851,21819103
2026-06-16,147.34385681152344,148.8212841119481,146.76486153231318,147.84298909715557,10550367
2026-06-17,144.84820556640625,147.33387477492295,142.38249068345553,147.2540117757303,20551699
2026-06-18,144.4289093017578,145.20756967267218,142.36250958232137,144.84819382159952,15847981
2026-06-19,145.2874298095703,145.79655452747352,142.77181387007428,144.2492412804257,20254043
2026-06-22,145.59689331054688,146.2058353062139,143.05131561612538,145.2874184993813,14978250
2026-06-23,143.36077880859375,145.88638701027386,141.51398321863863,145.59689698052264,15408718
2026-06-24,144.3291015625,144.90809687388855,141.82346283300436,142.75184162436761,11314629
2026-06-25,151.4467315673828,154.9805816051489,143.77007423460242,144.7783160129434,74519440
2026-06-26,151.4467315673828,151.4467315673828,151.4467315673828,151.4467315673828,0
2026-06-29,150.29872131347656,153.7327541020158,147.4636534000768,151.44673478544226,74600161
2026-06-30,147.85296630859375,150.23881802541936,146.24575973902947,148.68152773089668,25616527
2026-07-01,147.25401306152344,148.74143287389387,146.22580169044303,147.9927343862736,21947631
2026-07-02,147.33387756347656,148.3321422238142,146.44542262506846,147.98275873208195,9629607
2026-07-03,146.04611206054688,149.47015228094784,145.7665991948941,148.64159084622395,10135151
2026-07-06,145.0778045654297,148.54178414704558,144.24924307146728,146.28569627143636,18610894
2026-07-07,143.12118530273438,145.41719684056292,136.47275489993945,145.09776010169483,42013051
2026-07-08,140.40591430664062,144.57866838649008,139.3677257922514,142.4623522423643,18406565
2026-07-09,142.55218505859375,143.89983310209635,139.75704118836472,139.96668345236307,10227076
2026-07-10,142.94151306152344,144.5986359828439,142.37249491786275,143.9497548418812,8178532
2026-07-13,143.80999755859375,144.49880257800032,140.81520372278027,141.80349117223003,14294629
2026-07-14,142.05999755859375,143.5500030517578,141.2899932861328,143.25,12934232
2026-07-15,142.11000061035156,144.35000610351562,141.6199951171875,142.91000366210938,14174935
2026-07-16,143.64999389648438,145.5,142.11000061035156,142.5,29245554
2026-07-17,144.1699981689453,145.83999633789062,143.00999450683594,143.00999450683594,14704640
2026-07-20,143.25,144.0399932861328,142.11000061035156,144.0,9919421
2026-07-21,145.22000122070312,145.8000030517578,143.1699981689453,143.5,10666707
2026-07-22,143.60000610351562,147.60000610351562,143.30999755859375,145.0,15608148
2026-07-23,145.57000732421875,148.19000244140625,142.1999969482422,142.1999969482422,17048765
2026-07-24,145.5500030517578,146.66000366210938,143.0,144.1999969482422,9305257
2026-07-27,148.97000122070312,149.5,146.3000030517578,146.99000549316406,13920800
2026-07-28,147.86000061035156,148.5,145.60000610351562,147.0,12742933
2026-07-29,146.0,148.8000030517578,143.86000061035156,148.0399932861328,14481610
2026-07-30,146.72000122070312,147.38999938964844,144.8300018310547,146.0,9499863
2026-07-31,150.75,152.39999389648438,146.4199981689453,146.80999755859375,23484060
2026-08-03,155.00999450683594,155.00999450683594,152.02999877929688,152.89999389648438,17765051
2026-08-04,151.0,155.8699951171875,148.33999633789062,155.00999450683594,26900441
2026-08-05,154.35000610351562,156.38999938964844,150.89999389648438,152.0,20566813
2026-08-06,155.0,157.99000549316406,151.61000061035156,155.3000030517578,39983472
2026-08-07,168.5,169.8000030517578,155.1699981689453,155.1699981689453,115582755
2026-08-10,167.99000549316406,172.0,167.16000366210938,170.0,29875145
2026-08-11,169.25999450683594,170.02999877929688,167.44000244140625,168.5,17059449
2026-08-12,169.5,171.8300018310547,168.6199951171875,170.10000610351562,15747026
2026-08-13,167.39999389648438,171.27000427246094,167.13999938964844,170.3699951171875,12115017
2026-08-14,168.3000030517578,169.27999877929688,166.7100067138672,167.4199981689453,10509453
2026-08-17,168.05999755859375,169.33999633789062,167.5800018310547,168.10000610351562,7660435
2026-08-18,170.39999389648438,170.89999389648438,168.10000610351562,168.10000610351562,12696084
2026-08-19,170.2899932861328,173.27000427246094,169.30999755859375,170.8000030517578,15320296
2026-08-20,169.5800018310547,171.8000030517578,168.83999633789062,171.14999389648438,11213969
2026-08-21,169.3800048828125,170.41000366210938,167.66000366210938,170.41000366210938,7600823
2026-08-24,169.0,169.13999938964844,166.7100067138672,169.0,5225140
2026-08-25,166.4499969482422,168.27999877929688,164.80999755859375,167.61000061035156,8705147
2026-08-26,165.0,167.0,164.91000366210938,167.0,10016435
2026-08-27,166.0,167.94000244140625,164.77000427246094,166.0,12301325
2026-08-28,165.60000610351562,167.14999389648438,164.67999267578125,166.77999877929688,8444402
2026-08-31,170.67999267578125,170.67999267578125,163.74000549316406,164.69000244140625,20098698
2026-09-01,165.60000610351562,170.0,163.3000030517578,170.0,14103203
2026-09-02,163.3000030517578,163.8000030517578,159.9199981689453,163.8000030517578,18944363
2026-09-03,162.0,164.33999633789062,161.35000610351562,164.0,8794139
2026-09-04,160.6999969482422,162.89999389648438,160.25999450683594,162.00999450683594,7139764
2026-09-07,162.0,164.64999389648438,160.1199951171875,160.5,15669796
2026-09-08,163.85000610351562,164.5,161.1699981689453,162.8000030517578,10426788
2026-09-09,163.6999969482422,165.0399932861328,162.5,162.99000549316406,6002467
2026-09-10,163.1999969482422,164.6999969482422,162.3300018310547,163.6999969482422,5599332
2026-09-11,164.4499969482422,165.5800018310547,160.7100067138672,161.44000244140625,13200183
2026-09-14,164.4499969482422,164.4499969482422,164.4499969482422,164.4499969482422,0
2026-09-15,158.14999389648438,165.41000366210938,158.14999389648438,165.0,13755237
2026-09-16,158.27000427246094,160.39999389648438,156.39999389648438,157.19000244140625,8769455
2026-09-17,161.8699951171875,162.83999633789062,158.66000366210938,159.02000427246094,7026483
2026-09-18,162.57000732421875,165.3699951171875,161.83999633789062,161.8699951171875,19068300
2026-09-21,162.91000366210938,163.8800048828125,160.5,163.1199951171875,7264642
2026-09-22,161.77000427246094,163.89999389648438,161.2100067138672,162.75,8031394
2026-09-23,164.39999389648438,165.1999969482422,162.3300018310547,162.99000549316406,7287266
2026-09-24,162.5,164.8000030517578,162.5,163.75,22050862
2026-09-25,165.7100067138672,166.22000122070312,160.72000122070312,162.60000610351562,14239797
2026-09-28,162.3699951171875,165.49000549316406,161.3000030517578,165.0,9738841
2026-09-29,158.55999755859375,163.24000549316406,158.55999755859375,162.0800018310547,14156331
2026-09-30,163.25999450683594,164.10000610351562,160.35000610351562,160.35000610351562,15307995
2026-10-01,157.02999877929688,162.27000427246094,153.80999755859375,161.35000610351562,23039471
