Date,Close,High,Low,Open,Volume
2020-10-07,14.235640525817871,14.461051305725128,14.148942284738256,14.391693745505824,12483841
2020-10-08,14.304997444152832,14.807839778553355,14.209631439927916,14.270318662470036,46536004
2020-10-09,14.140274047851562,14.547749092157607,14.105595265748683,14.400364913623152,17526205
2020-10-12,14.001559257507324,14.278989521028901,13.940870741959186,14.157613780738211,13690348
2020-10-13,13.741470336914062,13.992890903532517,13.680781812747405,13.940872721735,19288040
2020-10-14,13.862844467163086,14.166283179960157,13.516056629220365,13.611422639251805,50393480
2020-10-15,14.001559257507324,14.304997962831255,13.854173784608694,13.871513176078793,26825520
2020-10-16,14.40036392211914,14.495729920933073,14.027566394778535,14.096923954208837,21961054
2020-10-19,14.660453796386719,14.703801622749209,14.331005410971349,14.495728958276342,17853338
2020-10-20,14.504401206970215,14.73848233990714,14.383025470053331,14.643116334875222,17591713
2020-10-21,14.781829833984375,14.851187390294436,14.478389879725155,14.504399608744132,21301012
2020-10-22,15.015913009643555,15.085270575507959,14.504401606796367,14.686464571787635,19130043
2020-10-23,14.71247386932373,15.119948911324776,14.634445964630862,15.119948911324776,34048189
2020-10-26,14.45238208770752,14.729812325352244,14.296327579032363,14.712472935499449,14988461
2020-10-27,14.32233715057373,14.443714179943484,14.14894323833918,14.39169471546755,18250693
2020-10-28,14.062246322631836,14.400365097863624,13.94087058371886,14.322337191731068,13623611
2020-10-29,14.010228157043457,14.079585722177335,13.767476679074882,13.940870591909578,12555356
2020-10-30,14.296329498291016,14.539080988819137,14.010228881908626,14.096925842811526,26444101
2020-11-02,14.59110164642334,14.790504045003459,14.183625215489835,14.33967977165048,32248007
2020-11-03,14.816509246826172,15.050590363997127,14.73848134723221,14.74715168754508,29723217
2020-11-04,14.799174308776855,14.99857670628992,14.608440963378948,14.963897916217574,13825731
2020-11-05,15.683478355407715,15.744165572896119,14.885866443124433,14.885866443124433,55894979
2020-11-06,15.67480754852295,15.778845172615002,15.354029499625122,15.709486326285168,23024711
2020-11-09,16.17765235900879,16.22100148340143,15.622791827938821,15.813525135494123,41586734
2020-11-10,16.299028396606445,16.541779883364413,16.038937517937192,16.299028396606445,33590220
2020-11-11,15.735498428344727,16.030268083782754,15.293343299784885,16.030268083782754,89391302
2020-11-12,15.787515640258789,15.934899813588899,15.570773905172032,15.865543542637768,32887379
2020-11-13,16.0649471282959,16.16898347896763,15.605452600759616,15.761507126767212,28955582
2020-11-14,16.299028396606445,16.342377521787462,16.047607859295645,16.16898360267463,11176818
2020-11-17,16.654483795166016,16.83654673443017,16.21232872985809,16.463750515991215,65325294
2020-11-18,16.92324447631836,16.98393298613412,16.47242034067873,16.645814239001666,55650871
2020-11-19,16.68049430847168,17.165998552122577,16.61113674377949,16.88856700254825,60237074
2020-11-20,16.203659057617188,16.732509756861425,16.064943950824553,16.58512560129693,40914757
2020-11-23,16.22100257873535,16.368388062655914,15.969580738214047,16.299029200783064,22986696
2020-11-24,16.17765235900879,16.281689999390007,15.978250001058319,16.2296705337966,62540159
2020-11-25,16.142974853515625,16.53311184070591,16.090956674610634,16.1863239813393,37580718
2020-11-26,16.706501007080078,16.7585191711538,16.099622426219973,16.212327802977043,36634014
2020-11-27,16.715171813964844,17.122648120807593,16.602466425352254,16.79319971368588,49487320
2020-12-01,17.2093448638916,17.330720591377165,16.628474665522248,16.81920795157099,40305891
2020-12-02,17.894248962402344,18.11966230409069,17.339388529459633,17.469434588833266,100901303
2020-12-03,18.336406707763672,18.579158182820933,18.032968009344877,18.189021238218984,57673031
2020-12-04,18.527141571044922,18.691865154742324,17.95494161732832,18.397095481615587,47315824
2020-12-07,18.96062469482422,19.203376168707987,18.60516653409164,18.71787322094045,58014780
2020-12-08,18.69186019897461,19.081997073020062,18.423100331312238,18.960621357442307,29936035
2020-12-09,18.561819076538086,18.960625077393864,18.518469952781405,18.804570555319863,20922626
2020-12-10,18.69186019897461,18.761217750733326,18.067642233146145,18.561815434829676,21808908
2020-12-11,19.220714569091797,19.723556881935263,18.743881986798147,18.76989042654248,64262979
2020-12-14,20.22640037536621,20.417133677577613,19.506816289698712,19.506816289698712,106077964
2020-12-15,19.931631088256836,20.408463707037154,19.59351360087524,20.313097699603325,41871617
2020-12-16,19.870943069458008,20.9459840040246,19.74956733433535,20.35644471914311,107039902
2020-12-17,20.044336318969727,20.44314100190799,19.836263637016465,19.870942417342008,42376000
2020-12-18,20.06167221069336,20.148369151966882,19.63685784385577,20.053003161968682,34807171
2020-12-21,18.908607482910156,20.512501876565537,18.570488695983833,20.044338295994518,51077993
2020-12-22,19.281402587890625,19.532824400131897,18.683194250125926,19.00397362563299,55038590
2020-12-23,19.359432220458984,19.506817700960763,18.856589841886098,19.454799523867017,42503924
2020-12-24,19.65420150756836,20.009659689516734,19.021313053194177,19.48080758730223,56924224
2020-12-28,20.105024337768555,20.287088587112542,19.66287051645694,19.8015856432693,22006133
2020-12-29,19.73222541809082,20.382453175249616,19.628190371015304,20.278416837368646,28544621
2020-12-30,20.09635353088379,20.269746133435376,19.541493072141332,19.88827956804994,30683663
2020-12-31,19.84493064880371,20.434469853797715,19.766902755681237,20.28708569795189,64065960
2021-01-01,20.174381256103516,20.287087938437555,19.87094257130664,19.922960742198004,24807446
2021-01-04,21.22341537475586,21.35346015878907,20.37378523577419,20.46915123862447,78445478
2021-01-05,20.97199249267578,21.223414288789925,20.711901647112246,21.21474394853508,36748957
2021-01-06,21.370798110961914,21.916988232427443,21.024010322474137,21.154055097754334,78055512
2021-01-07,22.18575096130371,22.315797036459703,21.72625775491173,21.847632198542552,74045526
2021-01-08,21.760936737060547,22.454512368813695,21.674238492285866,22.454512368813695,44502912
2021-01-11,22.3331356048584,22.57588707882425,21.431488563790786,21.882311438921814,51582052
2021-01-12,22.09905242919922,22.627905772842052,21.995018668364093,22.246439183872855,33239830
2021-01-13,21.864971160888672,22.35047406046229,21.474834256900017,22.2551067740719,32951501
2021-01-14,21.75226593017578,21.96033862759064,21.596212697920222,21.86497391081721,19886543
2021-01-15,21.110706329345703,21.951666033570312,20.989330608780936,21.72625527189827,34582710
2021-01-18,20.174381256103516,21.22341501448211,20.018326743429423,21.162726503039433,42410221
2021-01-19,20.937314987182617,21.05002167252043,20.243739356813098,20.243739356813098,29257763
2021-01-20,21.02401351928711,21.2147468319574,20.74658324631214,20.9719953431043,28859295
2021-01-21,20.321765899658203,21.154056653227823,20.174381724116348,20.99800342773905,31733828
2021-01-22,19.402780532836914,20.4258059982962,19.281404783301742,20.287090855970288,35430735
2021-01-25,19.090669631958008,19.610850039821536,18.657183592261692,19.584841600290826,36645918
2021-01-27,18.518468856811523,19.281402030687655,18.39709312460396,18.951954905501193,23894979
2021-01-28,18.527141571044922,18.787232459097922,18.07631736508639,18.20636345451572,27254614
2021-01-29,18.24104118347168,18.830580495592066,18.128334493104692,18.726542855588757,26657118
2021-02-01,18.87392807006836,19.1426879897389,17.972279722725585,18.40576450510192,53408056
2021-02-02,19.212045669555664,19.610850354121336,18.769890573197927,19.168696548569095,42092264
2021-02-03,19.168697357177734,19.558833008486797,19.07333006146762,19.272733702967557,36636879
2021-02-04,20.209062576293945,20.35644676693794,19.10801050865895,19.22938625599163,53824028
2021-02-05,20.122365951538086,20.460484755897962,19.78424714717821,20.313099271975386,35390195
2021-02-08,20.417133331298828,20.763921147619783,19.94029943845475,20.113693346615225,48353725
2021-02-09,20.243741989135742,21.42282071408121,20.035669272968896,21.42282071408121,114298295
2021-02-10,20.304428100585938,20.54717957397358,20.070345677273654,20.443141937430468,27662273
2021-02-11,19.66286849975586,20.11369132485231,19.246723162000293,20.11369132485231,53101008
2021-02-12,19.489477157592773,19.83626629817767,19.385440802659005,19.766907437416158,21297308
2021-02-15,19.437456130981445,19.662869491102498,19.34209013167375,19.50681498157633,19320248
2021-02-16,20.026996612548828,20.339106941472025,19.62819191020406,19.63686096030455,61772356
2021-02-17,20.200389862060547,20.33043593575983,19.844933003452795,20.070345079166778,27308932
2021-02-18,20.807268142700195,20.937312915121833,20.148370068251452,20.200388235381187,48841189
2021-02-19,20.451810836791992,21.39680693189856,20.131032772113585,21.23208337482719,108865062
2021-02-22,20.807268142700195,21.050019589305634,20.356442736770397,20.633874252267738,60061541
2021-02-23,21.301441192626953,21.760935671567697,20.841948004491684,20.928644954215837,83819752
2021-02-24,21.457496643066406,21.812953507119886,21.344791248885485,21.526854205887137,28749602
2021-02-25,22.194421768188477,22.39382542166486,21.53552487194538,21.578873997364187,69050022
2021-02-26,22.021024703979492,22.783957843329965,21.570200576181488,22.003686605254245,73280869
2021-03-01,22.809968948364258,22.931343391591977,22.142403056584183,22.419833305803024,71184018
2021-03-02,23.20877456665039,23.382168460041818,22.81863637031154,23.269460493129245,65108686
2021-03-03,23.66826820373535,23.8329930510962,23.29547068021688,23.338818509013656,47359990
2021-03-04,23.850332260131836,24.2057891197105,23.165425690496583,23.408177157313162,67390480
2021-03-05,23.044050216674805,23.832993093926333,22.67125269248638,23.832993093926333,47552778
2021-03-08,23.971708297729492,24.257810196007828,23.60758236408245,23.85900289746838,51896906
2021-03-09,22.809968948364258,24.214460875840157,22.281118181193605,24.1624414133061,57113710
2021-03-10,22.983360290527344,23.13941349750101,22.558545914198195,23.09606567129841,39327191
2021-03-12,23.252124786376953,24.058405828180785,22.896667913763913,24.015057995776758,91028507
2021-03-15,23.555561065673828,23.659599989034156,22.88799518485174,23.442855674181477,54508616
2021-03-16,23.60757827758789,23.84166066961893,23.28680023316654,23.650926103783043,31432537
2021-03-17,23.07006072998047,23.694278780770247,23.000703168781605,23.694278780770247,36120728
2021-03-18,22.931344985961914,23.546894039616856,22.610566883402342,23.286804453696213,32709414
2021-03-19,23.122079849243164,23.200106467745325,21.969010928050267,22.827311476407782,64445479
2021-03-22,24.049875259399414,24.26561196818409,23.6840613259071,23.94669646914547,48258477
2021-03-23,24.753368377685547,24.950344080049923,24.01236121989767,24.16243847752203,46517980
2021-03-24,23.815385818481445,24.790888005366927,23.6840668198655,24.575151246538113,36590683
2021-03-25,23.271352767944336,24.106158115224844,22.886779141479824,23.815382763930334,43019532
2021-03-26,23.777864456176758,24.162436702317212,23.533987533919525,23.533987533919525,41666792
2021-03-30,24.865921020507812,25.109797908698024,23.956078538368878,24.09677663566824,78006065
2021-03-31,25.391193389892578,25.77576561381075,24.790884438188105,24.912821495735574,54212122
2021-04-01,25.97274398803711,26.1134393032738,25.46623191536102,25.531891404980147,37573053
2021-04-05,26.441734313964844,26.929485341994734,25.522512619212762,26.075920344674916,70033601
2021-04-06,26.104063034057617,26.807550859592265,25.907087336690417,26.638712552513013,28070443
2021-04-07,26.188478469848633,26.57305070040053,26.075920539462466,26.075920539462466,25276562
2021-04-08,27.05142593383789,27.342201321408186,26.263520324114456,26.263520324114456,78987474
2021-04-09,27.248397827148438,27.42661524554775,26.76064959669982,27.192120259431295,39418360
2021-04-12,25.184843063354492,26.63871446952945,24.997246482583158,26.63871446952945,44267862
2021-04-13,25.963363647460938,26.075921582348773,24.97848241545991,25.363054661392475,32797606
2021-04-15,26.507394790649414,26.798167357990312,25.916464940283788,26.282278923183476,47656844
2021-04-16,26.732511520385742,27.257781894749122,26.638711842714308,26.751269780077887,36205443
2021-04-19,25.869565963745117,26.31041856000353,25.54127129888864,25.982123895147048,24332270
2021-04-20,25.813283920288086,26.432353899213666,25.606929122692826,26.075919076453808,26169709
2021-04-22,26.460498809814453,26.54491656969471,25.700730591680937,25.700730591680937,25949448
2021-04-23,26.010265350341797,26.835690221054904,25.813286865937137,26.26351861359883,20790584
2021-04-26,26.76064682006836,26.920103170637077,26.122815831654055,26.310415152766303,34928850
2021-04-27,27.473512649536133,27.72676867740098,26.760648588924553,26.910725821278554,42351067
2021-04-28,27.679872512817383,27.895609250303703,27.267160089964044,27.698633564936692,31022989
2021-04-29,28.889873504638672,29.002431453358042,27.81119525754758,28.02692923112349,70728731
2021-04-30,29.218162536621094,29.77157304177875,28.655372902495504,28.889867885113674,65079933
2021-05-03,29.827856063842773,29.94979593500726,28.383363801940348,28.51468001071762,56331220
2021-05-04,29.583974838256836,30.793971785513204,29.499557096138908,30.128003390872173,50872966
2021-05-05,31.394285202026367,31.553741580712472,30.06235101459561,30.184288081057325,92098065
2021-05-06,31.96645164489746,32.257226991343316,31.422423054518134,31.84451458747727,59773782
2021-05-07,34.65846633911133,36.16861800029594,32.19157079279452,32.35102996903009,176588725
2021-05-10,37.51931381225586,38.025825945256486,35.455754345652124,35.6433509147134,215902396
2021-05-11,36.9471435546875,37.312957548563176,35.30567294022967,36.581332353882054,115619432
2021-05-12,38.072715759277344,39.99558225110032,37.106592949336104,37.716283755388844,255173822
2021-05-14,34.8460578918457,38.23217472975097,34.273889144942714,38.23217472975097,206864820
2021-05-17,35.005516052246094,35.324428763645805,33.58916152168078,34.939856567050924,124556346
2021-05-18,35.193119049072266,36.49691310554464,34.70536517782707,36.01854115752864,110911511
2021-05-19,34.58342361450195,36.01853647907251,34.367689683518314,34.686602412058456,90682273
2021-05-20,33.523502349853516,34.46148502901744,33.148309278187945,33.767376449901214,76012884
2021-05-21,33.05451583862305,33.93622111961639,32.83878187659032,33.76738280903603,52868433
2021-05-24,34.302032470703125,34.51776641600052,32.17281085492686,32.454204293304834,90596396
2021-05-25,34.0769157409668,34.84606020707571,33.84241795633377,34.51776554304553,54339831
2021-05-26,33.223350524902344,34.01125603782805,33.092031542879695,33.945596546816724,41565732
2021-05-27,33.495361328125,34.12381040561408,32.99823121894846,33.354663231524356,51746352
2021-05-28,33.626686096191406,35.043038055561574,33.46722971551235,34.161335603803664,58243823
2021-05-31,34.170711517333984,34.292648573842186,33.32652845772954,33.76737824557764,33695999
2021-06-01,34.03001022338867,34.43334345737984,33.52350099366582,34.377065895441625,28264625
2021-06-02,34.386444091796875,34.78039818696809,34.04877035010854,34.245746001159326,44530092
2021-06-03,34.81792068481445,35.24939415880142,34.51776619615226,34.70536275156613,41076298
2021-06-04,36.26241683959961,36.384353906660515,34.26451415210081,34.58342691104014,80648788
2021-06-07,34.1988525390625,36.618846643013505,34.020635117890976,36.618846643013505,113796363
2021-06-08,33.42970657348633,34.5646649541836,33.29838759756701,34.43334597826428,83248695
2021-06-09,33.65481948852539,34.25512557742593,33.09202711860862,33.67357774455212,69726733
2021-06-10,33.6641960144043,34.76163490616018,33.420319153419946,33.973729559476816,92469774
2021-06-11,34.49900817871094,34.69598386500721,33.60792383598807,34.05815557213392,75435894
2021-06-14,34.855438232421875,35.080554087529016,33.90807637378017,34.499006191703906,68658420
2021-06-15,33.93621826171875,35.11807516397117,33.77676188792765,34.89295929753546,78975956
2021-06-16,33.542259216308594,34.53652221153717,33.448462348815745,33.93621332175983,54420096
2021-06-17,33.72986602783203,33.86118503404186,33.05451832093439,33.29839527829383,45846218
2021-06-18,33.42970657348633,34.04877376547759,32.19156660336394,33.87055635233135,49650184
2021-06-21,34.67722702026367,34.83668340171827,32.60428288907285,32.82939876632767,56848420
2021-06-22,34.78040313720703,35.21187380535116,34.59280658734653,35.08993674620935,58822074
2021-06-23,33.542259216308594,35.45574659554357,33.401563915069325,35.361946934981006,150201073
2021-06-24,32.941951751708984,33.71109894654691,32.660558343986715,33.71109894654691,70615349
2021-06-25,33.34529113769531,33.8049020376083,33.12017525287217,33.25149424888752,43802181
2021-06-28,34.16133499145508,34.695984489483635,33.542264946577106,33.63606462316416,101522193
2021-06-29,34.05815505981445,34.63032385095875,33.88931955783454,34.16133386273001,78940884
2021-06-30,34.53652572631836,35.06179605833027,34.189472812363704,34.36769023042096,71893292
2021-07-01,34.60218811035156,34.78978467319,34.320791869558796,34.611567240225924,37217647
2021-07-02,34.3207893371582,34.986757784362915,34.05815416856325,34.986757784362915,39117905
2021-07-05,32.87630081176758,34.583428193117605,32.7918830539859,34.50838956551826,98957534
2021-07-06,31.788232803344727,32.92319106516396,31.563116976550678,32.1352856713848,259182976
2021-07-07,31.563125610351562,31.628782316324045,31.141031224850483,31.141031224850483,213556105
2021-07-08,31.347383499145508,31.86327468683357,31.169166086350916,31.5256009119401,124803257
2021-07-09,31.431804656982422,31.51622241160309,31.075372585767266,31.413046397320155,70943465
2021-07-12,31.075368881225586,31.62877657827314,31.00033026538152,31.516218654507043,66133840
2021-07-13,32.22909164428711,32.773123109323095,31.084753931217254,31.328628082630658,140692695
2021-07-14,32.27598571777344,33.2045864647828,32.13528761923148,33.01699272415327,150281303
2021-07-15,32.388545989990234,32.53862322784804,32.18218839140074,32.41668337728606,40836182
2021-07-16,33.523502349853516,33.72047801421048,32.28536521335714,32.491720006238275,171933674
2021-07-19,32.8012580871582,33.626682887652144,32.36040550680872,33.18583030730266,63899643
2021-07-20,32.182193756103516,32.876302493437315,31.938319600466286,32.857541439042656,40032940
2021-07-22,32.941951751708984,33.11079003079823,32.09776873547232,32.726217829914184,58696437
2021-07-23,32.548004150390625,33.59854487328164,32.38854777464792,33.204590705662426,187543097
2021-07-26,32.7918815612793,33.09203326494327,32.369787205444204,32.566765688728665,56235995
2021-07-27,32.7449836730957,33.31715254270677,32.58552727867582,32.90444006751558,58405313
2021-07-28,32.679317474365234,33.00761211970585,32.144668030256476,32.81063644972945,53434007
2021-07-29,34.283267974853516,34.667840179004656,32.71683618624682,32.88567446677042,165657838
2021-07-30,33.99250030517578,34.98676357597942,33.879945150215896,34.292654833256805,91322655
2021-08-02,33.79551696777344,34.423966067388925,33.232727354625965,34.208229350748255,63735627
2021-08-03,33.98311233520508,34.29264591350924,33.39218256348274,33.795515803949556,42277465
2021-08-04,33.6172981262207,34.564662696120195,33.48598195195003,34.039392412897996,43635547
2021-08-05,33.77676010131836,33.95497472468411,32.726219446852994,33.46722649960945,55690174
2021-08-06,33.45784378051758,34.105053941671365,33.38280516412902,33.86117704187358,38310377
2021-08-09,32.726219177246094,33.65482276779272,32.55738089120581,33.65482276779272,38279797
2021-08-10,31.591259002685547,32.904434851965824,31.338005755126886,32.735599353593386,39071065
2021-08-11,32.22909164428711,32.416688219632206,31.319248952131012,31.797620917528608,53219573
2021-08-12,32.53861999511719,32.82939251977576,31.938311103327,32.40730102850321,36126762
2021-08-13,32.21969985961914,32.8293877917704,31.703811574836177,32.8293877917704,72456004
2021-08-16,32.341651916503906,32.91382076479357,31.919557533257233,32.079013921735104,39753361
2021-08-17,31.422426223754883,32.49172525417587,31.141029978020754,32.26660937481668,53041491
2021-08-18,31.319246292114258,31.61002165747053,31.10350955052282,31.55374129311181,32955064
2021-08-20,28.32707977294922,30.362504487198823,28.19576358113286,30.362504487198823,113703285
2021-08-23,27.53917121887207,29.021185235496144,27.24839589261244,28.627231117165383,58478498
2021-08-24,29.030569076538086,29.152506145287486,27.820571932868045,27.951888131581953,57021084
2021-08-25,29.31195831298828,29.621491872384926,28.805446313003223,29.433895352588536,46794557
2021-08-26,27.86746597290039,29.537076530958245,27.74552892341617,29.124364153952577,170784608
2021-08-27,28.552194595336914,29.077464929548107,28.18638342167092,28.23328186038656,118759083
2021-08-30,29.180641174316406,29.265058915227506,28.814827239608622,28.889865852211766,56972640
2021-08-31,28.89925193786621,29.40576124938871,28.702273456596735,29.26506313221628,49625365
2021-09-01,28.552194595336914,28.88986838161554,28.139482189885264,28.88986838161554,50825615
2021-09-02,28.7585506439209,28.936768053114765,28.33645633902966,28.495915490976735,31373438
2021-09-03,29.00242805480957,29.40576135539174,28.664754248220582,28.664754248220582,36345345
2021-09-06,28.8242130279541,29.246304582205866,28.383360421499738,28.889869727987826,43437732
2021-09-07,28.392738342285156,29.02118747865943,28.327078851976644,28.796071620233125,28997457
2021-09-08,28.561573028564453,28.68351287655208,28.317698918729107,28.58971320833621,21590313
2021-09-09,28.514671325683594,28.758548200661757,28.383355156902763,28.514671325683594,21970909
2021-09-13,28.43025779724121,28.636615398387722,28.177001756950506,28.514675546314763,21472361
2021-09-14,28.49591827392578,28.83359207497452,28.34584102901523,28.53343758515342,30669094
2021-09-15,28.93677520751953,28.983673655301672,28.4396421645889,28.53344185322375,30837941
2021-09-16,28.53343963623047,29.0211907172509,28.45840100838117,28.889871721979457,26924238
2021-09-17,27.6517333984375,28.53343864146283,27.398480133078106,28.514677588619406,80907360
2021-09-20,25.513132095336914,26.863827323913576,25.325535535812378,26.863827323913576,89290683
2021-09-21,25.90708351135254,26.029020563806508,25.053518558034956,25.51312938171754,59720787
2021-09-22,27.126462936401367,27.33282055167813,25.76638855659901,26.075922186443915,78727652
2021-09-23,26.80754852294922,27.52979454572225,26.638710230586522,27.52979454572225,41861820
2021-09-24,26.263517379760742,27.210882065761826,26.132201189396984,26.93886496952602,40101188
2021-09-27,26.235380172729492,26.51677360720545,26.000882385417732,26.441734985602515,30566133
2021-09-28,26.357318878173828,26.8075506358673,26.104062816203676,26.272901121873872,38076366
2021-09-29,26.80754852294922,27.17336249551,26.085302500176184,26.085302500176184,52056917
2021-09-30,26.826309204101562,27.83933067055015,26.760652500153,27.248400783520893,72724916
2021-10-01,26.9482479095459,27.27653979438683,26.4417358015607,26.694991855553297,44581565
2021-10-04,27.83932876586914,27.895609128912024,26.845068420766022,27.16398116777528,61629842
2021-10-05,27.51103401184082,28.05506256797833,27.407855219101005,27.76428723983423,63747805
2021-10-06,26.8919677734375,27.92375025761429,26.78878896640578,27.67049420147105,39836702
2021-10-07,27.07956314086914,27.417236936481768,26.910727639597873,27.17336281396325,28177494
2021-10-08,27.314058303833008,27.961268510917353,27.07956330924483,27.28592091549291,37034815
2021-10-11,28.711654663085938,28.88986929445042,27.38909686356988,27.464135485113907,107476673
2021-10-12,28.439640045166016,29.03994906986609,28.00816933019801,29.03994906986609,66394259
2021-10-13,28.439640045166016,29.077468383909842,28.214524160903487,28.439640045166016,59123966
2021-10-14,28.805448532104492,28.964904887948155,28.57095356256149,28.664750433150765,38375225
2021-10-18,29.555843353271484,29.940415663209205,29.124372594259302,29.19002930573529,92894485
2021-10-19,28.58033561706543,29.81847286986534,28.420879244896604,29.81847286986534,58258416
2021-10-20,27.980022430419922,28.67413097015935,27.792425905229493,28.608471488075278,47338188
2021-10-21,27.379716873168945,28.195762555066608,27.05142221596977,28.13948219414331,57542293
2021-10-22,26.732511520385742,27.576694654077485,26.45111528044167,27.501656029168434,38840223
2021-10-25,26.357318878173828,27.004526331590622,26.038403319939142,26.826308895902717,32597293
2021-10-26,26.74188804626465,26.882586152536334,26.21661772304899,26.413593395987373,39322144
2021-10-27,26.31979751586914,27.00452422911673,26.2635171540041,26.826306807304185,36682415
2021-10-28,25.241117477416992,26.685612364843568,24.96910316765951,26.31979837992169,106995970
2021-10-29,26.854450225830078,27.163983874195225,25.062902248566868,25.08166330247375,152027120
2021-11-01,27.323440551757812,27.511037108276557,26.901346204788023,27.01390413869927,53821686
2021-11-02,26.61057472229004,27.295301483242273,26.563673486444888,27.295301483242273,43235320
2021-11-03,26.61995506286621,26.891969395015668,26.45111675089974,26.723133876119586,31103601
2021-11-04,26.70436668395996,26.80754547349632,26.648089121620878,26.78878442400346,5311373
2021-11-08,27.248397827148438,27.407856987332043,26.573050256122638,27.013902841031985,29512651
2021-11-09,27.72677230834961,27.858091300391138,27.163982613322215,27.389098491333172,41662772
2021-11-10,27.060806274414062,27.586076650170817,27.013905038918814,27.51103802506271,30814492
2021-11-11,27.135845184326172,27.351579138973534,26.788789444755974,27.22026294019124,29435942
2021-11-12,26.835689544677734,27.698633705945998,26.68561229923977,27.57669384922504,44438341
2021-11-15,26.301034927368164,27.00452265115369,26.263515619340534,26.97638247186549,23300519
2021-11-16,26.16033935546875,26.61995301808532,25.982124719894546,26.45111471908797,21606351
2021-11-17,25.925844192504883,26.366696799979273,25.76638781722952,26.07592143819232,31716346
2021-11-18,25.47561264038086,26.12282006883875,25.38181575768038,25.93522351036761,31702600
2021-11-22,25.43808937072754,25.73824381757978,24.978478572252477,25.597548515420097,31831645
2021-11-23,26.68561553955078,26.938868827176098,25.54127500759928,25.56941519280337,99733373
2021-11-24,26.826309204101562,27.15460389612563,26.544915748845444,26.87321044086951,40734451
2021-11-25,26.826309204101562,26.94824906801385,26.51677556539874,26.78878989052939,26012821
2021-11-26,25.49437141418457,26.77940702659332,25.419332797502747,26.357315506025543,39412354
2021-11-29,25.316158294677734,25.888327145643558,24.537631816305634,25.513133998605248,38609986
2021-11-30,24.922203063964844,25.832045607702902,24.83778252402783,25.419333209267396,29355259
2021-12-01,25.813283920288086,25.982122202929574,24.903441398981453,24.922202449528243,44744358
2021-12-02,26.563674926757812,26.694993925332078,25.475614795577055,25.841428813810605,98702201
2021-12-03,27.379716873168945,27.67049222077593,26.75126773923224,26.92010602893211,116780706
2021-12-06,26.81692886352539,27.2015011120139,26.5449145506728,27.2015011120139,93626302
2021-12-07,27.257783889770508,27.445380465773503,27.023286074963934,27.18274525936931,51412366
2021-12-08,27.567310333251953,27.67048912134069,27.38909293438408,27.38909293438408,41005334
2021-12-09,27.586076736450195,27.801810689508063,27.43599948576459,27.614214126151058,44435285
2021-12-10,27.745532989501953,27.8487117971416,27.50165606172372,27.576694686721602,40893162
2021-12-13,27.67049789428711,28.158249018993246,27.520420625146762,28.026930011960143,58471004
2021-12-14,28.255775451660156,28.602220486303167,28.021413790460066,28.286341989398757,65075873
2021-12-15,28.092741012573242,28.816200634028885,28.05198259583487,28.327099633168423,35301113
2021-12-16,27.80743408203125,28.327101656921275,27.562883564129773,28.306723964196564,23954949
2021-12-17,27.501745223999023,27.89914058579212,27.348900387278462,27.817623744101276,23826099
2021-12-20,26.59486961364746,27.247004310267773,26.065010172643458,27.247004310267773,44753210
2021-12-21,27.16548728942871,27.47117390930129,25.474011414411432,25.474011414411432,35358987
2021-12-22,27.29795265197754,27.45079748607886,27.073782858269684,27.38965833875799,17811592
2021-12-23,27.501745223999023,27.919518279114374,27.41003953564705,27.460986803153602,18658395
2021-12-24,27.022829055786133,27.695344418166112,26.859795396324376,27.695344418166112,13779515
2021-12-27,27.00245475769043,27.318333271130562,26.59487055783247,27.00245475769043,17444930
2021-12-28,27.043210983276367,27.19605277017024,26.982071841158334,27.155297387692354,11926960
2021-12-29,26.77828025817871,27.196053278390085,26.635627314238512,26.839419401439265,18378356
2021-12-30,26.77828025817871,26.920936236319566,26.45221291865751,26.90055551049916,47493980
2021-12-31,27.16548728942871,27.389657072775172,26.727333534550652,26.819039217092353,16767719
2022-01-03,27.573074340820312,27.63421045747527,27.22662623243876,27.389659922453365,15186651
2022-01-04,27.67496681213379,27.81762279733798,27.379469029611872,27.715725231592014,15419218
2022-01-05,28.24558448791504,28.306723633777153,27.56288324239308,27.67496661947231,19462847
2022-01-06,28.255775451660156,28.479945232746687,28.05198336239936,28.184447461868704,21628133
2022-01-07,28.255775451660156,28.459567540920954,27.899138536903585,28.428997968981662,13100767
2022-01-10,28.52070426940918,28.775443627962055,28.388240167065774,28.541084995877803,20536535
2022-01-11,27.80743408203125,28.612410594473,27.736106089093113,28.530893755172507,21201494
2022-01-12,28.795827865600586,28.989431136755787,28.13350120472239,28.32710447587759,43927963
2022-01-13,29.763837814331055,29.84535161830537,28.734685456719934,28.958858278801827,47613462
2022-01-14,29.74345588684082,29.937059128240424,29.407199701494584,29.58042221707287,20341167
2022-01-17,29.509090423583984,29.835157721082147,29.244162261466858,29.835157721082147,17813075
2022-01-18,28.54108238220215,29.68231800231418,28.46975439739503,29.61099001750706,23952650
2022-01-19,28.856966018676758,29.162655735127817,28.49014017945629,28.602226611101766,17858833
2022-01-20,29.193222045898438,29.53966711594922,28.80601551962886,28.938479632636454,24324749
2022-01-21,28.47994613647461,29.20340883485759,28.204826048692226,29.142269689038933,18674015
2022-01-24,27.29795265197754,28.479946836239417,27.114541278416645,28.479946836239417,26629649
2022-01-25,27.644397735595703,27.990845824314622,27.063591006432567,27.2368135336916,18587587
2022-01-27,27.34890365600586,27.827815916729154,27.06359467598791,27.511937358873254,40608342
2022-01-28,28.14369010925293,28.765255246474382,27.51193309153216,27.78705318099768,38454979
2022-01-31,28.316911697387695,28.806012713963515,28.143689179233935,28.59203177776177,25817543
2022-02-01,29.65174674987793,29.753641264505536,28.26596071838041,28.71430325798255,45839387
2022-02-02,30.67070960998535,30.813362549131053,29.610990792158095,29.85554128857977,76742477
2022-02-03,31.373794555664062,31.577586655677795,30.52805658205687,30.721659835620127,104462874
2022-02-04,31.261707305908203,31.67948337541218,31.098673630258094,31.465499400470836,50572057
2022-02-07,31.373794555664062,31.781378755691524,31.078296769194367,31.36360570921359,46786322
2022-02-08,31.261707305908203,31.65910264885553,30.640142176042357,31.485880127027485,48111057
2022-02-09,31.730430603027344,32.12782594550533,31.139432012393318,31.180190431257707,68384578
2022-02-10,32.464080810546875,32.708631313699016,31.811946135474503,31.84251570691868,71944128
2022-02-11,32.2297248840332,32.892048522623725,32.01574391427647,32.38256973423138,58561510
2022-02-14,31.129249572753906,32.056504551301806,30.97640471200616,31.791573257058953,51967351
2022-02-15,30.426158905029297,31.23113837545029,29.366440094465123,31.23113837545029,68925922
2022-02-16,31.11905288696289,31.475689794152597,30.37521253549341,30.96620806471007,52790491
2022-02-17,30.991512298583984,31.709253135901122,30.85224629439028,31.68782955982881,48611412
2022-02-18,30.455881118774414,31.21647548038366,30.32733009385162,30.980797006393097,24334311
2022-02-21,30.005949020385742,30.723689728284945,29.920248351687597,30.209485716096076,19121121
2022-02-22,30.005949020385742,30.10236147518857,29.116803785159902,29.352479029114626,44908432
2022-02-23,30.58443260192871,31.002224236670077,30.155929179099346,30.295191994036156,39200371
2022-02-24,28.8061466217041,30.10236875160695,28.666880608958135,29.78098957133917,47846720
2022-02-25,30.209491729736328,30.423743444131624,29.609586929429508,29.780988300945744,42042169
2022-02-28,30.670133590698242,30.895097092432238,29.86668886744143,30.188068032716544,26942403
2022-03-02,32.37343215942383,32.501983174239676,30.57371795200191,30.830819981633613,73480194
2022-03-03,32.69480895996094,33.50896540850518,32.50198402763951,33.20901303272572,45991182
2022-03-04,31.730674743652344,32.941195913017026,31.623547310913047,32.40556831911175,35118212
2022-03-07,32.79122543334961,32.96262679520993,31.40929956090272,31.42001453846709,47719803
2022-03-08,32.834075927734375,33.20901401611335,31.923503796134767,33.20901401611335,58310041
2022-03-09,32.7376594543457,33.20901318994492,32.56625809594599,33.187589615110326,28318638
2022-03-10,32.834075927734375,32.994762312783585,32.20203260542887,32.834075927734375,34200585
2022-03-11,33.70179748535156,33.85177209587406,32.74837811937459,32.78051348524514,64364668
2022-03-14,33.47682571411133,34.15171607982833,32.90905639812818,33.70178916935033,50575027
2022-03-15,31.61284065246582,33.15545296663646,31.441439284224636,32.93048946830264,50352034
2022-03-16,32.25559616088867,32.78051205978816,31.891369844078728,31.92350520855187,25913771
2022-03-17,32.416282653808594,32.748373574498174,32.22345453569086,32.55554545638044,51067705
2022-03-21,32.4698486328125,32.95191420042042,32.3520093905298,32.61982324031964,21586918
2022-03-22,32.49127960205078,33.1554584182276,32.26631287679585,32.73766671696153,29085340
2022-03-23,32.37343215942383,32.89834800577256,31.92350201260303,32.780508778042034,32859980
2022-03-24,33.65894317626953,33.84105632114273,32.3841447822957,32.49127222570569,70163813
2022-03-25,33.669654846191406,34.45167273962688,33.57324238041021,33.851767990429394,53380466
2022-03-28,34.58022689819336,34.93374462138522,33.50896832018241,33.85177106514592,63758116
2022-03-29,34.04459762573242,34.89089266060677,33.916046602331164,34.79447700060768,31820747
2022-03-30,34.10887145996094,34.65521410557745,33.412554215704496,34.215998907501614,41343590
2022-03-31,34.82661819458008,35.04086991649394,33.658947107632336,33.658947107632336,48494631
2022-04-01,35.683616638183594,35.769317306669215,34.987299504220495,35.083711958784235,47046343
2022-04-04,36.47635269165039,36.658465831050684,35.7800323052382,35.940721870558754,54867284
2022-04-05,36.122840881347656,36.72274890204851,36.00500482489482,36.66918357828143,36042696
2022-04-06,36.8834342956543,37.35478807837853,35.80146391006552,35.88716459783356,58918540
2022-04-07,36.55134582519531,37.183389238061054,36.32638230194862,37.06554998686277,42943248
2022-04-08,37.3762092590332,37.49404529465418,36.66917709565443,36.74416598372638,36430356
2022-04-11,37.25837326049805,37.56903743664973,37.022694788982385,37.3869242840709,33838317
2022-04-12,36.34779739379883,37.18337729311764,35.8871555161341,37.108388412814726,28598236
2022-04-13,35.90858840942383,36.85129598103161,35.822887721095846,36.35851861811126,29797159
2022-04-18,36.047855377197266,36.35851958314916,35.50151267712244,35.99429005312223,21488149
2022-04-19,36.25138473510742,37.22623068947385,35.865731706010536,36.32637362158111,47312803
2022-04-20,36.422786712646484,36.76558941111845,36.0585604404853,36.57276448819325,37719075
2022-04-21,36.41207504272461,36.551337841943386,35.74789640726771,36.41207504272461,25623869
2022-04-22,35.758609771728516,36.57276621913235,35.66219730570285,35.983573255765315,15195284
2022-04-25,34.04459762573242,35.019443684008024,33.723218472263845,34.92302802400894,44332004
2022-04-26,34.38739776611328,34.601649455653146,34.06601863683818,34.280270326378044,20166914
2022-04-27,34.290985107421875,34.955163746236146,33.958894193049446,34.28027013055813,25343299
2022-04-28,34.86946487426758,35.083716573664105,34.28027190344444,34.60165104750461,23108828
2022-04-29,34.41954040527344,35.287259053492164,34.269562609816326,34.923029543047036,12981999
2022-05-02,34.35525894165039,34.53737207882657,33.755354215715435,34.066018365591965,16402942
2022-05-04,33.562530517578125,34.708774696910794,33.316140270086514,34.708774696910794,19410414
2022-05-05,33.637516021728516,34.4623874376393,33.49825321784734,33.91604481942155,20865615
2022-05-06,32.66267395019531,33.551816109827605,32.309156253908064,33.20901339095325,28594895
2022-05-09,31.752099990844727,32.30915437664902,31.44143584239805,32.244880465559966,26367134
2022-05-10,30.177358627319336,31.891372470975476,30.005957242953723,31.452154031090174,30961431
2022-05-11,30.573719024658203,31.055784549647896,30.005952820117862,30.509441920029843,32683791
2022-05-12,29.481033325195312,30.50944146444631,29.138230612111645,30.402317211573017,32272740
2022-05-13,29.159658432006836,30.316617630537504,28.99896885695043,30.1023659271059,23944789
2022-05-16,29.53459930419922,29.866687047501696,29.138231265855314,29.566734666823773,16174254
2022-05-17,30.80939292907715,30.937943942689433,29.780984820178887,29.780984820178887,26564219
2022-05-18,30.541582107543945,30.959373740204644,30.316618609161615,30.959373740204644,21329926
2022-05-19,30.016666412353516,30.209491357970837,29.513174092237932,29.78098793445352,20846311
2022-05-20,31.377159118652344,31.46286298435253,30.584429462749096,30.7451190272997,23037002
2022-05-23,27.456357955932617,29.30963448518098,26.674339997049056,29.30963448518098,109014141
2022-05-24,27.0814151763916,28.109823347646977,26.899302026881163,27.852721304833132,35257884
2022-05-25,25.935171127319336,27.392084397153813,25.720919410426838,27.392084397153813,42240636
2022-05-26,26.974294662475586,27.17783460542412,25.53880805761207,26.352963044509337,57203795
2022-05-27,26.770750045776367,27.113552757239113,26.28868293529921,26.567211733328033,37962703
2022-05-30,26.545785903930664,27.07070337183007,26.363672754534097,26.995714478573557,34254344
2022-05-31,27.01714324951172,27.349231020144696,26.374388095160896,26.54578787468893,27771775
2022-06-01,27.092126846313477,27.338517100422234,26.80288944185271,27.29566676013944,27398611
2022-06-02,27.381366729736328,27.692034081168064,26.845739085074598,27.20996537305566,31266282
2022-06-03,27.17783546447754,27.777740333233403,27.049281231241366,27.756313564383593,22382358
2022-06-06,26.695762634277344,26.824313658198424,25.96730842702333,26.556499822512226,47792746
2022-06-07,26.28868293762207,26.931439616636855,25.999443947282494,26.674337583017078,41739423
2022-06-08,26.49222183227539,26.727898687417095,26.18155608937868,26.48151004543341,25870459
2022-06-09,26.138710021972656,26.53507650421485,25.870896167590953,26.492226159916534,26987763
2022-06-10,25.603078842163086,25.88160444737648,25.292413090634927,25.88160444737648,38278853
2022-06-13,24.424694061279297,25.33526459350267,24.231867529216565,25.33526459350267,32140944
2022-06-14,24.371129989624023,24.949609539679248,24.178303472938946,24.424692113442795,29106338
2022-06-15,24.435409545898438,24.660374650139964,24.30685851346486,24.59609753895764,17005450
2022-06-16,23.139183044433594,24.73535896859247,23.05348236649125,24.6925086296213,35092901
2022-06-17,23.267736434936523,23.6319643283799,22.764244137693858,23.11776024351866,26808698
2022-06-20,22.410728454589844,23.33201079067719,21.757261548568746,23.33201079067719,41306211
2022-06-21,23.25702476501465,23.364150623916224,22.378592722021736,22.6249814000126,25243546
2022-06-22,22.03578758239746,23.107046055169207,21.917948352909896,23.08562088571377,38914696
2022-06-23,22.496431350708008,22.603557206687732,21.778687318161104,22.035789372512447,30887470
2022-06-24,23.042770385742188,23.192746570881955,22.42144047587745,22.678542507545618,25566620
2022-06-27,23.83550262451172,23.974765433209416,23.160610561274044,23.439136178669436,34320922
2022-06-28,23.83550262451172,24.006903985964513,23.449849561242935,23.921203305238116,40382113
2022-06-29,23.460561752319336,23.814077863878094,23.35343589956902,23.58911437058514,33983434
2022-06-30,23.18203353881836,23.70695099221698,22.967783437491494,23.460560743998247,18960966
2022-07-01,23.492698669433594,23.56768596365347,22.78566809052399,22.957069442986924,21747373
2022-07-04,23.289159774780273,23.37486204968965,22.892794927521994,22.96778381995568,25864921
2022-07-05,23.267736434936523,23.856927818023994,23.192747541744893,23.46056137179409,23116150
2022-07-06,22.764244079589844,23.096333419399063,22.185764485597474,23.096333419399063,57848861
2022-07-07,23.5034122467041,23.781941060636857,22.710682526147153,23.1391843449776,46371489
2022-07-08,23.342721939086914,23.771225310204017,23.203457545991217,23.685524635980595,37325178
2022-07-11,23.353437423706055,23.717665346828074,23.010636267497915,23.08562357183439,44204298
2022-07-12,22.11077308654785,22.999918344390668,21.800108952097375,22.999918344390668,105760979
2022-07-13,22.61427116394043,22.742822203446586,21.992941139660687,22.239331429530292,56153638
2022-07-14,21.7786865234375,22.66783029814085,21.65013550095277,22.603556381863896,59197213
2022-07-15,21.403745651245117,21.939374921796798,21.339470138778918,21.639422530287856,54252646
2022-07-18,22.1322021484375,22.175050893362677,21.532295795004337,21.532295795004337,37974084
2022-07-19,22.25004005432129,22.43215320357246,21.992938011873466,22.057213522485423,31811810
2022-07-20,22.27146339416504,22.624977875994826,22.228613057278686,22.42143957326728,34533642
2022-07-21,22.367876052856445,22.4428649405546,22.1536243665264,22.260750209691423,20303558
2022-07-22,22.292890548706055,22.592842933633616,22.153626143935554,22.464291911521805,23554178
2022-07-25,22.63569450378418,22.74282036136251,22.185765901955186,22.389305828836765,29046763
2022-07-26,22.31431770324707,22.83923362606312,22.26075397512156,22.689257420263456,30415083
2022-07-27,22.38930320739746,22.4642905014397,22.04649890831836,22.38930320739746,19781459
2022-07-28,22.62497901916504,22.92493139252518,22.378590367101882,22.603555444604662,30436804
2022-07-29,23.09633445739746,23.4177136190243,22.74281993155268,22.92493308851139,45684939
2022-08-01,23.074909210205078,23.29987430360903,22.924933012924267,23.29987430360903,26915132
2022-08-02,23.021347045898438,23.08562255892333,22.603557008719363,22.92493297887837,39969064
2022-08-03,22.710681915283203,23.20345923292848,22.33574064081413,22.935645403992336,44922252
2022-08-04,23.01063346862793,23.29987245726672,22.571416699627495,22.817805349581622,79952608
2022-08-05,23.760513305664062,24.081890852629762,23.085621254518777,23.139183381530376,575261708
2022-08-08,24.23186492919922,24.424691440572154,23.996189676930857,24.04975179927406,90343178
2022-08-10,24.85319709777832,25.078162179335727,23.996191896268584,24.27471751015762,103150499
2022-08-11,24.810348510742188,25.28170225180185,24.7460714056323,25.28170225180185,72956051
2022-08-12,25.0460262298584,25.313841679071906,24.703223475643057,24.788924164196892,62116654
2022-08-16,25.056737899780273,25.292414777185382,24.628234486316444,24.949612046414316,53272365
2022-08-17,24.863910675048828,25.11029933348342,24.746071442127434,25.003173483084602,58206554
2022-08-18,25.0460262298584,25.099589957687318,24.71393685919506,24.746073819919975,52333654
2022-08-19,24.85319709777832,25.174576241421867,24.75678463065756,24.799634970481314,57276476
2022-08-22,24.146167755126953,24.724647334829136,24.01761514245,24.510395638643143,78450178
2022-08-23,25.538803100585938,25.710204452972654,23.93191542196048,23.98547754709867,113561384
2022-08-24,25.849470138549805,26.4493749388398,25.345979407217737,25.699493938477307,86230766
2022-08-25,26.149423599243164,26.695764695611174,25.96731043210901,26.106573254627413,73263501
2022-08-26,26.342248916625977,26.78146413088983,26.245834848272033,26.460088156284634,53553977
2022-08-29,26.535078048706055,26.588641779679435,25.61379559266843,25.61379559266843,41265889
2022-08-30,26.192270278930664,26.83502376326467,26.12799477100073,26.567211539337944,37110077
2022-09-01,26.170846939086914,26.310111346819678,25.978020401817624,26.095858043777245,24148720
2022-09-02,26.138710021972656,26.213698921977482,25.688783001805884,26.063722716933377,35803950
2022-09-05,26.245834350585938,26.53507495519757,26.010159065668578,26.12799670812726,16861285
2022-09-06,26.138710021972656,26.438662432060866,26.074434505525183,26.37438851057894,36916387
2022-09-07,26.545785903930664,26.567212669117154,25.956594520333386,26.11728409447426,22387260
2022-09-08,26.21369743347168,26.8136022195834,26.170847091606557,26.7171897478696,24031080
2022-09-09,26.556501388549805,26.813603451553277,26.3636748412972,26.460088912406267,24881576
2022-09-12,27.102840423583984,27.167114335722115,26.67433704289436,26.760037719032283,33527620
2022-09-13,26.888591766357422,27.317095195383587,26.835026445280914,27.28495664072388,31918217
2022-09-14,27.23139190673828,27.638468530438313,26.47079759543347,26.642198950660998,47468528
2022-09-15,26.920732498168945,27.349232771918093,26.72790434454715,27.349232771918093,21698149
2022-09-16,26.813602447509766,27.499207923179654,26.76004031720579,26.995715604501846,97412881
2022-09-19,27.01714324951172,27.242106756051747,26.67434050052461,26.94215435068803,23050724
2022-09-20,27.27424430847168,27.63847062091361,27.102842940279967,27.156405070357145,30872049
2022-09-21,27.584909439086914,27.917000398856946,27.274245246042867,27.33851916635876,37308173
2022-09-22,28.1419620513916,28.227662732789113,27.42421804720471,27.49920694091024,42925095
2022-09-23,27.402793884277344,28.43120203899742,27.252816100081958,28.163388212855086,27552084
2022-09-26,26.299396514892578,26.952863391040044,25.838754570424715,26.952863391040044,44502857
2022-09-27,26.62077522277832,26.749326246160027,26.117284512016006,26.16013485314324,20494453
2022-09-28,26.18155860900879,26.63148878890809,26.117284691840815,26.374386740374455,14570112
2022-09-29,26.813602447509766,26.93144168612326,26.310111723797423,26.460087921600213,28027050
2022-09-30,27.370655059814453,27.627757095938115,26.738613351826455,26.792173883570847,26557791
2022-10-03,26.942153930664062,27.434934469616174,26.792176135354815,27.35994557196155,11903386
2022-10-04,27.788448333740234,27.89557259358887,27.23139388870697,27.638470542035055,17953508
2022-10-06,28.47405242919922,28.549041321429705,27.88485945869815,27.92770979855403,30942248
2022-10-07,28.891845703125,29.052532094384674,28.23837559026475,28.61331688306587,28094361
2022-10-10,29.191795349121094,29.309631386956934,28.463339598275674,28.656164525592967,26497224
2022-10-11,28.03483772277832,29.44889896221416,27.927710276340505,29.44889896221416,30661764
2022-10-12,27.981273651123047,28.859707267295295,27.724171596135697,28.291941026680973,31297310
2022-10-13,27.638471603393555,28.17410249299848,26.99571644982626,28.05626325069505,58404950
2022-10-14,28.356212615966797,28.70972711505004,28.013409904145306,28.495475420161608,37106654
2022-10-17,28.5811767578125,28.699015990203712,27.927709870802477,28.399063610436563,29912215
2022-10-18,28.23837661743164,28.870419987155856,28.066975241908533,28.870419987155856,26343973
2022-10-19,28.131250381469727,28.49547668396857,27.895571911674494,28.1848125100847,19181723
2022-10-20,28.409772872924805,28.506188521728745,27.874145265911825,27.970557724785284,22255468
2022-10-21,27.927711486816406,29.298922445095926,27.638470877821582,28.409777041853815,75636750
2022-10-24,28.05626106262207,28.3883519968819,27.938421829508776,28.3883519968819,9801792
2022-10-25,28.013408660888672,28.36692314428267,27.456354278901248,28.013408660888672,89337039
2022-10-27,29.0726261138916,30.39664206928817,25.713804205413002,25.713804205413002,115809552
2022-10-28,28.13884735107422,29.12837352656721,27.98553926574238,29.12837352656721,69383232
2022-10-31,27.804357528686523,28.375776253357927,27.483804549746385,28.375776253357927,38082327
2022-11-01,29.1562442779541,29.22593150439912,27.539552301307246,27.87403886650662,61324554
2022-11-02,30.4523868560791,30.70325577035258,29.128371007098064,29.30955269410413,80535165
2022-11-03,30.828683853149414,31.46978650021706,30.15970759402627,30.257268426150926,55097916
2022-11-04,31.135303497314453,31.34435880137434,30.7590033120205,30.968058616080388,26132019
2022-11-07,31.873964309692383,31.943651538626728,31.163177542064076,31.483730501341892,24094959
2022-11-09,31.70671844482422,32.04120820155021,31.372231878028956,32.04120820155021,18079125
2022-11-10,31.414045333862305,31.88790321004338,31.218926821917563,31.52554299351546,10644291
2022-11-11,31.692787170410156,31.99940014513438,31.441918239353736,31.692787170410156,16384632
2022-11-14,31.65097427368164,32.05514810630847,31.469792570442266,31.83215597692102,16521360
2022-11-15,30.38270378112793,31.204988207469736,30.048217201386205,30.661443129234506,42081900
2022-11-16,29.950654983520508,30.675381721288165,29.560418000096497,30.103963053422238,22439886
2022-11-17,29.44892692565918,29.82522395511945,29.128373941753637,29.811290336179077,26602647
2022-11-18,30.96805763244629,31.07955208977376,29.68585223359627,29.79734669092374,60364377
2022-11-21,32.12483215332031,32.319953855227595,31.232863635675216,31.63703746834522,62002191
2022-11-22,32.58475112915039,32.793806415958514,31.929711655809005,32.166640555534144,33068442
2022-11-23,32.988922119140625,33.100416561422534,32.38962992208459,32.570811580722946,21837234
2022-11-24,32.62656784057617,33.365231485050785,32.34782846772048,33.0586153039715,21172407
2022-11-25,32.9749870300293,33.07254467210333,32.68230772394636,32.68230772394636,12061560
2022-11-28,32.62656784057617,33.03074168567905,32.4593229408903,32.849559976846955,12407901
2022-11-29,32.65443801879883,33.211919895711915,32.487193136731825,32.75199567254495,25054119
2022-11-30,32.80774688720703,33.14223346950555,32.65443880910765,32.82168369522235,18436314
2022-12-01,33.42097473144531,33.86695895074001,33.00286412711519,33.23979304424483,33601533
2022-12-02,33.42097473144531,33.853022143257725,33.32341388913855,33.630030033610375,16619019
2022-12-05,34.21538543701172,34.29900947943543,33.57428585470581,33.69971713344482,23193456
2022-12-06,33.69971466064453,34.27113334720832,33.267667241272854,34.27113334720832,16704270
2022-12-07,33.434913635253906,33.783340224018495,33.30947917011798,33.671842567238684,9249081
2022-12-08,34.66136932373047,34.744990167627286,33.44884794764229,33.44884794764229,29772171
2022-12-09,34.04813766479492,35.093414084344786,33.69971112830147,34.84254519170843,23000934
2022-12-12,34.64743423461914,34.758928698677366,33.448849606407954,33.95058107453172,15670410
2022-12-13,34.50806427001953,34.7728668221059,34.1735744853297,34.67530916236444,11267010
2022-12-14,34.9122314453125,35.09341311167011,34.35474964036065,34.50805769496023,17641347
2022-12-15,34.80073547363281,35.33034369216941,34.70317782781137,35.065541177866386,17012298
2022-12-16,34.43838119506836,34.828618224861856,34.034207356348745,34.563812475403424,15421467
2022-12-19,34.54987335205078,34.67530781391434,34.285070810262035,34.50806292807322,12667752
2022-12-20,33.85301971435547,34.52199599529949,33.50459317243585,34.46624876937012,14772834
2022-12-21,33.17011260986328,34.25720295569319,33.016807696162566,33.922713127756076,18682920
2022-12-22,32.58475112915039,33.560340340967954,32.473253487551816,33.36522505054886,17775162
2022-12-23,31.09349250793457,32.55687960968942,30.99593166652119,32.208453045961356,31038057
2022-12-26,32.292076110839844,32.41751057558878,31.10743145457083,31.149241879510157,25795998
2022-12-27,33.309478759765625,33.60215811150015,32.65443920530541,32.75199686259631,36207897
2022-12-28,33.33735275268555,33.56034487608582,33.030739779234274,33.29554232766005,21487641
2022-12-29,33.3791618347168,33.448849063553084,32.9749912191343,33.114359296945224,20515932
2022-12-30,34.29900360107422,34.480185273687425,33.462782459739735,33.51852968518057,25305777
2023-01-02,35.135231018066406,35.232788680013066,34.57774909429229,34.61956271077193,31022844
2023-01-03,35.009796142578125,35.553341251200735,34.84255124839186,35.24672827013511,22818873
2023-01-04,33.894832611083984,35.00979316081347,33.727587731141874,34.77286424336663,21700581
2023-01-05,33.96451950073242,34.145701203390075,33.504598434718176,34.07601716003368,22999401
2023-01-06,33.95057678222656,34.67530346670276,33.797268723598066,34.00632400720767,22712784
2023-01-09,34.48019027709961,34.6892455927692,34.159637304438455,34.27113496143002,11318070
2023-01-10,34.29900360107422,34.842545428983335,34.173569153901845,34.53593249912826,16783131
2023-01-11,35.7902717590332,35.94357985125753,34.41050849880775,34.49412935460401,53624364
2023-01-12,35.81814193725586,36.04113405455841,35.316410470807824,36.04113405455841,27810552
2023-01-13,36.54287338256836,36.737991908893356,35.85995694546524,35.9993282328206,30806244
2023-01-16,35.55333709716797,36.487115929881604,35.3024713801651,36.20837659875961,27673113
2023-01-17,35.09341812133789,35.706647237345706,34.88436281337911,35.706647237345706,13825260
2023-01-18,35.7902717590332,35.91570623265878,35.037674487073275,35.09342172427079,23815269
2023-01-19,35.99932098388672,36.09687863243907,35.46971275052491,35.6508944306242,20211168
2023-01-20,35.52546691894531,36.26412733433495,35.41396926175446,35.9575143594393,16840650
2023-01-23,34.95404815673828,36.027198352304815,34.89830092318443,35.623024529177435,15854322
2023-01-24,34.689247131347656,35.1352313992328,34.410507761402215,35.1352313992328,15138303
2023-01-25,34.52199935913086,34.98192039772403,34.3129440515948,34.675307435305534,21135546
2023-01-27,34.27113723754883,34.84255279904691,33.67184486750318,34.63349746949291,13331811
2023-01-30,34.11782455444336,35.07948021696698,33.88089563815337,34.438377505261485,25619268
2023-01-31,34.32687759399414,34.96798026345597,34.173569532403334,34.410501623012095,19118064
2023-02-01,33.713653564453125,34.82861739144921,33.114361225177205,34.81467739292557,21145560
2023-02-02,33.33735275268555,34.04814273784283,32.97499254586694,33.67184253275144,14346432
2023-02-03,33.072547912597656,33.727587429067675,32.473255625632135,33.65790339218706,14350224
2023-02-06,33.184051513671875,33.47672771099776,32.91924574616655,33.072553844733115,9293625
2023-02-07,32.80774688720703,33.3512887796662,32.264201804816985,33.3512887796662,16621209
2023-02-08,33.574275970458984,33.75545443085427,32.738054931991066,32.97498380089963,11202993
2023-02-09,33.42097473144531,34.00632702556288,33.23979304424483,33.69971407102181,8108844
2023-02-10,33.11436080932617,33.420976974375456,32.97499272515011,33.420976974375456,6569625
2023-02-13,32.9749870300293,33.448844814249725,32.863489392014266,33.156168698097204,12069636
2023-02-14,32.319950103759766,33.2258553249714,31.818215478373872,33.14223129244175,24105294
2023-02-15,32.96104431152344,33.63002370449542,32.2781313036222,32.333878523059816,37758987
2023-02-16,33.880897521972656,33.97845517942726,33.030739461573134,33.14223392723554,23567544
2023-02-17,33.78334426879883,34.49413114985358,33.58822254859007,33.92271236904603,23923602
2023-02-20,33.086483001708984,34.04813861037398,32.89136451864552,34.04813861037398,24609405
2023-02-21,33.253726959228516,34.27112976659282,33.17010293167788,33.3512846031187,39832896
2023-02-22,32.236324310302734,33.281600735344526,32.110893053256014,33.2119167036519,35399832
2023-02-23,32.62656784057617,32.835623167700724,31.84609376866288,32.403575704305396,44899794
2023-02-24,32.2522087097168,33.15930145147077,32.122625915472604,33.07291292197464,40512774
2023-02-27,32.281005859375,32.39619386435351,31.74826998706644,32.381795775670106,38749404
2023-02-28,31.9930362701416,32.55457153599316,31.690673154997402,32.35299502739343,53584392
2023-03-01,33.00092315673828,33.10170977654833,32.093830396402886,32.223413193301525,28806156
2023-03-02,32.799339294433594,33.26008461594573,32.72734557228386,32.82813546508929,16966575
2023-03-03,32.66975784301758,33.08730896749257,32.54017176126256,32.97212097309801,24626685
2023-03-06,32.85694122314453,32.97212593937732,32.09383259156793,32.75615130092939,38639100
2023-03-08,32.957725524902344,33.07291022149207,32.56897058289023,32.68415527947996,26469408
2023-03-09,32.87133026123047,33.33207559031379,32.79933983340824,33.116101011336575,22927740
2023-03-10,32.97212600708008,33.02972166082619,32.26660973217121,32.68416092039536,18451227
2023-03-13,32.957725524902344,33.461665163504186,32.75614571484854,33.116104482713226,29443683
2023-03-14,33.519256591796875,34.00879812988857,33.00091888034812,33.05851122706225,44665284
2023-03-15,33.692039489746094,33.93681027740688,33.519259140952876,33.8504217507658,17172915
2023-03-16,32.58336639404297,33.40406718645219,32.42498415178407,33.3464748421801,23606655
2023-03-17,33.1305046081543,33.28888687122059,32.81374337753279,32.856937641411484,27882996
2023-03-20,32.45378494262695,33.101708794430124,31.978641443740187,32.54017347132959,23530101
2023-03-21,32.06502914428711,32.81374288908384,31.935446354579938,32.7993448013386,28696569
2023-03-22,32.20901107788086,32.59776601099582,32.02183265469548,32.22340916462506,27842871
2023-03-23,31.94984245300293,32.23780748548897,31.892246810097053,31.993036713549213,12315540
2023-03-24,31.201129913330078,32.1370220708036,31.100343301646525,32.12262398342023,24074802
2023-03-27,30.927560806274414,31.575484579990405,30.84117228798324,31.244322002186113,19313448
2023-03-28,30.754785537719727,31.21553096881896,30.596403265932093,31.114744347552186,19206693
2023-03-29,31.73386573791504,31.964238407638756,30.42362014901434,30.81237176350956,27047847
2023-03-31,32.122623443603516,32.324196663583216,31.849053196894978,31.892247458319197,18831666
2023-04-03,32.079429626464844,32.5833726216961,31.849056909834744,32.252209987815235,31653174
2023-04-05,32.13702392578125,32.309804279865624,31.38831015658601,32.122625837566815,16862199
2023-04-06,31.964244842529297,32.20901564741743,31.820260659149277,31.993041020103043,15253470
2023-04-10,31.921043395996094,32.16581414582662,31.733864988358505,31.978635738189034,8696949
2023-04-11,32.640960693359375,32.698553041080984,31.87785219951553,31.97863880802834,15023736
2023-04-12,32.61216354370117,33.00091847021168,32.496975556193675,32.82813813670582,23043357
2023-04-13,32.050628662109375,32.62656201542544,31.99303631543101,32.597765842086254,12561819
2023-04-17,32.09382629394531,32.28100142109509,31.87785169787707,32.021832564915364,11367030
2023-04-18,32.338600158691406,32.42498868718301,32.108224158358226,32.20901407044288,8192847
2023-04-19,32.62656784057617,33.00092475184488,32.30980658177977,32.39619511722114,24082242
2023-04-20,32.3098030090332,32.78494649244319,32.20901309998535,32.78494649244319,18516147
2023-04-21,31.633085250854492,32.25221301475157,30.999559396786204,32.23781492458035,37897173
2023-04-24,31.633085250854492,31.80586562842068,31.085951233325094,31.633085250854492,14583957
2023-04-25,31.33071517944336,31.748266293709882,31.273122831409598,31.589884041106163,16862151
2023-04-26,31.229928970336914,31.43150219103657,31.114740977283336,31.388307929458072,12696786
2023-04-27,31.273122787475586,31.388307483381293,31.15793479605901,31.388307483381293,9155694
2023-04-28,31.24432373046875,31.50349589069986,31.17233329457728,31.388307897762598,16229469
2023-05-02,31.633085250854492,31.791467538249464,31.287527791233714,31.359518242089795,21749457
2023-05-03,31.719470977783203,31.762665239977036,31.244324207118144,31.63307915788457,16190301
2023-05-04,32.036231994628906,32.19461425052147,31.86345165142892,31.964241558091803,24692295
2023-05-05,31.172332763671875,32.05062924863291,31.100342329006498,32.03623116169984,28774668
2023-05-08,31.229928970336914,31.489097835318816,30.970756809844094,31.388307929458072,18469329
2023-05-09,31.532291412353516,31.67627228115612,31.316316813638768,31.359511074279546,28499433
2023-05-10,31.273122787475586,31.70507198814373,31.129138622082586,31.532291648774297,12301296
2023-05-11,31.100343704223633,31.474700572058886,31.02834997086393,31.460299188978144,20594904
2023-05-12,30.725984573364258,31.201128019192527,30.682790313836374,31.143535673155345,18096606
2023-05-15,30.74038314819336,31.071545734189286,30.322832041769356,30.82677496413225,29037108
2023-05-16,30.812374114990234,31.085944358767343,30.725985593067488,30.95635828037235,17503110
2023-05-17,30.55320930480957,30.985158562717885,30.423626504743858,30.869973851548366,23747334
2023-05-18,30.178855895996094,30.797983609128185,30.07806597755019,30.783582224626205,27078084
2023-05-19,30.42362403869629,30.466818301883663,29.876486818456446,30.294037953623132,15998397
2023-05-22,30.279640197753906,30.797981248216434,30.178853582545432,30.423624372134235,23122488
2023-05-23,30.452417373657227,30.72598431050424,30.380423646215895,30.380423646215895,23384316
2023-05-24,30.265239715576172,30.855571158772054,30.207647368584617,30.841173072024166,25211427
2023-05-25,30.034873962402344,30.366036625038507,29.905287856259587,30.279644789106147,30598308
2023-05-26,30.668394088745117,30.76918070042743,30.04926644473519,30.092460706884747,30198756
2023-05-29,30.78357696533203,31.042749113907565,30.61079992696269,30.812373138393585,31013829
2023-05-30,30.86996841430664,31.04274874613979,30.653993823392888,30.783576600634703,19373547
2023-05-31,30.754785537719727,30.84117736574538,30.33723437287768,30.78358171522452,20217204
2023-06-01,30.78357696533203,30.95635729921213,30.668392273085807,30.668392273085807,30453648
2023-06-02,31.35951042175293,31.47469840990903,30.783577071993964,30.812373245155296,28289133
2023-06-05,31.388307571411133,31.76266442517632,31.35951139735395,31.676272607493882,21289977
2023-06-06,31.445907592773438,31.532296126971563,31.301923406931888,31.417108119196055,19609332
2023-06-07,31.532291412353516,31.633078020515338,31.41710342180059,31.474699064832475,19445415
2023-06-08,31.273122787475586,31.820256684049436,31.215527144011865,31.61868017070358,20243424
2023-06-09,30.97075843811035,31.34511531582739,30.697191471553023,31.34511531582739,16209312
2023-06-12,31.100343704223633,31.273124050571518,30.81237536180682,31.08594561665389,10038291
2023-06-13,31.316322326660156,31.575491231640576,31.17233813699929,31.20113431582918,24222471
2023-06-14,31.373910903930664,31.762665862314105,31.316318553210458,31.517895076242205,18559068
2023-06-15,31.028352737426758,31.489101467272928,30.956362293159216,31.417107727494088,16487712
2023-06-16,30.812374114990234,31.229928524149457,30.754781767041734,31.085944358767343,33459642
2023-06-19,30.567607879638672,31.013958529050115,30.538811701388518,30.869974342287993,30205554
2023-06-20,30.86996841430664,31.157933437021406,30.58200339159188,30.61079956431228,23502837
2023-06-21,30.74038314819336,31.04274956071326,30.582004194075218,31.04274956071326,18051489
2023-06-22,30.452417373657227,30.812372828820962,30.308433214285294,30.625197705801398,18585441
2023-06-23,30.150060653686523,30.438025737947584,30.063668821550202,30.438025737947584,17722992
2023-06-26,30.178855895996094,30.250846340949362,29.890887525160363,30.178855895996094,18136608
2023-06-27,30.092464447021484,30.495617534879795,30.020474001157986,30.236448634259844,25019214
2023-06-28,30.092464447021484,30.409228999843602,30.034872090330687,30.207652455914445,27346866
2023-06-30,30.135650634765625,30.380421380586544,29.99166978164184,30.22204244215038,36123750
2023-07-03,30.95635986328125,31.013955509685687,30.43802211421857,30.52441064055867,33593049
2023-07-04,30.841175079345703,31.11474204087172,30.668394731614683,31.100343953186723,19178832
2023-07-05,30.95635986328125,31.028350301898,30.75478333964331,30.841175161494448,11852043
2023-07-06,30.826778411865234,30.970759295348497,30.65399805617414,30.95636120700017,19326843
2023-07-07,30.78357696533203,31.085943373499898,30.71158653267814,30.797978347373572,14706429
2023-07-10,31.042747497558594,31.301916337128834,30.639594504666846,30.855569086893812,29074305
2023-07-11,31.100343704223633,31.229929787862297,30.956359533015224,31.07154752908415,19516980
2023-07-12,32.13702392578125,32.29540289614004,31.12914127321502,31.244325978930505,69666234
2023-07-13,32.09382629394531,32.68415443982392,31.73386753532797,32.46817984375568,45652857
2023-07-14,32.54017639160156,32.59777204474996,31.993042403027502,32.33860313987217,28832772
2023-07-17,32.68415451049805,33.015317096423814,32.612164076823234,32.82813867335849,29927676
2023-07-18,32.079429626464844,32.8137453383262,31.92105064944566,32.756149687535206,24999231
2023-07-19,32.180213928222656,32.38179043203752,31.978637424407797,32.3385961731152,14934303
2023-07-20,31.964244842529297,32.41059218594494,31.935448664955548,32.41059218594494,17351133
2023-07-21,31.964244842529297,32.16582138105681,31.74827021521491,31.935448664955548,13179366
2023-07-24,31.964244842529297,32.10822573039803,31.777066392788655,31.94984675374242,13097697
2023-07-25,32.3098030090332,32.468181973162515,31.978640402104414,32.22341118763347,25133688
2023-07-26,32.367393493652344,32.540170535469215,32.28100167723308,32.525775744161976,15745113
2023-07-27,32.3098030090332,32.69855467104345,32.2522073629297,32.54017241140312,15366816
2023-07-28,32.41059112548828,32.468183478751385,31.935447620045316,32.252208858503565,23798820
2023-07-31,33.764034271240234,33.85042610450382,32.482584521515065,32.56897635477865,72673929
2023-08-01,33.648841857910156,34.181577643221196,33.548051958074375,33.994399225392506,38733261
2023-08-02,32.75614929199219,33.692041531542536,32.30980524845298,33.66324535425041,35771037
2023-08-03,32.58336639404297,33.04411173924098,32.381789893580006,32.84253523877802,28073898
2023-08-04,32.61216354370117,32.957724210712904,32.568969284202396,32.74174961770826,16674615
2023-08-07,32.424983978271484,32.813738891049084,32.2234074788872,32.75614325157455,27601896
2023-08-08,32.050628662109375,32.597765842086254,31.93544396875264,32.45378167987954,20388915
2023-08-09,32.439388275146484,32.511378718884735,31.993040932946787,32.19461747092516,17782167
2023-08-10,32.74175262451172,33.01531958863745,32.39619192576579,32.439386189231264,29851533
2023-08-11,32.75614929199219,32.92892965125619,32.33860142574511,32.88573538531801,28179768
2023-08-14,34.18157958984375,34.31116566972369,32.48257894180695,33.11610466303272,104715831
2023-08-16,33.764034271240234,34.29677347391267,33.47606918322172,34.19598355102374,43805040
2023-08-17,33.60565185546875,33.951209266720056,33.26009114870631,33.69204038440379,31428702
2023-08-18,33.1880989074707,33.83602279020455,32.943328102283864,33.677643813355665,27623061
2023-08-21,34.12398910522461,34.210377632856186,33.216896383048706,33.404071526250455,38809569
2023-08-22,34.81510925292969,34.901501081134796,34.03760257215137,34.19598154875673,54345357
2023-08-23,35.23265838623047,35.73659805556376,35.016683771443184,35.13186847505715,60900111
2023-08-24,34.858299255371094,35.52062114487502,34.71431838515994,35.52062114487502,30969618
2023-08-25,34.38315963745117,34.94469498059938,34.267971632890806,34.82950697603901,20067108
2023-08-28,35.23265838623047,35.3046488259892,34.44075036684007,34.757514892800664,35623839
2023-08-29,35.362239837646484,35.765392838467946,35.29024611181437,35.47742452616081,37489161
2023-08-30,35.578216552734375,35.79419115213096,35.419834301040645,35.79419115213096,36415587
2023-08-31,36.27091598510742,36.44777606429098,35.6519073946277,35.755077179703704,31771695
2023-09-01,38.466922760009766,38.5848272375618,36.13827222177522,36.270918132346885,118169760
2023-09-04,40.677669525146484,41.34089239783909,39.20383979472093,39.2333159170638,140126880
2023-09-05,42.23992156982422,42.44625776998334,40.23551517779671,40.94295213263133,86687829
2023-09-06,41.88620376586914,42.416784041885364,40.95769249949785,42.2104478301,52729332
2023-09-07,42.122013092041016,42.35782878010663,41.59143622720698,41.85672465962399,30561720
2023-09-08,41.974632263183594,42.917881516740415,41.78303412605634,42.15148896823143,40717227
2023-09-11,42.5936393737793,43.25686216721177,41.70934231586934,42.151490844824316,54092700
2023-09-12,40.23551559448242,43.035787324701914,40.01444133297428,42.85893061415582,57860838
2023-09-13,41.915679931640625,42.10727469500123,39.98496387938582,40.382894838152495,44137557
2023-09-14,44.273807525634766,44.48014374185225,42.092540881807444,42.16623455616595,116522718
2023-09-15,44.18537521362305,45.467603203573304,43.87586923030798,45.05493418136229,81095100
2023-09-18,43.87586975097656,44.1853757379645,43.44845929147931,44.1853757379645,30096213
2023-09-20,43.64006042480469,44.67174149662567,43.10948351548288,43.625322364730515,41281590
2023-09-21,42.431522369384766,43.47793812147547,42.15149248305773,43.31581946166326,36568677
2023-09-22,42.21044921875,42.75576419927043,41.59144056302961,42.44626155807313,30363030
2023-09-25,42.180973052978516,42.519951814563676,41.797776736990265,42.21044917369672,28517037
2023-09-26,42.16623306274414,43.28634246539945,41.93041736113979,42.16623306274414,41440311
2023-09-27,41.98937225341797,42.37256517197364,41.679866258696364,42.225184577654375,27581574
2023-09-28,41.82725524902344,42.54943036788448,41.70934738608389,42.13676128091102,23996295
2023-09-29,43.61058044433594,43.905348366378654,42.239920738811186,42.25465879758078,43218834
2023-10-03,43.64006042480469,44.200116827600574,43.404248090292135,44.09694703375561,38584362
2023-10-04,42.976837158203125,43.99378015946063,42.34309046157316,43.62532191475525,44544651
2023-10-05,43.09474182128906,43.7874407063382,42.962095918481594,43.301078018253214,27332367
2023-10-06,42.976837158203125,43.53689355522228,42.91788491851448,43.36003346283067,15230532
2023-10-09,42.19571304321289,42.44626345410268,41.45879649825076,42.44626345410268,27540597
2023-10-10,44.28854751586914,44.55383598447371,42.22518863710194,42.22518863710194,49325799
2023-10-11,44.30328369140625,45.33496477354995,44.12642696874654,44.89281622024919,69607749
2023-10-12,46.867740631103516,47.13302905435036,44.49487613356027,44.65699814850429,175951353
2023-10-13,47.13303756713867,48.37105493032506,46.21926429240269,46.572981129508854,107727240
2023-10-16,48.71002960205078,48.857413572866314,47.22146532744902,47.5751821347504,90752613
2023-10-17,48.695289611816406,49.387988512534335,48.34156944521233,48.97531610927142,57844365
2023-10-18,47.64887619018555,49.07849171182947,47.23620373802701,48.69529538149285,42484908
2023-10-19,48.16471862792969,48.35631679383744,46.82353483990134,47.23620392032659,33544575
2023-10-20,46.58771896362305,47.89942315707192,46.01292450942131,47.86994703736809,40050501
2023-10-23,44.5538330078125,46.80879327361121,44.33275873652445,46.57297756913332,51812334
2023-10-25,45.08441162109375,45.61498850329782,44.39171271303405,45.05493550245192,54703158
2023-10-26,44.819122314453125,45.04019657332307,43.97903945608225,44.50961632803992,28422876
2023-10-27,45.51182556152344,45.939236061101155,44.922293023716904,45.09915312239145,29616945
2023-10-30,45.953975677490234,46.07188016504815,44.95177066661832,45.5118271024962,18802833
2023-10-31,45.45287322998047,46.46981289203066,45.27601313165519,46.27821473328876,25804383
2023-11-01,45.29075241088867,45.777115164377314,45.02546056959861,45.482350574786665,13740702
2023-11-02,47.13303756713867,47.309897672354715,45.423395505593454,45.55604142783697,33625743
2023-11-03,47.000396728515625,47.53097369014496,46.661414566739175,47.53097369014496,25067283
2023-11-06,47.265682220458984,47.825735269727346,47.000393756419975,47.35411058403004,22768914
2023-11-07,48.06154251098633,48.50369102856054,47.28041526237882,47.30989138044037,48076854
2023-11-08,47.86994934082031,48.636341983300646,47.70783067464826,48.43000576211947,19033761
2023-11-09,48.06154251098633,48.60686081510144,47.66361154382993,47.92889997970936,19959702
2023-11-10,49.72697448730469,49.992262946226816,47.5899220089652,47.88468996183492,73074960
2023-11-13,51.657684326171875,52.409338850974024,50.139643963777566,50.97972684522675,78027435
2023-11-15,50.05121612548828,51.583998039829304,49.1521809363708,51.510307736893715,89859765
2023-11-16,49.785926818847656,50.6849619927468,49.55011448011964,50.39019741266823,33888945
2023-11-17,49.785926818847656,50.28702761697897,49.52063835944436,49.785926818847656,20917053
2023-11-20,50.31650161743164,50.994459065595336,49.8448736181421,50.34597773488872,39013038
2023-11-21,50.0217399597168,50.77339116896713,49.27008875046646,50.65548668437532,36456999
2023-11-22,50.55231475830078,50.611270371439936,49.609065427982635,50.110166213048444,33752805
2023-11-23,50.817604064941406,51.28922870672072,50.37545554160761,50.994460775614506,34383183
2023-11-24,51.05341339111328,52.2766891014743,50.83233914241427,51.4071301650365,70943223
2023-11-28,53.544189453125,53.76526373110927,51.215538817471995,51.436613095456266,66480168
2023-11-29,53.20520782470703,54.08950494504372,52.61567866003311,53.92738628008759,45844743
2023-11-30,53.49997329711914,53.79473786577433,52.08509931958344,53.146253116072394,52592415
2023-12-01,53.6620979309082,54.44322525639923,53.382068035110194,53.92738639289901,32549223
2023-12-04,54.251625061035156,54.82641951821772,54.03055078878428,54.620083305895186,31693020
2023-12-05,53.94212341308594,54.88537275900713,53.26416252403936,54.53165256762381,26717388
2023-12-06,54.32532501220703,55.10645239865883,53.514718129166,53.94212866313388,28795671
2023-12-07,54.266361236572266,54.6495575280542,53.92738249666561,54.32531684756412,17617320
2023-12-08,54.11897659301758,55.710710504186416,53.323107950770506,54.53164559912961,36814326
2023-12-11,54.47269821166992,54.63482024086925,53.499972783125166,54.23688588434617,15838959
2023-12-12,53.95686340332031,55.09171094572383,53.73578911912935,54.679038498790575,16766730
2023-12-13,56.49183654785156,56.56553021122365,54.34004971855638,54.44321612462197,65798970
2023-12-14,56.550804138183594,57.64143752864415,56.344467908997764,57.33193487152838,58425753
2023-12-15,57.46456527709961,58.304651500072346,57.16980409943452,57.4203544737753,39687279
2023-12-18,57.64142608642578,58.142526812122604,56.388670898858436,57.46456264128829,28694427
2023-12-19,57.06663513183594,58.06883664356312,56.59501049416133,57.641429556497464,21005178
2023-12-20,54.060028076171875,58.55520729123894,53.60314146187442,57.40561835204623,48951585
2023-12-21,57.08137893676758,57.376140130908695,53.02834842414009,53.35258911102096,73561743
2023-12-22,57.59721374511719,58.17200818713544,56.52131853210391,57.906716368772805,41088369
2023-12-26,59.498451232910156,60.412224378458326,57.435089252647735,57.70038105962823,93768723
2023-12-27,59.380550384521484,60.11746012149198,58.46677718322307,60.01429707617295,33151062
2023-12-28,61.06072235107422,61.149150718836374,59.30686269719069,59.7342765946858,78062277
2023-12-29,61.79762649536133,62.68192358519393,60.04377374896398,61.502865296518046,68433558
2024-01-01,62.32820129394531,63.345144262221964,61.67971993175002,62.166086013384856,51615849
2024-01-02,64.18524169921875,64.84846460972737,62.06292703626069,62.79983688350205,106314534
2024-01-03,64.08206939697266,64.71581615878475,62.785099750472476,64.15576307748869,45354606
2024-01-04,65.89486694335938,66.17490019826076,64.5684213274476,64.5684213274476,59333100
2024-01-05,65.64431762695312,67.00023938448125,64.877931761673,65.7327527334463,45965283
2024-01-08,63.433570861816406,65.98329892826702,63.22723803531311,65.92434669212321,45995325
2024-01-09,64.11154174804688,65.04005643064477,63.816773789976565,64.55369031182651,30473721
2024-01-10,62.151344299316406,63.816768622250585,61.78288944155384,63.816768622250585,55437963
2024-01-11,61.78288650512695,62.90299245788112,61.664975289060095,62.62296596969258,25756722
2024-01-12,62.29872512817383,62.84404344717502,61.473380306618274,62.16608596660156,27971124
2024-01-15,61.723934173583984,63.34514086546378,61.42916625385548,63.2272363962327,40496259
2024-01-16,62.71139907836914,63.07986069321807,60.54487392859108,61.84184343049433,53173383
2024-01-17,60.83965301513672,62.284003379550356,60.441715207807775,61.856589447232516,45128694
2024-01-18,60.01430130004883,61.53234518022763,57.95093904867672,60.83964620059767,56021649
2024-01-19,62.151344299316406,62.298724893091205,60.323797949904375,60.88385095289974,38519142
2024-01-23,59.67530822753906,63.63991018587579,59.3952817336266,63.300931456050265,59548896
2024-01-24,62.43136978149414,62.637709356061066,59.97007679905943,60.39749063400463,53581488
2024-01-25,64.00837707519531,64.17049912778079,62.54928534857821,62.991433947755986,54609993
2024-01-29,65.12847137451172,65.43797395605489,64.08205242295837,64.71579901690406,50979381
2024-01-30,64.76001739501953,65.8653887060708,64.56841925132724,65.39376406313232,26510319
2024-01-31,64.80423736572266,65.42324262436279,64.37683025792853,64.99583551656866,21678369
2024-02-01,66.44019317626953,66.82338952155513,64.46526595055,65.43799150192386,46716180
2024-02-02,69.43206024169922,70.00685473256145,67.11815433743608,67.58977902942904,116794920
2024-02-05,71.17117309570312,72.8071280815724,69.91842115515803,70.74376599127642,94601658
2024-02-06,71.79019165039062,72.07021818345167,69.26994610618925,71.4069953167328,59841120
2024-02-07,71.76071166992188,72.82186550095578,70.74376864630099,72.63026734442862,52172340
2024-02-08,72.04073333740234,72.63026245421118,70.905885908221,72.14390312550549,27368601
2024-02-09,71.18592071533203,72.24707459876319,68.901484157778,72.02600031082738,38488728
2024-02-12,67.81085205078125,72.12916787551889,67.26553369166645,70.96484422802898,47138400
2024-02-13,66.85285949707031,69.12255449045014,66.07173219016784,69.12255449045014,48703704
2024-02-14,69.43206024169922,69.9479024893938,65.82118474779251,66.44019004770459,45496641
2024-02-15,72.79237365722656,74.39884549034969,71.62805028263826,73.33769188852618,187542936
2024-02-16,72.02598571777344,73.10188081751937,71.08273651324423,73.10188081751937,59836356
2024-02-19,72.60078430175781,73.80932536667657,72.09968355451122,72.4534037133473,39536532
2024-02-20,71.02378845214844,73.27874856330317,70.50794627230205,73.17557877800371,56029344
2024-02-21,68.5625,72.1439058820861,68.17930369810466,72.1439058820861,63622833
2024-02-22,70.4489974975586,70.62586095913872,68.17930258938152,69.26993923806343,53701776
2024-02-23,70.24266052246094,70.99431163657356,69.5646963285657,70.99431163657356,48621681
2024-02-26,69.25519561767578,70.50794750881435,68.76882954700675,70.19844489413906,45095202
2024-02-27,68.00122833251953,69.88973408208405,67.2005047163939,69.34584647331769,62647536
2024-02-28,67.39691162109375,69.3156330240763,67.07964441582182,68.59044491267784,57629769
2024-02-29,68.2580795288086,69.37607047589196,66.85303002961989,67.68396934050492,491520069
2024-03-01,69.81419372558594,70.8717602965851,68.6206604352611,68.71131413602005,46149936
2024-03-04,72.53364562988281,73.09264456322687,70.66025090203969,71.46098153377012,49682751
2024-03-05,73.31925964355469,73.57609566411233,72.23148437012307,72.48832039068073,41868192
2024-03-06,72.80559539794922,74.08977563823841,71.18903665455909,73.40991429057226,39410871
2024-03-07,72.15593719482422,73.66673762356753,71.6875920357534,72.06529041396271,45042561
2024-03-11,69.14944458007812,71.76313161329259,68.98325534783,71.00773481422748,44313108
2024-03-12,67.53289031982422,69.78398343639515,66.79259781338331,69.19477583210207,47253039
2024-03-13,62.07887649536133,67.72928198874115,61.45945341427777,67.38179923000769,66596313
2024-03-14,61.021324157714844,63.00047674744116,59.57095485318524,61.48967625304446,87923217
2024-03-15,59.93355178833008,61.791835171713416,57.516266040001085,61.30837871363829,75762474
2024-03-18,61.24794006347656,61.77672330970005,58.936409183942935,59.948648829377156,58324524
2024-03-19,60.52275085449219,63.04579775084449,60.34145730170428,61.247938897455285,71376654
2024-03-20,62.18463897705078,62.38104379299044,60.88534770726721,61.1572949650009,69987957
2024-03-21,62.788963317871094,63.18177298449757,61.88248159978127,62.15442888157089,48410466
2024-03-22,61.55010986328125,62.45659157874664,61.036437813305085,62.24507548998784,53612352
2024-03-26,61.47456741333008,62.30550668051491,61.02132655560987,61.18751579222816,36748233
2024-03-27,60.12995529174805,61.98823863399628,59.978870397258135,61.70118701673463,28450188
2024-03-28,60.960899353027344,61.535002632804044,60.44722726944744,60.68895205423464,35871051
2024-04-01,64.23934173583984,64.42063531912412,61.429242783585345,61.88248365770292,59846145
2024-04-02,65.17603302001953,65.44797336965591,63.45371647536411,64.05803527935122,58434363
2024-04-03,65.78035736083984,66.70195035750065,64.6925820389221,65.1760385059863,50070930
2024-04-04,65.50840759277344,66.68683657683395,64.34508986456801,66.61129412937164,31888464
2024-04-05,65.84078216552734,66.38466977370722,64.69257576113719,65.4781881214387,19133949
2024-04-08,67.71417999267578,68.04655845911716,65.61416498362611,66.3695687030184,55396662
2024-04-09,68.89260864257812,69.2400914471915,67.45734365722225,67.74439527111214,45282690
2024-04-10,72.85090637207031,73.86313908625523,69.119221944176,69.4969203052357,142738023
2024-04-12,72.1861572265625,73.51566417532297,71.94443246273687,72.73004486107668,47515149
2024-04-15,72.79047393798828,74.54299900603581,69.98037549577384,70.56958990836415,75937155
2024-04-16,72.65451049804688,74.19552663992218,71.35521912388224,72.48832126229249,40394247
2024-04-18,71.06816101074219,74.58832948818889,70.58470460358788,72.97177104615638,55739916
2024-04-19,71.20413970947266,71.76313168149454,69.3005226225714,70.10125318924672,35154534
2024-04-22,71.85379028320312,72.74516778252182,71.46098747899478,71.91422839975816,17859648
2024-04-23,70.90196990966797,72.26169231545845,70.6904538469508,72.2163654689031,21895293
2024-04-24,74.9660415649414,75.28331572542966,71.21925199560746,71.30989879178672,96506550
2024-04-25,76.22000122070312,76.44662163373206,74.54300463156402,75.50992438760618,70101912
2024-04-26,77.94230651855469,78.41065857368146,76.552368523203,76.74877333136509,54712098
2024-04-29,77.0207290649414,79.01498604273577,76.62791940533506,78.78836561726338,29066490
2024-04-30,76.8696517944336,78.7581507468223,76.76389375066422,78.56174591521057,31582803
2024-05-02,78.1084976196289,78.68260771975504,76.20488759264737,76.74877518379839,43262532
2024-05-03,81.26608276367188,81.55313436920103,78.00275014830582,78.10850127103859,116924001
2024-05-06,81.40206146240234,82.5502679559713,77.95742814988209,82.09702709463477,79577118
2024-05-07,78.80347442626953,81.73442861061898,78.03296638676836,81.73442861061898,60243729
2024-05-08,80.61643981933594,81.09989626320633,78.03296836679314,78.03296836679314,34629336
2024-05-09,76.44662475585938,81.00924879678873,76.09913503669212,80.67687033319676,32960373
2024-05-10,77.17180633544922,77.65526277762882,75.07179133412117,76.44662513013304,28341060
2024-05-13,77.2775650024414,77.68547900148758,74.39193066576212,77.17180695976036,25894860
2024-05-14,80.08766174316406,80.46536016945176,77.51929446304969,77.51929446304969,33347736
2024-05-15,80.76751708984375,81.41716276121845,80.1329826740389,80.22362945973867,25732044
2024-05-16,80.07255554199219,82.08192384842619,78.98477331074214,81.40206254735995,33029949
2024-05-17,83.59272766113281,83.90999489736248,80.08766297387326,80.37471461217187,50378568
2024-05-21,85.26971435546875,86.52367891236796,84.34812827925836,84.92223153433413,40420551
2024-05-22,82.55026245117188,86.11575791137783,81.77975442146185,86.05532672268365,57357078
2024-05-23,80.38981628417969,82.82220966510366,79.66462818848458,82.74666722132943,40769301
2024-05-24,80.94882202148438,81.9610548912328,80.54090108957965,80.67687473354789,23062833
2024-05-27,79.34736633300781,81.62868189590397,79.07541904983378,81.62868189590397,30147801
2024-05-28,78.21426391601562,80.26895904131055,77.86678110105849,77.9574278898421,53815368
2024-05-29,78.00275421142578,78.60707304844442,76.85454081359309,77.65526448292644,33252177
2024-05-30,75.37395477294922,78.00275308734311,74.99624945383731,77.95742623595959,30370719
2024-05-31,78.60706329345703,79.12073527856315,75.6005669056322,76.38617922149145,73790568
2024-06-03,80.94882202148438,82.52005380759846,79.40779891635566,82.48983821070627,46031172
2024-06-04,71.70269775390625,80.94881481366859,63.801198841793,80.94881481366859,96043173
2024-06-05,73.96890258789062,74.63365949833621,67.63864217890033,72.51853330497242,52977693
2024-06-06,76.20488739013672,77.80634148217077,74.63365580699747,75.449483733603,28757364
2024-06-07,78.1084976196289,78.50130724543408,76.50705043924502,77.2020159957419,24951177
2024-06-10,76.9603042602539,78.25959572957318,76.70346821779843,78.25959572957318,15575433
2024-06-11,77.1264877319336,78.99988234221277,76.29554155453886,77.02072968828216,19927716
2024-06-12,79.4984359741211,79.75527197421391,77.15669638009282,77.5041791597644,28480617
2024-06-13,80.17829895019531,81.0092450709578,79.36247100021923,80.79772899807058,25016742
2024-06-14,80.79773712158203,81.19054679708952,79.49844570749013,80.17830701142844,19120215
2024-06-18,80.3595962524414,81.8401810404968,80.17829578057582,81.16031983178901,22399191
2024-06-19,79.1962890625,81.00925252419229,78.72793694080633,80.69197838567072,16411611
2024-06-20,82.56537628173828,83.27545314490338,78.33512378213085,79.16606994236076,67604979
2024-06-21,81.4926986694336,83.15457702165646,80.9941310142232,83.0941458360381,28691421
2024-06-24,79.7703857421875,80.88837655736344,79.19628253752704,80.81284102995414,19733784
2024-06-25,77.97252655029297,80.76751395425296,77.23223412195844,80.54089354084826,29378100
2024-06-26,75.31352233886719,77.3531061311503,75.01135947174534,77.32289053602875,58485729
2024-06-27,74.180419921875,76.5674865060281,72.89623292890646,75.54014244437838,59956431
2024-06-28,74.34660339355469,75.81208397930378,74.16530982076173,74.58833507318512,38809188
2024-07-01,76.02359771728516,76.2200025397028,73.92659811080098,74.0293338985757,73200099
2024-07-02,73.83292388916016,76.18978159259515,73.2437163792072,76.02359237638582,71762511
2024-07-03,75.90876007080078,76.23509396922022,74.36472201232532,74.60343139302817,34674402
2024-07-04,76.02662658691406,77.17181085963205,75.79093939631362,76.59770759761955,39878085
2024-07-05,76.22906494140625,76.74878148394556,75.23798095875073,75.5401438301523,42363861
2024-07-08,75.57941436767578,76.56748295109138,75.38905405327228,76.50402951295688,26695356
2024-07-09,75.9389877319336,76.80619395897965,75.54315584016149,75.84229644724999,31229676
2024-07-10,74.00214385986328,76.32575707115939,72.38860752566262,75.99338551645339,37216932
2024-07-11,74.38890838623047,74.72430910516498,73.80271614883662,74.34660378599287,21017598
2024-07-12,74.4100570678711,75.2017208865322,73.78761164979528,74.69711559954897,14538876
2024-07-15,74.66992950439453,75.01136784214046,73.61840731228921,74.63366940302119,17760150
2024-07-16,74.54904174804688,75.75768613643075,74.37983028881015,74.93580684578484,20174739
2024-07-18,73.09263610839844,74.45235860028302,72.73306431173674,74.45235860028302,18943977
2024-07-19,69.12224578857422,73.07752845665736,68.89562538353262,73.07752845665736,34677240
2024-07-22,70.67233276367188,71.18902704148961,67.9861255860516,68.89260726053229,20965680
2024-07-23,70.90802001953125,71.37032069461176,66.7412210303227,70.9775179623234,39099774
2024-07-24,70.32182312011719,71.74802123029366,70.03477153074184,70.82642836069913,17058228
2024-07-25,69.45764923095703,70.99262077795127,68.75360998084432,69.49390241120349,32279262
2024-07-26,72.08040618896484,72.31307113789116,70.11938687982887,70.23722702205451,25187640
2024-07-29,73.78459167480469,74.32545707632596,72.29191769402138,72.548753722156,30854370
2024-07-30,73.43408203125,73.98703640328347,72.63939598643361,73.36458408887609,15006963
2024-07-31,73.00502014160156,74.3133783514226,72.79350404067617,73.87826405997214,19700181
2024-08-01,73.34343719482422,75.28028521594088,72.94156078516808,73.33437044142872,38141133
2024-08-02,71.2826919555664,72.59407220622269,70.87175574110498,72.45809857973072,16851843
2024-08-05,67.7716064453125,69.91694172511134,66.9618159105758,69.79003482097339,25596654
2024-08-06,67.3032455444336,69.9441329238476,67.03734276416844,67.91058663778891,18329937
2024-08-07,69.06483459472656,69.39116852058582,67.72323879776005,68.28828212439409,21138498
2024-08-08,67.22770690917969,69.41837580350393,67.05245782381428,69.25520880780441,18491904
2024-08-09,66.93762969970703,68.3487236463809,66.028125720835,67.9861295721481,22589694
2024-08-12,69.3851318359375,69.70844354743478,65.60208258630664,66.17316356294545,28976304
2024-08-13,67.82296752929688,70.99263155584391,67.41505348848695,70.99263155584391,42773148
2024-08-14,63.73774719238281,68.20972441889272,63.47184442321496,67.98914850025353,70788720
2024-08-16,65.7048110961914,65.87100032770748,63.49904498345877,64.96451864009725,45608541
2024-08-19,66.43302917480469,66.84094321521435,65.6292831839212,66.38468006733963,20968632
2024-08-20,67.85921478271484,68.09490194091116,66.36956322487292,66.73215725688895,29725110
2024-08-21,67.28208923339844,68.71130960277183,67.10985551240725,67.98612153998299,30325380
2024-08-22,68.3910140991211,68.85936616962069,67.6114393425337,67.83504441545632,23108352
2024-08-23,67.00711822509766,68.56022318230619,66.89834485925638,68.56022318230619,14065443
2024-08-26,69.2612533569336,69.55736483459839,67.00713101365724,67.38181411169175,25270356
2024-08-27,69.39117431640625,70.4336226998478,69.14339814257747,69.51203669432881,22519920
2024-08-28,68.3577880859375,69.76887506893392,68.23087428573182,69.49692779348909,15852960
2024-08-29,67.6597900390625,68.50281825314343,66.64150584679486,68.21878890275671,16571922
2024-08-30,67.27906799316406,68.33662759437048,67.10078976772216,67.83504459419983,18513903
2024-09-02,65.39057159423828,67.0161970316775,64.81344607041049,66.77748758542361,34795296
2024-09-03,64.95848846435547,65.69273650199392,64.6109987061313,64.96452605135775,25014414
2024-09-04,63.78306579589844,64.95545009680163,63.187806893332144,64.35414669282554,31024059
2024-09-05,64.26954650878906,64.5324270014118,63.68033208849021,64.04292610989764,18993435
2024-09-06,63.74983215332031,64.2695486543094,62.665072303688426,64.2695486543094,26006859
2024-09-09,62.749691009521484,63.87674871084979,61.91270719579436,63.74984181726846,24391737
2024-09-10,63.7347297668457,64.11847269417352,62.788965663579475,62.788965663579475,20925657
2024-09-11,62.4837760925293,64.05802986728543,62.15744216781159,63.604789073611464,17829423
2024-09-12,65.10956573486328,65.50841301566949,63.0004837768264,63.151561768350945,38040009
2024-09-13,66.68380737304688,67.04942365164774,65.26969827233798,65.52351201698768,42725088
2024-09-16,66.20337677001953,67.53288366566119,66.04020979459376,66.98899605287738,24643884
2024-09-17,65.30889892578125,66.76014388060597,64.99857393277816,66.5319612809577,14344563
2024-09-18,64.53611755371094,65.1932845038484,63.72378811911873,65.1385229125302,20855862
2024-09-19,64.615234375,65.41843468771776,62.57679926284543,64.70650602996642,28288293
2024-09-20,64.66390991210938,66.41635075924374,64.4448565471128,65.1081097754074,42949458
2024-09-23,65.531005859375,65.71659224828178,64.5452553043914,64.86166648367724,17708706
2024-09-24,68.12924194335938,68.64645492613043,66.34029113302374,66.59889762440928,70821039
2024-09-25,68.69817352294922,69.73260645333634,68.39393468775938,68.69817352294922,44226318
2024-09-26,71.28120422363281,71.57632077615953,67.5085868578214,68.68296689834575,81666573
2024-09-27,71.5519790649414,72.95758472602846,71.28424332690952,72.1635067657967,53403048
2024-09-30,74.51227569580078,75.20899592285988,73.04886517770093,73.93117180754412,134889675
2024-10-01,74.39665985107422,75.26983715002207,72.83589163982407,74.46359378782846,48932499
2024-10-03,72.83588409423828,74.66134477866952,72.02659076758106,72.44948897377883,45073830
2024-10-04,71.97183227539062,73.62691512215184,71.22339364108,72.40994592249986,26794155
2024-10-07,69.5926513671875,73.54173266822865,68.50042073443518,72.48600512428715,39737070
2024-10-08,66.62628173828125,68.21747390336722,64.19537920558774,68.15053996366076,93521157
2024-10-09,68.2052993774414,69.47399401322404,65.18415716854048,67.44468842742972,72717858
2024-10-10,68.8685531616211,70.33196358238015,68.56127123407896,68.60690357870206,27971820
2024-10-11,71.09561157226562,71.66150691273765,68.86854722465715,68.86854722465715,47584797
2024-10-14,72.12090301513672,72.71417910990554,71.14428186106976,71.19296424634774,31763556
2024-10-15,70.60881805419922,72.4494871507758,70.331953088661,72.40994098162436,21701715
2024-10-16,70.40193939208984,71.21122584160533,69.90297794955447,70.5844896581787,28947474
2024-10-17,68.15662384033203,70.87352054959072,67.55422536682171,70.87352054959072,31497708
2024-10-18,70.41410827636719,70.70618172419903,66.82707754578038,67.73980794070242,31355718
2024-10-21,68.63428497314453,71.13212837167035,68.3026653280234,70.43236510010306,17979288
2024-10-22,65.53707885742188,68.84116527270865,65.13852531809675,68.45477710769252,20126418
2024-10-23,66.41026306152344,68.54300568073097,66.14252733655016,66.93356217357847,48592896
2024-10-24,65.67094421386719,67.05525512555678,65.42146700530255,66.02082927902464,17078295
2024-10-25,66.27336120605469,66.68104405480695,63.89113407833321,65.86567139372143,51228402
2024-10-28,69.3553466796875,69.71739719279111,65.42756656516917,66.59890359314741,41540253
2024-10-29,68.8016128540039,69.59569078360403,65.90217308039924,69.12411017561818,33370899
2024-10-30,68.22964477539062,69.41011098585763,68.01362753662885,68.33308876758322,11504781
2024-10-31,67.50250244140625,68.48216686221735,66.52283802059513,68.25702732688111,32381775
2024-11-01,67.79761505126953,68.41827202061108,67.45077999565356,67.99841685952423,2838057
2024-11-04,68.91114807128906,69.21539387182604,67.58769172157734,68.35742503173175,45335373
2024-11-05,71.41506958007812,71.9535841518387,68.85029931441824,68.89897474219947,67111656
2024-11-06,73.34092712402344,73.56606663264499,70.06726455011311,72.33083893794563,51877836
2024-11-07,72.68680572509766,74.31146472987132,72.33388450927593,73.6269169269444,36177126
2024-11-08,71.7923355102539,74.91691497813275,70.41106753359546,73.01234785292357,69222918
2024-11-11,70.86743927001953,71.43333469267546,69.07848830741902,71.31163218480911,38684466
2024-11-12,68.38176727294922,70.66663660401447,67.78544797130851,70.58449420167248,94780671
2024-11-13,67.91018676757812,68.97199350340807,67.0856849238233,68.36046580189237,46414905
2024-11-14,66.5684814453125,69.51964026608589,66.35550727271055,68.06231588425909,29963523
2024-11-18,67.758056640625,69.79344839984522,66.67799145682334,66.95181334923896,47659770
2024-11-19,67.30473327636719,68.5460470950157,66.78143417706282,68.07447346690994,34126065
2024-11-21,66.2125015258789,67.84628963907358,65.4762283136314,67.83411730170165,26724375
2024-11-22,67.1678237915039,67.63331822450174,66.4193851754976,66.62931622209035,25378566
2024-11-25,69.0024185180664,69.41315138615984,68.08968809596611,68.45478165752232,44506926
2024-11-26,68.97807312011719,69.61089539030999,68.58559880379234,69.06325859077246,22968969
2024-11-27,69.28231811523438,69.77822943916341,68.64948888846052,68.93851922492053,17865060
2024-11-28,69.28536987304688,70.21939492683474,69.01763412960368,69.65654264138357,18007374
2024-11-29,69.9972915649414,70.64228618227501,69.12715048483756,69.51962480712487,27932256
2024-12-02,70.50843048095703,70.7396561887792,69.82996878202276,70.56623516701733,13526058
2024-12-03,71.7041015625,71.84405560677875,70.5814470142597,70.72139409495779,17718759
2024-12-04,71.21427154541016,72.10570738834542,70.80658870271604,71.96879642463871,14661744
2024-12-05,71.54589080810547,71.95358057250019,71.10169795648093,71.6645432505528,12102192
2024-12-06,72.6107406616211,72.86631101752077,71.32988061548829,71.78320272111793,23250720
2024-12-09,73.48393249511719,73.73036665940187,71.71627623004846,72.85110315414403,39372222
2024-12-10,74.22628021240234,75.60146200528774,73.67255718638039,73.67255718638039,55704825
2024-12-11,73.3683090209961,74.88953097372814,73.03668244032026,74.235407066041,37007970
2024-12-12,73.25878143310547,73.6269110791776,72.31562722155425,73.50521555861094,19115433
2024-12-13,71.11083221435547,72.56207027738444,69.73565037925111,72.1057050555141,51242721
2024-12-16,70.77920532226562,71.40594150589278,70.1281244607651,71.11691112837197,17309907
2024-12-17,69.21842956542969,71.17775830308113,69.06326706318228,70.72139308688482,16910646
2024-12-18,64.99553680419922,69.59569927028446,64.28665122710524,69.21539722388091,106766601
2024-12-19,65.14461517333984,65.68616585918527,63.80290035193347,64.65173991464482,39105261
2024-12-20,64.84949493408203,66.70233645272779,64.22579492559187,65.26022081109748,57495276
2024-12-23,65.12635040283203,66.24901176694407,63.31001900525832,65.56446402295812,60663189
2024-12-24,64.63349151611328,65.47320195623053,63.90939045624604,65.26023474287155,40001385
2024-12-26,65.24501037597656,65.83220037928129,64.87992377453615,65.3788782486036,28683231
2024-12-27,63.27047348022461,65.8078629755349,63.0970524692163,65.5705511126152,33184338
2024-12-30,61.04340362548828,63.571670608027944,60.70569785088492,63.38912035890993,39389278
2024-12-31,60.16718673706055,61.901375902467876,59.82948094328053,61.0160262938158,38155586
2025-01-01,60.22195816040039,60.495773117276634,59.32747925534431,60.495773117276634,21999690
2025-01-02,61.782718658447266,61.96526194017474,60.1671820644818,60.221950619863904,30423550
2025-01-03,61.75534439086914,62.60417700785612,61.56366487213855,62.01090779773583,19978769
2025-01-06,59.236209869384766,61.96527206973986,59.06278884888837,61.96527206973986,22191351
2025-01-07,60.212825775146484,60.65093246880006,58.423875021637,59.32747617043029,38761765
2025-01-08,60.240203857421875,60.760459884920046,59.15405249891972,60.212823060750395,31517108
2025-01-09,59.11754608154297,60.32234995418215,58.916751239086814,60.24020755912015,14824626
2025-01-10,57.53852081298828,59.7199457436222,57.36509982202064,59.11754038357444,16248992
2025-01-13,54.763824462890625,57.10954133217456,54.490006036934204,56.69881195234484,27510117
2025-01-14,57.830604553222656,58.05878717631347,54.763829541795616,54.763829541795616,40674327
2025-01-15,57.69369125366211,59.37311891276075,57.44725361287449,58.41474914910101,22377655
2025-01-16,59.94813537597656,60.23107958307846,58.41474796339424,58.515148868542774,30305626
2025-01-17,60.815223693847656,61.262466601042256,59.09929305864764,59.86598324770075,26506821
2025-01-20,61.25334167480469,62.14781362522722,59.98464689358645,61.32636178280103,27802226
2025-01-21,60.51403045654297,62.1934511097233,60.20369848844973,61.38112158193359,32761209
2025-01-22,59.9572639465332,61.16206783099816,58.25045554204929,60.605301713733695,28101558
2025-01-23,62.14780807495117,63.03315765549124,59.25445444890715,59.78383973923133,36174380
2025-01-24,60.94300842285156,62.476395840796755,60.60530261669868,62.147812325267026,20736866
2025-01-27,58.807220458984375,60.23107766694919,58.41474610504787,60.19456761500389,13695938
2025-01-28,58.31434631347656,59.765591310719294,57.41987091452583,58.9623840797893,17269379
2025-01-29,60.02115249633789,60.24020584050088,58.55165600889986,58.597288350327844,14177669
2025-01-30,59.36398696899414,60.587042381375724,58.624677561915135,60.06678632387931,16385610
2025-01-31,60.33148193359375,60.51403220350109,58.32347770967838,59.32747982163606,15982195
2025-02-01,58.76158142089844,60.961265056457854,58.46038567724301,60.05766389833074,14471957
2025-02-03,56.853981018066406,57.91274820921102,55.32971934391895,57.69369136748196,22975253
2025-02-04,58.40562057495117,58.82547224690095,57.36510498094003,57.410744286955854,10065010
2025-02-05,59.45526123046875,59.920755711920926,58.597292375160954,58.84373349740417,15215384
2025-02-06,59.44613265991211,60.21282987133362,58.332603860578914,60.21282987133362,28483272
2025-02-07,60.842613220214844,61.335481519716105,59.6378023791836,59.73820328260287,36994940
2025-02-10,58.52427673339844,61.061666173650025,58.259584077343206,61.01602686745482,17442057
2025-02-11,56.13291931152344,58.834600446009404,55.69480913958978,58.834600446009404,19356222
2025-02-12,57.41987228393555,57.88536327993755,54.891608527823394,56.169432546393764,26450865
2025-02-13,57.66630554199219,58.77983771696602,57.0547743783985,57.50201379546195,13322870
2025-02-14,56.52539825439453,59.05365859092127,55.9503770837111,58.24133251194724,16824284
2025-02-17,57.10042190551758,57.273839448810406,55.11066911703956,56.142052085483506,15735076
2025-02-18,57.5659065246582,57.74845330252314,55.603534755742935,57.13692211894412,19156564
2025-02-19,59.281837463378906,59.48263926815591,56.68968643628052,57.228197518535936,17999735
2025-02-20,61.26246643066406,61.51802982630434,58.962381942740976,59.32747549233292,22692394
2025-02-21,61.81922912597656,62.19344494512499,60.514024458408386,61.244204553840866,21758577
2025-02-24,60.29496765136719,61.198575755985374,59.79297011238181,61.15293645081385,14696915
2025-02-25,59.154056549072266,60.970395106548146,59.07191415343372,60.29496957903327,11145339
2025-02-27,59.50090026855469,59.692572827440166,58.50602045691399,59.41875090698622,13567524
2025-02-28,57.02739334106445,58.7707082158687,56.44324645887937,58.688565824739605,29187533
2025-03-03,57.55677795410156,57.82146711325657,55.75869802451019,57.237320237922724,15912361
2025-03-04,56.83572006225586,58.07703391172125,55.80433377824564,57.13691927119937,23007590
2025-03-05,59.72908020019531,59.875113444590355,56.80834219470038,57.00001474498284,35187796
2025-03-06,61.061668395996094,61.73708697806835,59.829483683264876,60.258461144642474,23440671
2025-03-07,61.2715950012207,62.2299647966861,60.54141479077272,61.01603157938486,20227573
2025-03-10,60.17631912231445,62.5220361110015,59.69257309577451,61.88312757851115,27188563
2025-03-11,59.49176788330078,59.920752286430925,58.15005307813386,59.053654226347774,20081328
2025-03-12,59.135807037353516,60.51403197472524,57.739327073060075,59.875116477836144,26201008
2025-03-13,58.232200622558594,59.646932089904624,58.08616389331881,59.555660439801116,14456872
2025-03-17,59.24533462524414,59.76559068364674,58.515147507256415,58.92587340888673,19708040
2025-03-18,59.24533462524414,59.24533462524414,59.24533462524414,59.24533462524414,0
2025-03-19,62.77759552001953,63.15181832488204,60.924753930391695,61.737083425710495,40126978
2025-03-20,62.7867317199707,64.16495672014926,62.001782935517845,63.95502564187793,38783316
2025-03-21,63.749916076660156,63.834899913220504,62.47510809701929,62.928369634265614,31798886
2025-03-24,65.65740966796875,66.56394000417903,63.901004890166746,64.40148450453113,37067380
2025-03-25,64.39204406738281,65.98791173877959,64.21262413569335,65.81793685730072,25114038
2025-03-26,63.97654724121094,64.87363247572344,63.598824488193245,64.4014808355669,23133011
2025-03-27,64.73199462890625,64.91140735834664,63.26832162008933,63.26832162008933,16130834
2025-03-28,65.05305480957031,65.61963535781346,64.4487012641826,64.68477709298912,20124046
2025-04-01,65.88404083251953,66.54505749290304,63.853794415993136,64.22207214207225,28098477
2025-04-02,66.2995376586914,66.40341160404937,64.12764426589523,66.0917897679755,19242568
2025-04-03,66.50728607177734,67.02665580264642,65.15693197598068,65.25136087128517,23258770
2025-04-04,61.39860153198242,66.12956340091998,61.058658949188576,66.09179040184002,37205154
2025-04-07,57.88578796386719,58.971738132116194,56.28047173341556,56.64875302334966,40391466
2025-04-08,58.14075469970703,60.17100826377566,57.42308576672885,59.49110872562593,30791131
2025-04-09,57.89523696899414,58.33905707315378,56.21437463533891,58.14075424349323,40534055
2025-04-11,59.406124114990234,59.755515348868364,58.76399754329282,59.491111561309935,19971049
2025-04-15,61.51191711425781,61.69133704881104,60.01047470538383,60.47318491284641,19668115
2025-04-16,62.07849884033203,62.418448615178995,61.09642251349221,61.85186805858827,19304641
2025-04-17,62.20125961303711,62.69229414840397,61.568570940393336,62.07849557584869,13062706
2025-04-21,64.05209350585938,64.34482521857686,62.239032928997354,62.74895036261417,14029930
2025-04-22,64.17485046386719,64.82642203675537,63.83490070448747,64.54312816911816,11733604
2025-04-23,64.31649780273438,64.81697739484464,62.65452199135153,64.30705275256369,33095946
2025-04-24,64.23150634765625,65.25135562566912,63.86322864245088,64.18429550603078,22714754
2025-04-25,61.332496643066406,64.81697813628041,60.718705259736396,64.54312931389723,53680926
2025-04-28,62.050167083740234,62.65452060092909,61.03976287177179,61.33249458040514,13627031
2025-04-29,61.91796875,63.164448851182414,61.75743891377455,62.05961568968354,13822971
2025-04-30,61.18141174316406,62.29568992664711,60.73758803893046,61.511916457658515,13726917
2025-05-02,61.56856918334961,63.49494868305184,61.30416542535437,61.78576210139545,25321022
2025-05-05,62.27680206298828,62.74895373049983,61.219186938618535,62.13516232630497,12558361
2025-05-06,60.775360107421875,62.512874696780884,60.52983923563425,62.33346197134506,11560536
2025-05-07,62.07849884033203,62.32401972315765,59.49110973574139,59.5572106806026,16952789
2025-05-08,60.23710632324219,62.597864492967325,59.774396136994376,62.30513278534931,19370506
2025-05-09,60.709259033203125,61.06809168775494,58.54680364687189,58.54680364687189,22840112
2025-05-12,64.28816986083984,64.4014816450458,62.48454711462978,63.31553862260609,26920155
2025-05-13,63.46662521362305,64.62812146610608,63.3249782748623,64.21262570026458,16900869
2025-05-14,66.13900756835938,66.52616819594745,63.6932581429567,63.74047619229168,36683674
2025-05-15,66.15788269042969,66.85667227525771,65.53464629833618,66.13899979559254,24328812
2025-05-16,66.35619354248047,66.90389121709329,65.83683102024791,66.15789070259574,12156913
2025-05-19,66.34675598144531,67.34771523596663,65.67630146148642,66.35619382781647,19353220
2025-05-20,65.42133331298828,67.2343939709575,65.2702485270555,66.85667840389422,17798697
2025-05-21,66.24288177490234,66.37508366820691,65.21358737193061,65.62908315343805,11838095
2025-05-22,67.22496032714844,67.8954148663974,65.4874383513015,66.10123699284193,45935782
2025-05-23,68.45254516601562,69.02857076350371,67.26272817843332,68.13148549762558,25709758
2025-05-26,69.16077423095703,69.43462306261407,68.52809272564389,68.89637044989855,16139243
2025-05-27,68.68861389160156,69.58570626917839,68.08426040992077,69.17021054884968,15514993
2025-05-28,66.913330078125,68.22591104294015,66.58282537555682,67.80097745456139,32551122
2025-05-29,68.26367950439453,68.839705035383,67.25327536395702,67.42325022891201,18027840
2025-05-30,67.20606231689453,68.67918032414448,66.20510315135542,68.44310450552018,34601014
2025-06-02,66.82833862304688,67.78208693407811,66.13900127689148,67.13996042830394,17803152
2025-06-03,66.75279998779297,68.159809832854,66.65836389789368,67.02664879868415,22429626
2025-06-04,66.43173217773438,66.7244710841854,65.20414227576036,66.10122748122068,25238482
2025-06-05,66.85667419433594,67.49880070416039,66.57338033241314,66.81890119911542,17431886
2025-06-06,68.45254516601562,68.7924949351713,66.97943430264941,67.13051908646163,25941860
2025-06-09,69.87844848632812,70.54890300591816,68.62252329121898,68.93414512840478,28416839
2025-06-10,70.1900634765625,70.98327476169918,69.84066867460724,70.38836629784667,26573478
2025-06-11,69.83122253417969,70.88884476897441,69.72734860020601,70.63388606115123,18264283
2025-06-12,68.38644409179688,70.2561678185861,68.18814126091146,69.87844505308234,14014646
2025-06-13,66.45062255859375,67.65932957065435,66.10122776110725,67.04553101483737,29308480
2025-06-16,66.58282470703125,66.72447163655603,64.4298144325334,66.29008579815682,17980333
2025-06-17,64.80753326416016,66.5828280893918,64.68477642804918,66.57338303908712,15918691
2025-06-18,64.68477630615234,65.53465072041034,64.29760849347718,65.53465072041034,16361735
2025-06-19,63.306095123291016,64.85475198405153,63.07946434486479,64.68477709911623,19333109
2025-06-20,64.15596008300781,64.48646475371623,63.40051466042157,63.58937241383739,19902519
2025-06-23,64.2126235961914,64.76975907807527,63.58937996785116,63.929329727952684,9544020
2025-06-24,65.60075378417969,66.33730923219322,65.07194622241875,65.39300589792713,15172857
2025-06-25,65.17581176757812,66.05401414054239,65.01528193276357,66.02568619374719,10400058
2025-06-26,66.62059783935547,66.79057271424357,65.26079884025074,65.34578267546372,31206909
2025-06-27,66.01625061035156,68.39589188071932,65.7801747730171,67.04553780298767,26727126
2025-06-30,66.10123443603516,66.65836995385388,65.8651585987636,66.61115910907725,10582703
2025-07-01,64.1654052734375,65.98791089994681,63.806572619082424,65.98791089994681,50233525
2025-07-02,64.23150634765625,64.54312816112613,63.268320165841196,64.21262345189852,27279877
2025-07-03,65.21359252929688,65.78018035051075,64.3637252064029,64.44870905690694,36535369
2025-07-04,64.94918060302734,65.61019724366093,64.49591904807076,65.38355926172012,11370389
2025-07-07,64.4864730834961,65.10970951384154,64.1465233198668,65.10970951384154,12318954
2025-07-08,64.4864730834961,65.0058355747069,63.98599348828141,64.68477591153612,12636004
2025-07-09,64.11819458007812,64.637557064861,63.409967115359585,64.52424528136193,17220015
2025-07-10,64.86418914794922,65.14747578542298,64.29760146407834,64.47702137760156,14475951
2025-07-11,65.20414733886719,66.71503121486577,64.96807150810295,65.1569292909293,35517748
2025-07-14,65.22303009033203,66.16733341128918,64.74143337939435,65.15692914604354,25588770
2025-07-15,64.19374084472656,65.657406622018,64.03320380998375,65.37411995760468,34113955
2025-07-16,64.81697845458984,65.10971017450558,63.976549087218075,64.60923057421255,28137527
2025-07-17,65.68573760986328,65.8651575487575,64.94918216203206,65.24191389015404,23708702
2025-07-18,67.46102905273438,67.64988682813676,65.81793614799193,65.93125513591075,58872250
2025-07-21,67.90486145019531,68.55642590193929,67.6404504445069,67.89541639887635,28351406
2025-07-22,68.1220474243164,68.83027498185044,67.51769381824442,67.98984552326712,25688403
2025-07-23,68.91525268554688,69.12299334376641,67.71598355259945,68.22590815978239,35372242
2025-07-24,68.69806671142578,69.50072309465301,68.46199088080233,69.0285714334061,16880176
2025-07-25,67.65933227539062,68.83971138973986,67.28160951790639,68.83971138973986,24279155
2025-07-28,67.06441497802734,67.77264242960426,66.63948138886606,67.69710364349399,15276433
2025-07-29,67.80097961425781,67.94261934525433,66.45062561121252,66.545054500031,10501708
2025-07-30,68.04649353027344,68.26368645935725,67.34771110513576,67.80097985935036,10931756
2025-07-31,66.84722900390625,67.58378439800272,66.57338019247975,67.04553182505052,17526771
2025-08-01,66.53561401367188,68.73584257592809,66.38452922209146,67.16829553706172,13011037
2025-08-04,67.81986236572266,68.91525764617768,66.60171025051142,66.9416600131035,25992461
2025-08-05,67.91429138183594,68.69806484730921,67.451584783619,67.75376155043898,13259948
2025-08-06,67.85763549804688,68.37700519317625,67.13051792486574,67.98983738326847,8319031
2025-08-07,67.51768493652344,67.7820887038406,66.13900300375369,67.28160911506706,11539382
2025-08-08,67.11163330078125,67.81041570531079,66.76223849628538,67.62155793256082,10081656
2025-08-11,66.71502685546875,67.77264189732813,66.43173299527805,67.23438932653552,7423594
2025-08-12,66.98888397216797,67.53657445627296,66.27121138730172,66.80001897380157,10403379
2025-08-13,68.53753662109375,68.93414228599696,67.17773753632551,67.9898389670107,33410015
2025-08-14,66.4501953125,69.21735697925492,66.06719561602247,69.21735697925492,34242659
2025-08-18,66.62254333496094,67.40768940804855,66.35444574489856,67.23533991370681,13221295
2025-08-19,67.7140884399414,67.79068983940248,66.52679596874094,66.78531656053264,20465260
2025-08-20,68.767333984375,69.3035291849582,67.5034400793491,67.7045132795678,29770419
2025-08-21,68.32688903808594,69.62908368495286,68.16411653350556,69.3131083724531,14855972
2025-08-22,67.17789459228516,68.4609351858175,67.07256949220573,68.25986198705998,8184283
2025-08-25,67.67578887939453,68.26943877754341,67.30236618212543,67.79069098052028,7985002
2025-08-26,66.9097900390625,67.6853664441717,66.51722064089388,67.58961103988071,19958636
2025-08-28,65.80867767333984,66.78531999885887,65.64589786482675,66.59382379545887,15165740
2025-08-29,65.87570190429688,66.54594591957155,65.29162898879528,66.00017370567306,19089863
2025-09-01,66.66084289550781,66.7661679905347,65.90442053354718,66.06719302400279,11003546
2025-09-02,69.70568084716797,70.03122583651859,66.82361711829414,67.19703980848409,46543595
2025-09-03,71.1323471069336,71.33342030096723,70.05037973757786,70.05037973757786,34305181
2025-09-04,70.30889892578125,71.71641856104817,69.90675254573681,71.71641856104817,17518719
2025-09-05,71.36214447021484,71.5153472696007,69.72482790361414,70.4238028918669,16821803
2025-09-08,71.34300231933594,72.30049796118139,71.1897995101869,71.90792124157099,15940641
2025-09-09,71.48662567138672,71.89834177033211,70.4812523599343,71.81217067197937,39250424
2025-09-10,72.08026123046875,72.24303371486003,71.15148941171331,72.05153753382453,19334369
2025-09-11,72.64519500732422,73.22926791742535,71.81217119166071,72.3004960011953,19643352
2025-09-12,73.21968841552734,73.51650970868123,72.18559143245297,72.76966432260915,29848592
2025-09-15,72.30049133300781,73.66971026752765,72.09941814326717,73.53566147436722,15014701
2025-09-16,72.23347473144531,72.57817375251615,71.83132100345458,72.48241834268704,11888159
2025-09-17,72.47284698486328,73.18139170966509,72.0611235694152,72.3675218805548,11497372
2025-09-18,73.46863555908203,73.8229042314922,72.27176614123971,72.47283932682387,16353475
2025-09-19,73.27713775634766,74.42613686971916,73.15266595707158,73.61225975833077,29974960
2025-09-22,73.5931167602539,74.27293779991484,73.00904382524298,73.420767249839,21600325
2025-09-23,74.78040313720703,75.04850073007299,73.2579886755276,73.6122573639098,32011480
2025-09-24,73.91865539550781,75.11552486308476,73.4877853092247,75.0197767667009,26152793
2025-09-25,73.13351440429688,74.68465997201757,72.98989590228645,74.11016404863983,20472893
2025-09-26,71.8025894165039,73.20053204615039,71.63981692585105,72.99945885679486,24363080
2025-09-29,71.84088897705078,72.96115700218829,71.37171820932085,72.04196216322075,15751009
2025-09-30,73.10478973388672,73.34416364087726,72.05154600415075,72.24304220769841,32158354
2025-10-01,72.92286682128906,74.0144111972125,72.30049323376146,73.32501321134264,16301242
2025-10-03,73.82291412353516,74.66551498187323,72.85584145890267,73.35374329430466,31195027
2025-10-06,72.82711029052734,74.39740243173226,72.42496390670665,74.29207733523948,12328968
2025-10-07,72.8558349609375,73.62183434472364,72.4249648732525,72.8654119621405,12906646
2025-10-08,72.9898910522461,74.11015912415978,72.61646105649668,73.24841164379866,21657726
2025-10-09,75.45065307617188,75.87194615524201,73.2388333643302,73.2388333643302,33869311
2025-10-10,73.85163116455078,75.74747561972937,73.37288337643726,75.58470312499753,24502958
2025-10-13,73.87078094482422,74.06227712707998,73.10478160557898,73.72715515557685,10600238
2025-10-14,72.8941421508789,74.46443445285348,72.52071942694057,74.05271102580453,17196512
2025-10-15,73.4494857788086,73.851632173089,72.59731528873797,72.77924178834124,16267362
2025-10-16,72.6547622680664,73.58353415315956,72.44411937592656,73.54523345319461,7993203
2025-10-17,71.72599792480469,72.94201410598085,71.44832332797608,72.67391651045297,10435903
2025-10-20,72.04196166992188,72.53028643591162,71.26639262784671,72.23346515908999,10515886
2025-10-21,72.396240234375,72.95158941515075,72.10898864290853,72.57816672931119,3318059
2025-10-23,71.0365982055664,72.28133805525748,69.78227404969613,72.28133805525748,20156523
2025-10-24,71.0365982055664,72.05154116541028,70.9216961080871,71.57279338358032,16392360
2025-10-27,71.20894622802734,72.0323929801711,70.74934515271707,71.3334180188914,13500697
2025-10-28,71.45789337158203,71.81216937031577,71.04616997498776,71.06532397768235,9718669
2025-10-29,73.43991088867188,74.34953610772568,71.49619595532869,72.05154516631583,39446606
2025-10-30,72.66434478759766,73.82291365535274,72.39624717259478,73.21011701959983,11611890
2025-10-31,72.56858825683594,72.99945833018792,71.93663769046768,72.33879137138896,12203341
2025-11-03,72.69306945800781,73.53567032224021,72.09942681833014,72.57817465296682,17607267
2025-11-04,71.11319732666016,72.57817177893091,70.95042482255627,72.57817177893091,15769204
2025-11-06,70.01207733154297,71.17064607184783,69.51417555407114,71.04616697492422,11864374
2025-11-07,71.08447265625,71.21852145840134,69.33226122666844,69.42800932747485,12084844
2025-11-10,71.8887710571289,73.24841304939413,71.08447095832064,71.09404795970607,34560732
2025-11-11,72.56858825683594,72.76966144474095,71.14192193973204,72.00366208643601,19958566
2025-11-12,73.89950561523438,74.12930249799095,72.7696605927737,72.96115677755232,38795708
2025-11-13,74.10057830810547,75.29744771779202,73.80375703213876,74.20590340056678,42475486
2025-11-14,73.29629516601562,74.11016501011895,72.55901942227423,74.11016501011895,14182276
2025-11-17,73.28671264648438,74.06228172946007,73.10478614845836,73.24841194663092,15567147
2025-11-18,72.5015640258789,73.2292626874137,71.74514166673679,73.2292626874137,15218821
2025-11-19,72.06111907958984,72.72178605941099,71.81216818445252,72.29091597234887,9109693
2025-11-20,71.29512023925781,72.13771372252491,70.76850205163271,72.03239592908915,24164668
2025-11-21,70.38550567626953,71.04617269226885,70.09825406575719,70.85467648866857,23896675
2025-11-24,69.45673370361328,70.67274993643173,69.18863609669972,70.38550563121517,21985740
2025-11-25,69.60992431640625,69.99292400157405,69.16947723525224,69.48545252339905,12512694
2025-11-26,71.1323471069336,71.28554260019715,69.79185184159782,70.47167282288628,13223415
2025-11-27,71.05574798583984,71.95579619237071,70.5674231817527,71.71642229106882,10707179
2025-11-28,70.77806854248047,71.84088917597263,70.375922169027,71.23766961579244,16024318
2025-12-01,72.18559265136719,72.53029165154585,70.73020255458862,71.04617055049265,24997800
2025-12-02,72.8558349609375,73.77503714352548,72.2430383759532,72.47284257415596,31583291
2025-12-03,72.81754302978516,73.63141282571982,72.38666562832915,73.18138872658456,11892197
2025-12-04,72.74093627929688,73.86120429149419,72.58773348868299,72.94200946314426,11526558
2025-12-05,73.21011352539062,73.33458532495479,71.62067461011563,72.74094272152841,17203665
2025-12-08,71.48662567138672,73.23883708389808,70.99830086538597,73.10478828305266,14039842
2025-12-09,71.64939880371094,72.01324450848493,70.10783027527847,71.28554579382512,10618027
2025-12-10,71.24725341796875,72.26219644931837,71.02702620856228,71.64939982981159,6555698
2025-12-11,72.1089859008789,72.33879008735808,71.24724576947104,71.24724576947104,7313230
2025-12-12,74.62721252441406,74.73253762923034,72.29092082501612,72.76009164321731,22392662
2025-12-15,75.2112808227539,75.54640281514023,74.23463123910057,74.68465533106715,20700200
2025-12-16,73.87078094482422,75.2495695283101,73.40161018471983,75.06765034670046,11468902
2025-12-17,73.9952621459961,74.51231066999566,73.55481502668802,73.72716453468789,8628268
2025-12-18,73.25798797607422,74.15802884280055,73.00903708288497,73.832483856032,8848338
2025-12-19,73.05691528320312,73.48778536984163,72.50156609656258,73.25798847730853,9994984
2025-12-22,75.18254852294922,75.35489801679269,73.2484106965826,73.39203649230407,17008841
2025-12-23,78.06461334228516,78.80188902855483,75.49852489983225,75.75705279687645,77610652
2025-12-24,77.96886444091797,78.98380740596726,77.62416545182359,78.8976363112494,27923038
2025-12-26,79.09870910644531,79.71150568284142,77.91141665281677,78.22738463697218,26105816
2025-12-29,77.40394592285156,80.57326153618386,76.91562839419802,79.95088789395103,50793078
2025-12-30,79.86471557617188,80.22856129289062,77.17414783545615,77.46139945215289,40418456
2025-12-31,79.6349105834961,81.04243034237032,79.37638997508198,80.42963371750307,31290373
2026-01-01,80.10408782958984,80.42963283700017,78.71571478445543,79.63490971169342,17474087
2026-01-02,80.93710327148438,81.34882667866968,80.26685926216496,80.53495686589272,27683548
2026-01-05,80.34346008300781,81.62650069301921,79.68278577495347,81.38712679069364,27034891
2026-01-06,80.30516052246094,81.24350214204026,79.5678848019653,80.38175462040792,19631972
2026-01-07,82.4978256225586,82.7276225245259,80.1902576859771,80.28600578637084,41093776
2026-01-08,78.12205505371094,83.03401168894817,77.84438778466667,82.63186532849338,50811580
2026-01-09,77.05924987792969,79.03168849614856,75.42192595695005,78.12206328392523,59337663
2026-01-12,78.28484344482422,78.56251804949322,75.78577930791509,77.38479523004278,21694778
2026-01-13,78.6295394897461,78.96466148100055,77.65288990939138,78.66784018947682,14953959
2026-01-14,80.28600311279297,80.5636777082663,78.3327112483372,78.61038584381055,28795078
2026-01-15,80.28600311279297,80.28600311279297,80.28600311279297,80.28600311279297,0
2026-01-16,79.22318267822266,80.47750686237711,78.81145928436032,80.28600336226,20585800
2026-01-19,77.9305648803711,79.22318245580846,77.2986215945377,79.22318245580846,18976405
2026-01-20,75.48894500732422,78.4667567266627,74.9910505398486,77.93056156090262,18241676
2026-01-21,75.29745483398438,76.14962534980903,73.75588630420904,75.0772349326518,20666906
2026-01-22,74.9048843383789,77.0305184436237,74.53145433200041,75.67087643874922,18249016
2026-01-23,73.11436462402344,75.30703042534503,72.81754332556332,74.68465682412167,19489454
2026-01-27,75.48894500732422,75.99642378076001,73.17180754944815,74.07185569635507,28155161
2026-01-28,78.05503845214844,78.38059075628463,75.27830704363045,75.99642874689097,32245504
2026-01-29,81.0041275024414,81.43500491190989,78.29441316095686,78.32314416567753,71597178
2026-01-30,77.75821685791016,79.95088266017383,76.47517625939811,79.95088266017383,44472018
2026-02-02,77.97843933105469,78.41888640406036,75.08679870138927,77.3081880681329,18052520
2026-02-03,78.17951202392578,80.90837284219656,77.37521197452895,80.33387698126238,35389808
2026-02-04,82.2297134399414,82.71803820539569,78.17951144119985,78.21781213899146,73789115
2026-02-05,81.0041275024414,82.47867162496185,79.86471268898927,82.46909462338829,36179651
2026-02-06,80.50623321533203,81.74140343764141,79.5966079962873,80.90837962116899,28578193
2026-02-09,80.87965393066406,81.98077532392415,80.23813363641321,81.38712542626882,26901417
2026-02-10,81.45415496826172,81.99992719866762,79.7210901726962,81.48287866905486,46795269
2026-02-11,81.82757568359375,82.41164860244837,80.82220965491018,81.86587638541674,36201965
2026-02-12,81.13817596435547,82.42122388070435,80.82220796486881,82.24887437866082,28926197
2026-02-13,78.36582946777344,80.80273861674898,78.09945012991469,80.40809614862056,31361483
2026-02-16,79.38202667236328,79.55961540203124,77.3989537789341,78.25730056019242,15298184
2026-02-17,77.97118377685547,79.31296359672479,77.49761885641847,79.31296359672479,14967133
2026-02-18,79.01698303222656,79.22417616126965,77.80346628885415,78.32636435934626,12495946
2026-02-19,78.15863800048828,79.96412207584392,77.67520496507743,79.42148778199001,17807737
2026-02-20,79.05644226074219,79.27349597842552,77.41868630153074,77.94158433385233,31810356
2026-02-23,77.85279846191406,79.91479385069475,77.05364540492546,79.91479385069475,17173430
2026-02-24,79.71747589111328,79.96412648789621,77.45815552132021,77.94158858340467,28891427
2026-02-25,80.76326751708984,81.0395149657608,79.322829015321,79.91478890921282,26680650
2026-02-26,81.45388793945312,82.44049029347626,80.63501370626966,81.20723735094734,29910648
2026-02-27,80.6448745727539,82.14451437097068,79.66814034670158,81.20723761529054,16829779
2026-03-02,80.17131042480469,81.09871153101136,77.79359510803704,77.92185823310105,22982057
2026-03-04,75.68226623535156,79.30309509495709,74.98177946205955,78.9281889074311,31337830
2026-03-05,77.38909149169922,78.42501945291819,76.32355913686372,76.45181473382074,20259988
2026-03-06,78.72100067138672,80.81260031698278,76.9056484733418,76.95498160062382,32383963
2026-03-09,78.06983947753906,78.30662945574467,75.4652099347047,77.94158388472817,27385520
2026-03-10,78.60260772705078,79.5694813458112,78.06984155269446,79.02684704030608,17656054
2026-03-11,78.66181182861328,80.00358415335975,78.38555683671663,78.97752429217343,13889368
2026-03-12,79.78653717041016,80.5067526925,76.50114943889795,78.23757173509095,20967907
2026-03-13,77.53707885742188,80.16144484954201,77.20163765509737,79.32283431655182,21709925
2026-03-16,76.5208740234375,77.90211878577092,75.5836048242711,77.53707321523515,17446342
2026-03-17,78.15863800048828,78.43488544929447,75.87958902065871,77.15229940591891,22084741
2026-03-18,78.42501831054688,78.90845887925238,77.21150164119857,78.15863898930752,15877573
2026-03-19,76.89579010009766,77.84292745939389,76.46168265439489,77.15230129330509,22414516
2026-03-20,78.71113586425781,80.23050441712635,76.96485298153817,76.96485298153817,39390638
2026-03-23,74.08396911621094,77.70480557220273,73.55121045482001,77.69493744079065,35184834
2026-03-24,75.74146270751953,76.41235263858253,73.91624977846223,76.41235263858253,22852797
2026-03-25,76.80699157714844,77.68506706801847,76.21503167154304,76.28409353507736,21760094
2026-03-27,76.16570281982422,77.24110335773267,75.52441727693073,76.55047715643191,25794674
2026-03-30,75.24816131591797,77.36935796951076,75.07057258382231,75.47508317860976,20168817
2026-04-01,77.1227035522461,78.41515774351741,76.69846424253325,77.50747786487186,27161656
2026-04-02,77.0339126586914,77.44828383574837,74.59700366995688,76.95498266482004,27259464
2026-04-06,80.30943298339844,81.18750847477926,76.9747122151993,77.62587338076905,52439160
2026-04-07,80.6448745727539,80.81260269413957,79.53988475004537,79.89506220082416,13939494
2026-04-08,81.79920196533203,83.17057858797598,81.49335012764669,82.13464314109088,23422589
2026-04-09,83.30870819091797,83.86120312042588,81.40456527780232,81.88799834112174,25196614
2026-04-10,83.93025970458984,85.14378387944927,82.785804918751,83.86119784274766,23342535
2026-04-13,84.66034698486328,85.24244629746028,82.00639172729683,82.62794851078768,29197819
2026-04-15,86.00212860107422,86.7914135246001,85.46936240677108,85.83440800115811,21574292
2026-04-16,85.99226379394531,87.4721673078433,84.69980960665967,86.42636370620733,40443893
2026-04-17,88.57715606689453,88.9422016391243,86.09092150489968,86.32770395671385,41324296
2026-04-20,87.70895385742188,88.96193557906297,86.94926580293253,88.69555624608313,30415217
2026-04-21,87.28471374511719,88.73502044776951,86.2487782354573,88.62649358381738,24339172
2026-04-22,87.4030990600586,88.74487886570304,86.87034041200968,87.24524659731263,18410428
2026-04-23,86.14025115966797,87.35377539579441,85.46936124196773,87.22551979652039,25119407
2026-04-24,88.0937271118164,88.78434576458011,85.53842304223315,86.32770795440204,34794839
2026-04-27,89.20858764648438,89.97813631797455,88.6067595773079,89.04086704417067,37668047
2026-04-28,89.68215942382812,90.62929682201502,89.33685009019419,89.62295816150592,29317759
2026-04-29,90.50103759765625,91.52709742590439,88.7251503426525,90.27411574339186,27064617
2026-04-30,89.15925598144531,90.83647694492187,88.547559822193,90.80688007913487,23931554
2026-05-01,89.15925598144531,89.15925598144531,89.15925598144531,89.15925598144531,0
2026-05-04,87.89640045166016,90.48130133912467,87.11699121284173,89.78081456828193,19723503
2026-05-05,87.639892578125,88.43903810959434,86.78154578445796,87.80761317879751,12339321
2026-05-06,87.98519897460938,89.63282311319506,87.31430906713072,88.79421261064141,14607779
2026-05-07,88.93233489990234,89.67228665968221,87.94573255352918,88.49822745880101,19540926
2026-05-08,87.61029052734375,89.28751148919761,87.48202740615288,88.84354344846525,12944581
2026-05-11,85.6272201538086,87.11699183243287,85.42989516451937,86.8308762433475,13097856
2026-05-12,85.45950317382812,87.28471612069526,85.22271317666319,85.45950317382812,14380728
2026-05-13,89.88934326171875,90.57010131123569,85.26217570020337,85.34110569696625,42008503
2026-05-14,91.9612045288086,92.52356756959765,90.40237100269908,90.76741658352583,39823561
2026-05-15,90.1853256225586,92.98727272067153,89.91893876930584,92.36571594171289,23322409
2026-05-18,88.93233489990234,89.6525579247133,87.09725393347398,89.6525579247133,14568803
2026-05-19,87.82733917236328,89.33684711281876,87.57082797717206,89.08032839044887,14073570
2026-05-20,87.2945785522461,88.04439091277045,85.52855945639749,87.3143072871321,18893927
2026-05-21,86.97886657714844,88.44890196745715,86.72234785916336,88.00492639473161,11605971
2026-05-22,86.67301940917969,87.30444434354895,86.12052447340132,87.30444434354895,15440319
2026-05-25,88.9816665649414,89.21844901656749,87.32417434920197,87.32417434920197,15033928
2026-05-26,89.45523834228516,89.84001267843702,88.37984533282969,89.28751773979414,17202008
2026-05-27,91.04366302490234,91.53696419649559,89.90906882480215,90.0274638157688,24144878
2026-05-28,91.04366302490234,91.04366302490234,91.04366302490234,91.04366302490234,0
2026-05-29,86.81114196777344,91.80335516696242,86.21918204071427,91.75402203671631,50736815
2026-06-01,91.13246154785156,92.44463694936356,86.32770540576905,87.90626765632454,73822842
2026-06-02,94.03306579589844,95.93720859656452,91.06339819798886,91.54683123275905,102137637
2026-06-03,94.7532958984375,96.1838663751024,93.79629036104721,94.81248963405208,48441070
2026-06-04,93.43124389648438,96.04574175149241,93.07606643172666,94.52637315829084,30790125
2026-06-05,91.65536499023438,93.73709666832823,90.3826469836856,93.71736040499502,40684291
2026-06-08,88.38970184326172,90.77728527576328,87.81747819496272,89.92880664375949,25424714
2026-06-09,88.83367919921875,89.55389472140476,88.0049292858787,88.97180293024562,32876138
2026-06-10,87.26497650146484,89.04086377601305,86.7322178462791,88.79421318383572,29633090
2026-06-11,87.28471374511719,87.7977436706537,86.27837510250264,86.68288569126582,20240371
2026-06-12,89.71175384521484,90.07679943206206,88.41930714863537,88.79421333961831,17620294
2026-06-15,87.28471374511719,90.73782207441175,87.01832688735148,90.7279539430037,28942335
2026-06-16,86.90979766845703,87.6596175643965,85.92319531539195,87.28471138001606,23070064
2026-06-17,86.82100677490234,87.56095853718844,86.28824060279491,86.96899863279528,15439175
2026-06-18,87.34390258789062,87.97532747342711,86.74207456774205,86.9097951563924,14118728
2026-06-19,87.23538208007812,88.05426387558408,86.89994087835989,87.31431207831028,20685578
2026-06-22,87.00846862792969,87.9062729036084,86.5842292920963,87.65962230201174,17362832
2026-06-23,84.11772155761719,86.98873058741476,82.94366230930574,86.8210099882785,49914855
2026-06-24,84.55181884765625,85.59762246287096,82.87459785433286,84.11771892975787,36638678
2026-06-25,83.80200958251953,85.0944563073013,83.34817338547539,84.74914697554803,22750846
2026-06-26,83.80200958251953,83.80200958251953,83.80200958251953,83.80200958251953,0
2026-06-29,84.30516815185547,84.54195813642178,83.18044207029062,83.86120010335621,43129313
2026-06-30,84.01905822753906,84.93659117044118,82.79566591597937,84.30516627997483,41478341
2026-07-01,83.17058563232422,84.47290050395732,82.39116883023775,84.01906430157386,25551074
2026-07-02,84.4235610961914,85.39043469176956,83.88092680369677,84.1473136480772,14105748
2026-07-03,84.25584411621094,85.76534454177435,84.15718538439754,85.36083395600703,13887336
2026-07-06,83.93025970458984,84.58142085382623,83.21990482439685,84.58142085382623,17753459
2026-07-07,83.21990966796875,83.77241212204143,82.75620534267763,83.77241212204143,15687966
2026-07-08,82.61808013916016,83.86120122970463,82.07545335339282,82.3812976785922,11968786
2026-07-09,83.28897094726562,83.65401653692327,81.8879973769776,82.87459975501346,11211470
2026-07-10,83.78227233886719,84.89713784613787,83.47642800963375,83.86120233582382,14104343
2026-07-13,83.00285339355469,83.17058151451434,82.19383976376416,82.88446592838153,23088111
2026-07-14,83.85133361816406,84.79847099348531,82.69701064766431,82.87459937598571,24646208
2026-07-15,83.75267791748047,84.47290098817817,83.48629857894676,83.8513366529678,11975753
2026-07-16,82.95352935791016,84.04865859450453,82.62794876818128,83.86120173487056,14607540
2026-07-17,82.10504913330078,83.35803081136585,81.6018798249726,83.02258962393282,22681426
2026-07-20,82.72660827636719,83.76254378897865,82.15437708793078,82.627949543542,22347504
2026-07-21,82.80553436279297,83.30870366177038,81.91759075494413,82.72660436938897,14251390
2026-07-22,82.22343444824219,83.61454734454216,82.01624886250828,83.308703031389,12894573
2026-07-23,81.53282165527344,82.70688091883956,81.13817919021785,82.23330845533708,10665371
2026-07-24,82.44049072265625,82.56875384674129,80.67447159649961,81.2467027713349,16131661
2026-07-27,82.4010238647461,83.27910686957868,82.19383827726149,82.87459629840983,11291198
2026-07-28,82.79566955566406,83.20018014271484,81.89786530798112,82.42076336271211,16206608
2026-07-29,84.69981384277344,85.29177377250278,82.6279503251313,82.6279503251313,24493891
2026-07-30,83.8710708618164,84.93659571702854,83.57508713542596,84.69981325222349,12760135
2026-07-31,83.90066528320312,84.45316019403522,83.55535596393307,84.35450146384072,12787764
2026-08-03,82.67728424072266,84.68994651547935,81.9373324397395,84.45316404677484,18494856
2026-08-04,83.07191467285156,83.5652158467454,82.1149167183275,83.07191467285156,19524046
2026-08-05,84.6504898071289,84.6504898071289,83.28897366364068,83.86120486808706,20532109
2026-08-06,85.04512023925781,86.02186199313766,84.51236158991435,85.16351523198894,26097300
2026-08-07,83.78227233886719,84.84780471624528,83.76254360321742,84.74914598363888,9354641
2026-08-10,84.33477020263672,85.82453429646233,83.57508219581852,83.82173277750628,21296974
2026-08-11,84.30516815185547,85.28190990203963,83.6737432473692,84.35450128043477,14097831
2026-08-12,84.7491455078125,84.91686610501957,83.75267500157148,84.71954864091464,18266091
2026-08-13,83.86119842529297,84.73927390074823,83.45668785513708,84.73927390074823,10993967
2026-08-14,83.26924133300781,84.20651057138033,82.02612024218995,84.18678183598645,18589633
2026-08-17,84.35449981689453,84.35449981689453,79.96412242793924,81.98665270256355,40748162
2026-08-18,83.06205749511719,84.26571361341558,81.98665697753724,83.89079988839741,18390025
2026-08-19,82.23330688476562,82.9337936714507,81.74987382607456,82.88446806874767,20291366
2026-08-20,82.82526397705078,84.00919130914714,82.38129593200124,82.75620211388355,16534911
2026-08-21,83.47642517089844,84.28543879424521,82.37142783261905,83.06205399173562,18876961
2026-08-24,84.7491455078125,85.39043855692165,83.37776880890061,83.51589253920982,28670014
2026-08-25,84.78861236572266,85.12405356749396,84.14731930254814,84.74914736660034,16488458
2026-08-26,87.02819061279297,87.70894862908645,84.59128165371531,84.84780036708622,26181347
2026-08-27,84.5715560913086,87.90626938150005,84.5715560913086,87.31430946682174,16189617
2026-08-28,85.59762573242188,86.4164999980337,84.84780580606055,84.87740267350473,14224538
2026-08-31,87.01832580566406,87.01832580566406,83.95985997174311,85.14378732909164,16906053
2026-09-01,84.54196166992188,86.2290508627824,83.95986234250698,85.6469515353675,11311468
2026-09-02,84.60115051269531,84.60115051269531,83.1212470051846,83.7625400305416,16726795
2026-09-03,83.06205749511719,85.70615219733993,83.06205749511719,84.61102294394902,13174732
2026-09-04,83.56521606445312,84.03878850458355,83.13111614877702,83.38762734030153,13224234
2026-09-07,82.72660827636719,84.48275931306341,82.42076394645548,84.14731811602202,15859358
2026-09-08,83.57508850097656,83.64415036797223,82.61808296748012,82.93379543477162,12129471
2026-09-09,84.6504898071289,84.73928041100211,83.3975005309384,83.56522113415161,14151248
2026-09-10,83.46656036376953,84.96620020595414,83.04232103663323,84.84780520983045,9878920
2026-09-11,81.29603576660156,82.66741244140567,81.14804390753507,82.66741244140567,9234255
2026-09-14,81.29603576660156,81.29603576660156,81.29603576660156,81.29603576660156,0
2026-09-15,79.42149353027344,81.77947267390475,79.42149353027344,81.69068207058142,10462679
2026-09-16,79.24390411376953,80.00358464642534,78.38555731981026,79.71747657561784,9502607
2026-09-17,79.71747589111328,80.2601026877284,79.32283343082483,79.33270156230623,4385275
2026-09-18,78.0895767211914,80.60540817203753,78.0895767211914,80.28969572430543,18919633
2026-09-21,78.73087310791016,79.76680109287969,78.73087310791016,79.01698117482164,8513163
2026-09-22,79.12550354003906,79.23403039808116,78.27702493744356,79.01697668199697,8885406
2026-09-23,80.90139770507812,81.21711017552298,78.99725475068851,78.99725475068851,11699092
2026-09-24,79.7372055053711,80.9901872388739,79.7174767693698,80.0134529724628,5166455
2026-09-25,78.82952880859375,80.03318487289042,78.50394822847838,79.67800742679702,11080041
2026-09-28,76.39262390136719,79.81613542333136,76.39262390136719,79.61881042762253,24084137
2026-09-29,75.9683837890625,76.81686244394582,75.00151013797029,76.36302624924664,19014554
2026-09-30,75.5145492553711,76.74780226608624,75.5145492553711,75.96838546005279,15817494
2026-10-01,73.63999938964844,75.93878469002108,72.72245889573713,75.42574724870582,17077400
2026-10-02,73.63999938964844,73.63999938964844,73.63999938964844,73.63999938964844,0
2026-10-05,73.73999786376953,75.51000213623047,73.05999755859375,75.0,11989948
2026-10-06,74.37999725341797,74.48999786376953,73.73999786376953,74.41000366210938,10800931
2026-10-07,72.80000305175781,73.80000305175781,72.44000244140625,73.80000305175781,15123571
