Date,Close,High,Low,Open,Volume
2020-10-07,46.31415557861328,46.98420988616905,46.12653607832639,46.85019595739269,3409547
2020-10-08,46.555381774902344,47.94909103611827,46.01933621220513,46.60898224148458,7598538
2020-10-09,46.63577651977539,47.57385352724126,46.39455657179535,46.52857049406671,5171280
2020-10-12,46.0997428894043,47.439851634885706,45.724508964435266,46.716191685419545,3991040
2020-10-13,45.2956657409668,46.09973389870605,44.94723978442217,46.09973389870605,5905245
2020-10-14,46.206947326660156,46.36775893914474,44.7596325900809,45.027650240185544,7101011
2020-10-15,45.40288162231445,46.6357791028485,45.16166166097367,45.83171597311836,4381616
2020-10-16,45.590492248535156,45.96572099648834,45.16165793312915,45.21526350058197,4197215
2020-10-19,46.7697868347168,46.95740119931769,45.45647605829451,45.83170989960432,7858851
2020-10-20,46.930599212646484,47.27902516536889,46.421356562875474,46.79658529843932,4414866
2020-10-21,47.38623809814453,47.76146684797287,46.555372246906785,46.957403780595484,5216613
2020-10-22,48.217105865478516,48.351119790105855,47.14502002900235,47.38623998122305,5926353
2020-10-23,48.243900299072266,48.72634012000021,48.02948316889403,48.32430863992947,3089208
2020-10-26,47.091407775878906,48.59232773393307,46.7429818455139,47.97587910446001,3991893
2020-10-27,47.43984603881836,47.81507480741574,46.04613188101587,47.171823298916564,4122196
2020-10-28,45.99251937866211,47.493439338942856,45.56368510429618,47.225421751545,6323907
2020-10-29,45.67090606689453,46.126538108461546,45.24206658804466,45.56369491915484,3929663
2020-10-30,46.68937683105469,46.87699118899917,45.45647444553574,45.8585110549686,10181063
2020-11-02,48.967567443847656,49.369598984783465,46.60897354270305,47.09141343666937,9073832
2020-11-03,49.0479736328125,49.289193594294254,48.43152489218521,48.88716202919423,4089906
2020-11-04,48.860355377197266,49.20878645492763,48.056292310618154,48.75314935397059,4146027
2020-11-05,50.17366409301758,50.36128359099951,48.8335554943697,49.26238983696833,4962071
2020-11-06,51.299354553222656,52.13022554943819,49.905645522106916,50.25407150185872,10477305
2020-11-09,52.8002815246582,53.12190472977469,51.27255340797451,52.02301607342745,9971010
2020-11-10,52.50545120239258,53.44352817058749,51.728185822082786,52.907482728159486,11297522
2020-11-11,53.148704528808594,53.309516122329875,52.1034215027577,52.61265906759315,8598577
2020-11-12,54.19398880004883,54.56922267636456,52.55905981878267,53.20231131975586,11938667
2020-11-13,55.21247100830078,55.50729140092383,52.90748276136517,55.05165942031473,14680822
2020-11-14,54.94446563720703,55.64132288801015,54.70324562300173,55.212488443225126,1336501
2020-11-17,55.74850845336914,56.09693950676342,54.488808373816475,55.26607371438221,8868313
2020-11-18,56.0433349609375,56.713389185828774,55.158863588565346,55.319675171149,7935951
2020-11-19,56.123748779296875,57.30304064934658,55.266080105766704,55.48049727414925,10325788
2020-11-20,55.480491638183594,56.60618293586612,55.105257797550735,56.23094909523327,7013365
2020-11-23,55.77532196044922,56.55258745047648,55.587707562748555,55.74851917333357,5812828
2020-11-24,56.150543212890625,56.57937748587368,55.56089225345809,56.01652930751606,8525200
2020-11-25,56.52577590942383,57.678270016369936,56.12374438916796,56.28455597484868,10749532
2020-11-26,58.48232650756836,58.803954755019454,56.31135245162302,56.6061779191109,15421326
2020-11-27,57.99988555908203,59.23278785276054,57.5442485328259,58.96476517047326,12670013
2020-12-01,58.34833908081055,58.616361866456614,57.329853517777366,58.321536291034995,5548787
2020-12-02,58.8039665222168,58.9915809073951,58.02670108406832,58.56274656638511,4898771
2020-12-03,61.350162506103516,62.18103341635439,58.75035398308455,58.803959547379705,13385242
2020-12-04,61.91300964355469,63.38712685159565,61.32335867065199,61.48417536077521,16896823
2020-12-07,63.279903411865234,63.467517719905295,61.69857551251828,62.39543230817172,6171183
2020-12-08,62.154239654541016,64.057191454219,61.75220808819723,63.762371032024866,7265007
2020-12-09,63.46754837036133,65.85294020246185,62.31505407913241,62.529471265027865,21220306
2020-12-10,61.403770446777344,62.82428728292613,59.12558499714557,62.71707615018667,18517313
2020-12-11,62.90469741821289,63.84277448411569,61.591391570792474,61.64499714304034,9602640
2020-12-14,65.04885864257812,65.71891279807537,63.092301735431974,63.306718860706795,11986780
2020-12-15,64.80765533447266,65.1828841217705,63.199523927025204,64.64684372736056,8569621
2020-12-16,64.4592056274414,66.1477449074165,64.05717416957836,65.31687921288521,7142817
2020-12-17,63.49433517456055,64.80764074659321,63.253115262135395,64.32520092174292,4526148
2020-12-18,62.985111236572266,64.0035916370271,61.993428512455644,63.49435399285428,9869700
2020-12-21,59.07197952270508,63.01189629810278,56.686583143054605,62.690268039325865,9426968
2020-12-22,59.55442810058594,59.849253647059534,56.6061930842857,58.61635611109528,21368001
2020-12-23,60.86774444580078,61.779018916674836,59.52763553123422,60.1440895171383,8095772
2020-12-24,61.189353942871094,62.52946244368922,60.840927981986006,61.108945592463044,5620163
2020-12-28,62.636661529541016,63.06549575834882,61.35015373101033,61.64497918035592,4832227
2020-12-29,62.315040588378906,63.14590636483376,61.53777526271209,62.985094788253946,4600443
2020-12-30,61.403770446777344,62.422255759369506,60.894527790481256,62.1810358228139,4883026
2020-12-31,61.26976776123047,61.99342253105175,60.840933411666484,60.9213366571418,5647660
2021-01-01,61.67178726196289,62.18102986950328,61.162544654422504,61.537773358869266,4773375
2021-01-04,63.54795455932617,63.8695829091003,61.913025358292835,62.18104813108641,7029263
2021-01-05,63.57476043701172,64.03039763926814,62.44906882626697,63.253137183718614,7842203
2021-01-06,63.6551399230957,64.48600558122823,62.82427426496319,64.16438247387046,7309940
2021-01-07,63.94998550415039,64.91486024219051,63.62835718339786,64.32521428493773,6727071
2021-01-08,64.8344497680664,65.3168896393564,64.19119831038246,64.70043585264798,8423411
2021-01-11,64.19120788574219,65.3436970576077,63.467547970859314,65.2632938084711,5247801
2021-01-12,65.10247039794922,65.50450190708878,63.789159629527724,64.13759068632787,7341978
2021-01-13,64.91485595703125,66.0137445528904,63.52114695806174,65.82613017488153,6954795
2021-01-14,64.80765533447266,65.7725352013629,64.67364140178856,65.37049851541941,3574333
2021-01-15,65.07568359375,66.68381002515133,64.32522084354926,65.12928405924993,13860241
2021-01-18,62.93148422241211,65.45088924504405,62.34183841375674,65.45088924504405,9514675
2021-01-19,65.55811309814453,65.82613585217692,63.199524109299,63.199524109299,9711963
2021-01-20,65.10247039794922,65.85292785178093,64.53962219546743,65.39729077819396,5340328
2021-01-21,63.628360748291016,65.61172101974486,63.2531319464808,65.37050104369287,5220681
2021-01-22,61.99341583251953,63.81596417729022,61.67179266115303,63.547941459746035,7414443
2021-01-25,61.24296951293945,62.66348148407693,60.331695174571344,62.26144989058725,6653710
2021-01-27,59.79564666748047,61.24296646658137,59.500826240044546,61.10895253401158,6376865
2021-01-28,59.01837921142578,60.01005663267209,58.375127748753215,58.96477364484269,9095290
2021-01-29,58.85757064819336,60.51930765723183,58.5895530024433,59.55442777378311,7342738
2021-02-01,62.39545822143555,62.77068699335077,58.1339124668521,59.608029881183576,8915563
2021-02-02,63.76235580444336,64.86124420899972,62.77067340632523,63.01189331094565,7340347
2021-02-03,66.97863006591797,67.5146755735816,63.6819639964805,64.45922435927305,13578550
2021-02-04,67.99712371826172,68.2919441821764,66.97863815314716,67.27346372917128,8767693
2021-02-05,67.62187194824219,70.86493709333702,67.21984043097802,68.47954054830123,15815107
2021-02-08,68.66715240478516,68.85476675120712,67.70227278077785,67.80947878783003,7555363
2021-02-09,67.51466369628906,68.88157489946407,67.11263219232181,68.61355219278325,6669290
2021-02-10,68.1579360961914,68.74758214262773,67.1394505198538,67.51468446950372,9913891
2021-02-11,68.34553527832031,68.82797516881051,67.59507265843465,68.13111811722561,7832261
2021-02-12,67.78269958496094,68.69396878552142,67.16624570607827,68.61356553635636,6086160
2021-02-15,70.27529907226562,70.75773902690301,67.88990719890192,68.1579299639348,14528595
2021-02-16,71.66899871826172,72.84829557620225,70.70411900611876,70.99894449863088,10657770
2021-02-17,69.6856460571289,71.69580892416147,69.44442610411632,71.26697458816321,8762018
2021-02-18,70.2216796875,71.26696256615364,69.63202874088908,70.08766578503949,10356158
2021-02-19,66.63018035888672,70.59689934557952,65.9333234916936,70.48968823734657,11552552
2021-02-22,65.20968627929688,67.88990356181974,64.64684310377929,66.76421209867578,7100868
2021-02-23,65.29010009765625,66.68380931590671,64.19121132890207,65.3437005625861,7744253
2021-02-24,66.68378448486328,67.38064139055449,65.61169890384117,65.82611602004559,3874747
2021-02-25,69.55164337158203,70.19489493224908,66.87142597941485,67.27345756581813,13553315
2021-02-26,66.4693832397461,68.4795461011752,66.17456282963694,68.4795461011752,10754685
2021-03-01,67.99712371826172,68.34554976183703,66.0405609575236,67.21985814951064,9094408
2021-03-02,69.47124481201172,70.57013368888732,68.37235593513613,68.5867731522799,9406738
2021-03-03,71.5886001586914,72.01743962102275,69.44442840757822,69.68564836859204,9553838
2021-03-04,71.66899871826172,74.34921559678509,70.75772457059514,70.97214171639268,21832872
2021-03-05,68.90837860107422,71.26697249179345,68.31873268444859,71.26697249179345,11655626
2021-03-08,71.69580078125,72.36585499415887,69.23000107326101,69.3908126529689,11965602
2021-03-09,70.99894714355469,72.79469272354658,70.2216868781238,72.52667000328799,9034031
2021-03-10,72.04423522949219,72.6070834930919,71.29377769417061,71.61540089156313,6480653
2021-03-12,73.81318664550781,75.31410689702764,72.09784410309064,73.03592117733133,32011162
2021-03-15,73.3575439453125,75.09968403002966,72.09783864224734,74.88526686748152,20055378
2021-03-16,74.45642852783203,74.85846004691943,73.54515435810957,73.97398866008389,10440081
2021-03-17,72.74110412597656,74.99248732197388,72.3658752973468,74.77807011816982,10219120
2021-03-18,70.75774383544922,74.40284141854788,69.8732722292102,73.41115865416626,18335585
2021-03-19,70.472412109375,71.1286316245487,68.16136964684307,70.18709762045388,32894595
2021-03-22,69.30262756347656,71.01450361219615,69.07437161893128,70.47241206966486,6339217
2021-03-23,68.81761932373047,70.01593625410638,67.33398780194635,69.3311790579574,14918430
2021-03-24,66.67774963378906,68.98878684620281,66.47802566562343,68.1613753038532,10959025
2021-03-25,64.82321166992188,66.8204079285705,64.30965204865296,66.44950285066707,10610125
2021-03-26,65.36530303955078,66.56361960203165,64.90880201021727,65.05145654116342,11771360
2021-03-30,63.396644592285156,66.42097098321698,62.883084970014146,66.42097098321698,15827626
2021-03-31,64.9087905883789,65.53647803277951,63.45369177270785,63.624878268104275,8420960
2021-04-01,65.27969360351562,65.50794407114637,64.73760214409288,65.3938215582912,5493510
2021-04-05,63.59636688232422,65.25118457746551,62.59776877758405,65.05146060297999,13123485
2021-04-06,65.25117492675781,66.05004893885825,63.36810153928417,63.824607971525786,12535383
2021-04-07,66.50656127929688,66.8489398014287,65.05146208360009,65.222654065627,8260280
2021-04-08,65.70767974853516,67.87606229995812,65.47942924006544,66.6492137762129,10589318
2021-04-09,64.99440002441406,66.64921766792625,64.59495752982718,65.73621558073631,6777983
2021-04-12,59.77315139770508,63.91019187338134,59.40224098036221,63.91019187338134,16140737
2021-04-13,62.74040603637695,62.94012451393065,59.94433646678439,60.71468383042327,7915188
2021-04-15,62.45510482788086,63.68195338359503,61.62769875383831,61.62769875383831,7988110
2021-04-16,62.25539779663086,62.76896290932384,61.91302468278389,62.3980577956692,3785395
2021-04-19,59.972877502441406,60.714692989489976,59.57343504515606,60.4293785034065,3943238
2021-04-20,60.22966766357422,61.79888937392946,59.7731666044919,60.7717592700333,3241082
2021-04-22,60.714698791503906,61.00000786293088,59.68756872021733,59.68756872021733,3407792
2021-04-23,60.942962646484375,61.970087500556616,60.3152694914105,60.45792950025588,4144846
2021-04-26,61.028533935546875,61.627694899621815,60.828815428162294,61.171193899336714,3753260
2021-04-27,61.913021087646484,62.11273963278047,60.42938983533371,61.31386001032231,8512015
2021-04-28,61.599178314208984,62.45511654335273,61.42799175676475,62.45511654335273,5183063
2021-04-29,61.14265823364258,63.08279008926807,60.99999827842256,62.36950663893052,6833430
2021-04-30,61.85594940185547,63.1398565075059,60.28672235016512,60.51497286507552,8686218
2021-05-03,61.028533935546875,61.770349421490465,60.54350094250381,61.627694899621815,5688356
2021-05-04,61.51356887817383,63.767547400199156,61.028535869758336,61.19972783173182,15577337
2021-05-05,62.283912658691406,62.76894563811734,61.770347687308536,61.99859818104303,6123853
2021-05-06,62.11275100708008,63.02575334741169,61.970090990201264,62.65484274544997,6547287
2021-05-07,63.28251266479492,63.79607765285739,62.25538268866996,62.65481970519802,6588607
2021-05-10,65.25117492675781,65.50795197213219,63.39663353141933,63.824607971525786,8595907
2021-05-11,66.76333618164062,67.02011868341751,64.08138863081618,64.4237671138258,13970076
2021-05-12,65.76473999023438,68.04725057571711,65.33677095605684,67.41955757979665,9602901
2021-05-14,64.73763275146484,66.82041993355847,64.59497274054701,66.33538678028378,5807063
2021-05-17,65.96446990966797,66.1641884475273,64.76615324058999,65.5650273920273,6512163
2021-05-18,66.42098999023438,67.47664697589818,66.19273938993489,66.50658056414446,5530185
2021-05-19,66.44949340820312,67.44808595370557,66.02151895507782,66.36389742919383,4018376
2021-05-20,66.76333618164062,67.24836919145014,65.62208364147747,67.02011868341751,6714203
2021-05-21,67.81900024414062,68.61787432557934,67.21983924114005,67.33396721958646,13717878
2021-05-24,68.10431671142578,68.7605362806434,67.90459274338757,68.16137526037214,5159137
2021-05-25,67.87606048583984,68.6749345231717,67.70486852762195,68.47521601383875,3692022
2021-05-26,67.33396911621094,68.18990721098244,67.2769051253804,68.16137521556716,3259305
2021-05-27,66.82039642333984,67.59074388548667,66.3353634407201,67.59074388548667,13366623
2021-05-28,68.76056671142578,69.53091460330587,67.07721632928371,67.56224958247591,13619533
2021-05-31,68.64640808105469,69.47381962025065,68.47522155091546,69.10290912270706,5898113
2021-06-01,67.99018859863281,69.18850519494376,67.44809157027457,68.70347215734358,3864220
2021-06-02,69.38822937011719,69.53088935862742,68.1613806785398,68.1613806785398,4904852
2021-06-03,68.90319061279297,69.78766070095406,68.5893495477871,69.4738196359482,3443408
2021-06-04,69.73059844970703,70.67213247857558,68.93171894809196,69.04584692343184,8739158
2021-06-07,71.7563247680664,71.89898474466365,69.33115958513005,70.15857112362903,10492131
2021-06-08,71.18570709228516,72.441082338944,70.90039255734555,71.98458125980949,9890256
2021-06-09,73.83909606933594,75.89335576908634,71.04302641347626,71.41393683345143,30709618
2021-06-10,74.60945129394531,75.23714424232405,73.09729379158803,74.29561026167704,13387805
2021-06-11,74.466796875,75.75070388203036,73.98176388783179,75.49392139224007,6998777
2021-06-14,73.9247055053711,74.69505303312256,71.89898286786337,74.69505303312256,5913466
2021-06-15,72.95464324951172,75.83630954827646,72.75492471902972,74.18149187038324,20101736
2021-06-16,73.75353240966797,75.83631941558092,73.38262185457948,73.61087241081758,23361322
2021-06-17,72.46961212158203,73.43967824557313,72.12723904365691,73.43967824557313,10192453
2021-06-18,70.95745849609375,72.95464941152558,70.21564286170286,72.58374431529127,16223613
2021-06-21,70.98596954345703,71.18569348909409,69.84471706370776,70.21562752082696,7503727
2021-06-22,70.58654022216797,72.01310733767319,70.47241768272683,71.61367028674667,6278636
2021-06-23,70.27268981933594,72.04163533893541,70.15856728622188,71.07156931881978,7615723
2021-06-24,69.90177917480469,70.67212661871051,69.35968222073161,70.47240812034698,6541807
2021-06-25,70.472412109375,70.90038112179606,69.75912860803284,70.75772115637487,3360660
2021-06-28,70.84332275390625,71.81338882801707,70.41535370754482,70.87185474925325,7278011
2021-06-29,70.78626251220703,71.52807810475181,70.47242143061183,70.98598104829179,4777448
2021-06-30,73.49674987792969,74.35268810362457,69.95886353410967,70.98598831655902,34196573
2021-07-01,70.68553924560547,75.09070753995945,70.42470654871897,75.06172551499917,28813646
2021-07-02,70.16387939453125,71.29415634624594,69.90305220479638,70.97535957425507,6938495
2021-07-05,71.38109588623047,71.55498804725879,70.27980650516645,70.65656179854834,7521745
2021-07-06,70.42472076416016,71.93175319975755,70.30879816867576,71.38110566987443,4169183
2021-07-07,70.5696029663086,70.8594176318627,69.90303310496263,70.8594176318627,3022717
2021-07-08,70.36676025390625,71.84481061717926,70.01898142170677,70.56962893612386,4457192
2021-07-09,70.51167297363281,70.65657761249841,69.84510279043889,70.48269094030817,5732168
2021-07-12,71.58399200439453,72.33750282200205,70.91741623842157,71.12029048844,6308296
2021-07-13,72.01869201660156,72.22156068402262,71.58397265387693,71.8158233491805,3567562
2021-07-14,71.81582641601562,72.71424720771374,71.5260116525707,72.10563565170371,3029701
2021-07-15,72.85914611816406,73.84451292003436,71.69989268295089,71.8158207903504,9950891
2021-07-16,73.93144989013672,74.22126459516575,72.30849528083222,73.17793386816356,7178616
2021-07-19,73.67063903808594,75.46748631949372,72.74323612939446,73.61267497435338,10691788
2021-07-20,73.93144989013672,74.48209727691629,72.51136391602581,73.40978452663563,8934925
2021-07-22,74.68497467041016,75.26459862068492,74.1343272190562,74.1633092457334,7174287
2021-07-23,74.45313262939453,75.20664882722214,74.27924044914099,74.94581608459885,4504678
2021-07-26,74.07636260986328,74.77191466162769,73.6706252949398,74.42414139962365,2716888
2021-07-27,71.78682708740234,74.33718423005678,71.58395846020609,74.13431560286053,4756245
2021-07-28,72.77220916748047,73.525725319606,71.09129022127942,71.84480637340495,7350438
2021-07-29,73.96043395996094,74.39515326565564,72.83015713184764,73.11997184489607,4151460
2021-07-30,75.32257080078125,76.4528423243578,73.81553841750787,73.81553841750787,9487957
2021-08-02,77.43820190429688,77.67005259304976,75.40950975964826,75.93117519128135,12187708
2021-08-03,76.51080322265625,78.19172218754449,76.16302993488999,77.64108022728846,7285256
2021-08-04,75.81525421142578,77.20635847473928,75.35155279032128,77.00348979397567,4678216
2021-08-05,76.36588287353516,77.06143483351819,74.45311360164291,75.67033091355212,7951622
2021-08-06,77.40921020507812,78.65540957432296,75.93116570380553,75.93116570380553,14578285
2021-08-09,76.16303253173828,78.01783820375093,75.75728964516782,77.4092266377737,3627888
2021-08-10,74.3661880493164,77.14840218454027,73.90248661473862,76.51080856617796,6318270
2021-08-11,74.71395111083984,75.0327423249407,72.48238497335403,74.54005896377832,5097753
2021-08-12,75.14867401123047,76.74264674111272,74.5690445488608,74.94580535772796,12384273
2021-08-13,74.39517211914062,75.8442405238549,73.72860197963381,75.8442405238549,8519075
2021-08-16,76.62672424316406,76.77162884502562,74.19228934314744,74.19228934314744,8823966
2021-08-17,74.5110855102539,76.59774729297246,73.96044356448682,76.59774729297246,5927247
2021-08-18,74.30821990966797,75.69932966480778,74.19229732126446,74.77192131879563,3960503
2021-08-20,72.10564422607422,74.45313911414696,71.9027755258659,73.61267675298961,5047470
2021-08-23,71.38109588623047,73.43877556968104,70.88841248549636,72.45340876821284,6366702
2021-08-24,72.59831237792969,72.85914508813474,71.20720827534029,71.38109490622487,3020803
2021-08-25,72.94609832763672,73.69961450577472,72.30851026663849,72.45341488530636,3471362
2021-08-26,72.25053405761719,73.49673346851084,71.93173731685204,72.94608606021356,3321740
2021-08-27,73.20692443847656,73.49673917734195,72.30850372297458,72.30850372297458,2852005
2021-08-30,75.23561096191406,75.81524039655447,73.61265628377923,73.8445069520842,6116966
2021-08-31,76.12039184570312,76.53329203194242,75.08814981800464,75.08814981800464,5871491
2021-09-01,76.26785278320312,76.79872039542518,75.383071554411,76.14987970259106,5188365
2021-09-02,75.67801666259766,76.62177903130149,75.23562875542618,76.09091129258873,2914165
2021-09-03,75.82546997070312,77.12314591276213,75.4420686555752,75.79598232168834,3714065
2021-09-06,75.70751190185547,76.56279446118398,75.2946172611636,76.12040654254733,4920148
2021-09-07,75.23561096191406,75.9434325710394,74.20336900579818,75.70749203466428,3504477
2021-09-08,77.97842407226562,78.4208118796851,74.82271725400282,75.32409160248254,8769730
2021-09-09,79.74799346923828,80.75073669863377,77.97843633599456,78.33234438748308,15625476
2021-09-13,81.81248474121094,82.37284580543832,78.80423771253929,79.63003266901815,14745376
2021-09-14,81.54703521728516,82.9331909722805,81.22262045303958,81.9894230778141,10350556
2021-09-15,81.07516479492188,83.05116941661753,80.95719730831864,81.75349331237636,9185468
2021-09-16,80.42632293701172,81.63551910784288,79.74799447537806,81.16363794972668,5568547
2021-09-17,81.57654571533203,82.28436756668037,79.71851405870113,80.75075074279162,15381280
2021-09-20,78.71575164794922,81.51754529673917,78.1553906680844,80.51479643814615,6118583
2021-09-21,78.6862564086914,79.33509157294698,77.18213315834412,78.71574968323942,4760286
2021-09-22,79.63003540039062,80.48532366593092,78.68627291791037,78.68627291791037,3584585
2021-09-23,81.54703521728516,82.3138434673265,79.86595797211508,79.86595797211508,7386392
2021-09-24,79.718505859375,82.52029969629609,79.33509888020353,81.81247791774969,4513302
2021-09-27,80.07239532470703,80.75072366832437,79.36457371068032,80.39681567394408,3344686
2021-09-28,84.40782165527344,85.32209065832059,80.33783980251687,80.48530617414828,30536098
2021-09-29,85.08615112304688,87.38657029578538,82.78572632504141,84.61426997862529,18152508
2021-09-30,83.81796264648438,86.35432784144889,83.1691275240531,85.79396691169164,9363165
2021-10-01,82.52027893066406,83.81795467741549,81.51753025707426,83.69998159804443,7702117
2021-10-04,83.67049407958984,83.96541552792995,82.66774540448851,83.4050602758709,5645196
2021-10-05,84.02442932128906,85.4400729834478,83.49356154166257,83.9064618287431,7150197
2021-10-06,82.43181610107422,84.82071503473954,82.04840916557147,84.46680137314213,4937873
2021-10-07,83.19862365722656,84.2308658040834,82.69725484689279,82.96268307725362,4454902
2021-10-08,82.46129608154297,83.55252461349913,81.84195426292433,83.46404480001091,3437436
2021-10-11,83.7884750366211,84.93868462125198,82.69725200127048,82.96268022249788,7398092
2021-10-12,83.7294921875,84.26035990394871,82.87420968620711,83.96543276978085,4525123
2021-10-13,84.17189025878906,85.94144190907248,83.90645638619306,84.93869297376921,12481470
2021-10-14,87.85847473144531,90.24737420858128,84.14240575297377,84.67326792823991,40427121
2021-10-18,88.9496841430664,90.68974805163957,88.2418623942808,89.18562472599494,17278336
2021-10-19,85.02716827392578,89.56903151822199,84.49630055703223,89.56903151822199,8172231
2021-10-20,82.84471893310547,85.11565062250659,81.84197002155868,85.08615734566493,10069256
2021-10-21,83.75897979736328,84.17188000737355,82.01891601127765,83.3165919386715,7332303
2021-10-22,80.86869049072266,84.20135103530868,80.07238912710154,84.20135103530868,8740388
2021-10-25,80.48531341552734,81.39958250083261,79.68901181287403,80.98668224838232,6132638
2021-10-26,80.92769622802734,82.57928025811486,80.07240812522582,80.485308351698,8628077
2021-10-27,82.54978942871094,83.58203158757324,81.42907306712175,81.87146095655783,7930611
2021-10-28,79.15812683105469,82.87419454185795,78.7747199391197,82.87419454185795,14515460
2021-10-29,78.50930786132812,80.13139869771315,77.27061837026903,79.3350971051893,8765415
2021-11-01,79.718505859375,79.9544464522238,78.56829054712807,79.18763811914833,4536018
2021-11-02,80.04291534423828,81.19313058011578,79.68900729109681,80.1019018948509,6294653
2021-11-03,80.1019058227539,81.69450901578719,79.6300246452479,80.51480044675482,5961035
2021-11-04,80.83920288085938,81.10463668731187,80.27884199776345,80.80970961066842,578295
2021-11-08,82.78572082519531,82.99216810900612,80.75073000927941,80.80971655473009,3965261
2021-11-09,82.01892852783203,83.611531812483,81.63552715852774,83.37559121015704,4642695
2021-11-10,82.72673797607422,83.11014491336816,81.48804859259667,81.98942300079631,6480888
2021-11-11,82.28436279296875,82.9332036713467,80.2198839192901,82.90371039275973,7346925
2021-11-12,81.45856475830078,83.93593801599762,80.51479682052687,82.874208227061,5866050
2021-11-15,79.65949249267578,81.81245038092675,79.51202615598805,81.66498966950458,3936215
2021-11-16,78.47980499267578,80.1608821768036,78.21437116094332,79.68900105933848,2935645
2021-11-17,77.77200317382812,79.04018048502483,77.595043490646,78.30286534757025,4346170
2021-11-18,76.35635375976562,78.39134511221795,76.17939970202526,77.71301653648986,3888206
2021-11-22,74.35084533691406,76.62177699195729,74.17389130380872,75.85496868147773,6845670
2021-11-23,74.61627960205078,75.47156774633426,73.79049035958928,74.49831212109942,8165487
2021-11-24,74.67645263671875,76.06046724997233,74.43575519163288,75.21802332283191,8330150
2021-11-25,74.4658432006836,75.15784763900277,73.59331137427091,74.91715019355784,7078463
2021-11-26,71.63764190673828,74.3454895268399,71.42703236520633,74.01453413529522,6955746
2021-11-29,70.0731201171875,72.02878776660488,69.38110987372079,71.90843616298272,5208042
2021-11-30,69.98285675048828,72.11904607691531,69.68198347866861,70.22355422020796,6538992
2021-12-01,71.90843200683594,72.0889536631551,70.58459313690882,70.61468103607534,4936380
2021-12-02,73.14200592041016,73.35261547227103,71.36686007089735,71.90843076921378,4201202
2021-12-03,72.931396484375,73.9844499840316,72.81105062826904,73.56323087964091,3531662
2021-12-06,72.54027557373047,73.68358719305745,72.26949018571185,72.96149473790135,3840381
2021-12-07,73.80392456054688,74.37557739053932,72.69069532036232,73.17209019755575,3346788
2021-12-08,74.19505310058594,74.61627216844029,73.8941798783988,74.61627216844029,3262947
2021-12-09,74.91716766357422,75.12777726011583,74.04464137237595,74.55612428055463,4107752
2021-12-10,74.10479736328125,74.70654387221894,73.6234024516031,74.31541265848546,5458743
2021-12-13,74.16496276855469,75.69941098649876,73.92426534644655,74.85696713978068,5443335
2021-12-14,74.52601623535156,74.61627418737429,73.4127870047417,73.98444556849701,4066806
2021-12-15,73.62339782714844,75.15784616374535,73.5030519761281,74.46584173900939,2913673
2021-12-16,72.78096008300781,74.2552326334455,72.14912571071756,74.01453519130628,3617648
2021-12-17,71.69783020019531,72.72079592769566,70.94564985577922,72.72079592769566,6007240
2021-12-20,69.2005615234375,71.24649208666676,68.02716253398229,71.24649208666676,4966325
2021-12-21,69.8324203491211,70.58460069276272,69.29085532219084,69.80233818541436,2836747
2021-12-22,70.43415832519531,70.58459208009562,69.47136852100166,70.1031971779988,4194266
2021-12-23,72.44998931884766,72.57034089326137,70.70493166060126,70.70493166060126,3937893
2021-12-24,71.03590393066406,73.05174720990088,70.88546443897187,72.81104976187319,2125032
2021-12-27,71.7279052734375,71.84825112290522,70.13328116256311,70.91554926948189,2722003
2021-12-28,72.2995834350586,72.60045100961153,71.84827059586691,72.14914390910099,2002776
2021-12-29,71.81817626953125,72.72079031772712,71.57747880743366,72.20930749343475,1301091
2021-12-30,71.00581359863281,71.81816960988806,70.73502826154774,71.78808171258086,1639168
2021-12-31,72.05887603759766,72.54027097719802,70.94564665309662,70.94564665309662,2044788
2022-01-03,73.89418029785156,74.16496562548913,72.0588645355829,72.20929827819069,4365121
2022-01-04,74.22514343261719,74.82688989673977,73.50305111887783,73.77383645386504,4755762
2022-01-05,74.49594116210938,74.82690234630951,74.07472201034962,74.46585326002932,2384675
2022-01-06,74.70653533935547,74.88705697594588,73.77383352184579,73.92426726255789,2580900
2022-01-07,74.49594116210938,75.94012602986903,74.16497997790925,74.88707241178908,5930956
2022-01-10,75.72950744628906,75.94011699711784,74.61627815646284,74.82689344597148,3473626
2022-01-11,75.6392593383789,76.30118176445404,75.06760636508989,75.81978676658905,3194705
2022-01-12,75.69940185546875,76.18079664161812,74.97730967624472,75.94009924854343,3118431
2022-01-13,76.63213348388672,77.14361636139107,75.57908556433136,75.81978305146984,5889892
2022-01-14,76.57194519042969,77.14359799964308,76.18080828025275,76.72237893207966,3545718
2022-01-17,76.39141082763672,76.9931572165625,76.00027969191018,76.66219612878542,1885543
2022-01-18,74.6463623046875,77.11351247103906,74.31540691516103,76.7223812875334,2923460
2022-01-19,74.91716766357422,75.69943597835815,74.04464137237595,74.43577266042736,2277622
2022-01-20,75.218017578125,75.60914874451234,74.55610108936204,75.00740804709494,1561897
2022-01-21,72.72077178955078,75.09765790483392,72.20928909557662,75.03748785865008,3539333
2022-01-24,70.67485809326172,72.75087726328981,70.01294151584815,72.38982820554054,5945501
2022-01-25,71.15625,71.90843024469065,69.95276275623092,70.67485510249236,9751023
2022-01-27,71.57746887207031,72.02877583352425,70.34388809403315,70.94563453509132,8743302
2022-01-28,71.69783020019531,73.80393746003263,71.45713271952938,72.02879138811619,9342948
2022-01-31,73.23226928710938,73.68357628745073,71.33677185152385,72.32965528642666,14026711
2022-02-01,73.41277313232422,74.13486530545389,72.05885245971052,73.53312469718506,5127481
2022-02-02,74.04461669921875,74.82688475333521,73.62339190781499,73.83400717285647,9063503
2022-02-03,73.35262298583984,74.43576449341978,73.17210131413668,74.28533072344722,5991386
2022-02-04,72.14910125732422,73.65346119549368,71.75797019841838,73.44285172233839,6561880
2022-02-07,72.20930480957031,72.66061181689413,71.36686085420054,72.45000226272168,4971912
2022-02-08,71.06598663330078,72.63051706175654,70.28371854973321,72.3296495777285,12602340
2022-02-09,72.38982391357422,72.6606092561614,70.9456392455625,71.36685833906266,11838665
2022-02-10,74.10479736328125,74.49593431569475,72.45000307172259,72.75087632619145,9891332
2022-02-11,72.99156188964844,74.70653170041997,72.2995575341931,73.38269303965565,20292002
2022-02-14,70.52442932128906,73.05175568823952,70.22355604166535,72.6004428994637,11266588
2022-02-15,72.05887603759766,72.14913400209751,69.26076436449537,71.00582245521674,8548331
2022-02-16,72.57034301757812,73.95435173177573,72.26946981141545,72.48007933412559,8549606
2022-02-17,71.60753631591797,73.1720721502563,71.36683893668732,72.81102895074942,6518530
2022-02-18,71.21641540527344,72.44999036747392,71.00580588568005,71.39693703082791,6555887
2022-02-21,71.30667877197266,71.90841943405219,70.28371333389056,70.49432285255234,6946518
2022-02-22,70.52442932128906,70.76512679725194,69.38111200645503,70.40407771396738,7793698
2022-02-23,71.27660369873047,71.99869606631749,70.765120887688,70.82529668632358,5177465
2022-02-24,67.12456512451172,70.3739836340882,66.85377977049035,69.80233076553641,14322327
2022-02-25,68.96882629394531,71.06746224182008,68.68264811333547,70.49510588060042,16108682
2022-02-28,69.8591537475586,70.04994324654842,67.98309946176411,68.6826488282681,6507098
2022-03-02,69.66836547851562,70.87667462867773,68.87342748258104,69.15960564630915,4704553
2022-03-03,69.95453643798828,71.16283939881794,69.76375303678255,70.08172941538876,5115133
2022-03-04,69.35038757324219,70.17712379899238,68.55544959443186,69.47758056100166,5757978
2022-03-07,67.4107437133789,68.58724853761974,66.39321799566031,68.52365204309443,7027891
2022-03-08,69.0006332397461,69.28681145642359,67.21996743266466,67.41075695371413,6627776
2022-03-09,70.55870819091797,70.87668464721744,69.1278171700186,69.15961542213819,6948758
2022-03-10,70.87667846679688,72.11677986684231,70.27252385899959,71.41723051100463,7067116
2022-03-11,71.51262664794922,72.02138651758715,70.36791390881586,70.5905016585665,6342863
2022-03-14,71.19463348388672,71.95777310902105,70.20891222620003,71.67160105637846,5388115
2022-03-15,70.49510192871094,71.98958318208618,70.01814034273123,71.35363642241178,6903962
2022-03-16,71.51262664794922,71.92599783259007,71.00386677831129,71.22644846316588,6626360
2022-03-17,73.9928207397461,74.3743875330956,71.67160354136962,71.95777560393434,16469111
2022-03-21,73.35689544677734,74.27902666139465,73.13431372322064,74.27902666139465,2983858
2022-03-22,74.05642700195312,74.15181568043384,72.43475275392908,73.35687768031787,5424956
2022-03-23,73.77021789550781,74.46976085884032,73.6112267232324,74.40616438993015,3629767
2022-03-24,73.9292221069336,74.27899671143162,73.32506762595374,73.45226059664198,2556066
2022-03-25,73.10249328613281,74.27900412280984,72.97530636764881,74.27900412280984,2783345
2022-03-28,72.37113952636719,73.19787558313651,71.86237980910825,73.10248086181512,3104293
2022-03-29,71.38542938232422,72.87991052499724,70.97205825750508,72.81631403427197,4159105
2022-03-30,71.76701354980469,72.180384774575,71.0674701773659,72.180384774575,7170965
2022-03-31,71.6080093383789,72.33935076970663,71.4172198707234,72.14856736694614,4503957
2022-04-01,73.89743041992188,74.08821382798455,71.54441483749825,71.54441483749825,4902940
2022-04-04,75.6780776977539,76.12324699908028,73.99281340846406,74.12000030534715,8400872
2022-04-05,76.50482940673828,77.01358922814622,75.51910801087237,76.15506082008001,4567358
2022-04-06,77.5223617553711,78.50808937769199,75.86889509724199,76.09147679747687,10211725
2022-04-07,77.7767333984375,79.36660944728433,77.10898836907181,77.10898836907181,10003710
2022-04-08,77.49055480957031,78.28549276752084,77.39516007125394,78.19009802920446,3327718
2022-04-11,76.791015625,77.87213187519843,76.44124700162718,77.39517025067468,6080396
2022-04-12,75.13754272460938,76.82281359431884,74.7241776021729,76.4412467220538,4914063
2022-04-13,75.16931915283203,75.9006665646698,74.72415590945677,75.39190077451967,2393980
2022-04-18,75.6780776977539,76.05965051819162,73.86562044668675,74.94673636221702,3597822
2022-04-19,75.4873046875,77.14077702832964,74.46978511311102,75.93246798507141,6604865
2022-04-20,74.97856903076172,75.86890197733669,74.31082386950325,75.55092549178156,4029047
2022-04-21,75.6780776977539,76.05965051819162,75.26471270176609,75.61448728175948,5186750
2022-04-22,75.58271789550781,75.93248654413343,75.23294318198566,75.29653968715269,2941617
2022-04-25,73.70664978027344,75.16933273851748,73.32507688492106,75.10574231003827,3922097
2022-04-26,75.64630126953125,75.96427161037812,73.99282881158734,74.53338688188072,6052845
2022-04-27,75.4873046875,75.90067580515495,74.88315016587089,74.88315016587089,11106823
2022-04-28,75.55091094970703,76.44124372491034,74.88315985208058,75.80529087620857,7365985
2022-04-29,74.88314819335938,76.63201522255638,74.6287683064628,75.80527907391878,3601522
2022-05-02,74.31079864501953,74.66056720199542,73.70664413403215,74.24720215651665,2918261
2022-05-04,72.40293884277344,74.88314098504499,72.21214939729538,74.43797774205149,5710806
2022-05-05,71.98958587646484,73.64305843031548,71.86239894572795,72.87991865120654,3090858
2022-05-06,71.70340728759766,72.02138370994957,70.36791116563626,71.4172291139705,3794542
2022-05-09,71.22644805908203,72.02138610899343,70.17713007579484,71.16285155951408,4325805
2022-05-10,70.20891571044922,72.11676790041312,69.98633406685083,71.22643526112466,3424755
2022-05-11,68.71444702148438,70.68588999025343,68.0466959053622,70.33612137218563,5434203
2022-05-12,67.6651382446289,68.58726335487536,66.77480532361781,68.04670516442164,4732192
2022-05-13,66.96556854248047,68.87342075946663,66.77478514025036,68.33286273240213,4867995
2022-05-16,67.21995544433594,68.04669169341607,66.29783051663986,67.82411002345134,5227531
2022-05-17,69.60477447509766,69.73196747563264,67.44254198517167,67.7287201714793,2595336
2022-05-18,69.38219451904297,70.36791603818284,69.25500758023277,69.76376746526601,2990963
2022-05-19,68.65084838867188,69.03241524468861,68.0466937909336,68.46006496066352,2681465
2022-05-20,69.22319030761719,69.70015181066061,68.71443056238492,69.06419909667301,2682913
2022-05-23,69.1278076171875,69.92274561563477,68.39646611419096,69.7319621941782,2902262
2022-05-24,68.49186706542969,69.76376676525045,68.23748106056937,69.76376676525045,2703722
2022-05-25,68.04669189453125,69.09600981667741,67.85590847183985,68.52365348370756,4257731
2022-05-26,68.84162902832031,69.95454343226731,66.48861329520425,68.5554508654512,6438652
2022-05-27,69.35038757324219,69.79555696550489,68.6190460883116,69.4457823140618,3051265
2022-05-30,70.52690124511719,70.68588642122097,69.63656849020714,70.177126579814,3105308
2022-05-31,70.8130874633789,71.19465435535918,70.2089328086977,70.27252931232654,2722651
2022-06-01,70.59050750732422,71.09926741911532,70.14533803583461,71.09926741911532,6628637
2022-06-02,71.79878997802734,72.08496810360228,70.11351946796326,70.52689056708029,4613395
2022-06-03,70.9720687866211,72.37116146566484,70.78128535103662,72.24396846534448,4154056
2022-06-06,70.08174896240234,70.97207579295335,68.84164134644011,70.90847928651495,3598488
2022-06-07,69.73196411132812,70.20892571053054,69.38218944162833,69.63656936552933,1990100
2022-06-08,70.4315185546875,71.00387499045156,69.5729839010414,69.95455687984969,2820192
2022-06-09,69.82046508789062,70.62447784735946,69.65966498964909,70.49583899559234,2968338
2022-06-10,69.27373504638672,69.53101885711068,68.79132253391563,69.30589015536354,2523272
2022-06-13,67.40841674804688,68.66268063681453,67.05465535789209,68.43755807922614,4000275
2022-06-14,65.99336242675781,68.14811666040565,65.83255620984083,66.89385270497306,4683721
2022-06-15,65.63958740234375,66.70088377651383,65.47878733788406,66.54008371205413,3802395
2022-06-16,64.16020202636719,66.89383970737536,63.96723460356075,66.25063336707353,5276112
2022-06-17,63.613468170166016,64.48179696675773,63.1953782550216,64.12803565486047,5611563
2022-06-20,63.22755813598633,64.25669340887696,62.455706681318354,64.19237092078878,6871586
2022-06-21,65.961181640625,66.1863041434803,63.420499373250884,63.420499373250884,4149736
2022-06-22,64.86772155761719,66.25062388584357,64.6747602965545,66.05766262478087,3505767
2022-06-23,65.6717529296875,66.15415928869156,64.73909531936728,65.15718532886588,2471647
2022-06-24,65.961181640625,66.4114266463356,65.70389790391492,66.12198167577074,4042927
2022-06-27,67.11896514892578,67.21544272157409,66.28279142591248,66.57223641211434,3052500
2022-06-28,66.8616714477539,67.11895516007374,66.34709788898668,66.7330265245302,2513253
2022-06-29,66.79737091064453,66.99033222468707,65.9290357962588,66.57224835523999,2144728
2022-06-30,67.18328094482422,67.6978484418986,66.54007464054546,66.76519715374944,3723937
2022-07-01,68.11595153808594,68.24459037016409,66.37928129905889,67.08681634494233,3554590
2022-07-04,69.17725372314453,69.30589256591578,67.98731222332728,68.3089185314506,2089563
2022-07-05,68.85563659667969,69.78829413028862,68.72699777411968,69.27372657179029,2818668
2022-07-06,68.5661849975586,69.04859127058526,67.98729501627516,68.8556299882003,4788901
2022-07-07,69.27373504638672,69.53101885711068,68.69484493872534,69.46669637089721,3575860
2022-07-08,70.0777359008789,70.206374717477,69.17723964817677,69.53100712854705,2706067
2022-07-11,71.01038360595703,71.1390285500694,69.82044240943189,69.85260364546,2493601
2022-07-12,70.84959411621094,71.20335549697165,70.17422032725054,71.07471666782125,1965941
2022-07-13,70.04558563232422,71.10688210550505,69.75614058199037,70.88175954060758,2158862
2022-07-14,69.43453216552734,70.20638356476996,69.01644215710655,70.10989983956601,1571887
2022-07-15,69.08075714111328,69.8204472183199,68.40538954039306,69.5631634465033,1689955
2022-07-18,70.56015014648438,70.6887889775737,69.17724744102915,69.56317006842669,3286612
2022-07-19,72.2646484375,72.42545463387823,70.56014569479497,70.56014569479497,5551256
2022-07-20,71.62144470214844,73.0365024778151,71.36416091256092,73.0365024778151,2866956
2022-07-21,71.84656524658203,72.07168778942348,71.39632016089912,71.62144270374057,3503995
2022-07-22,71.58927917480469,72.32896925880883,71.4606342206497,72.16816920024412,2125152
2022-07-25,72.77921295166016,72.90785790337863,71.39631652546008,71.39631652546008,3790450
2022-07-26,72.32896423339844,73.58322177861879,72.07168047709352,73.13297673861736,4556540
2022-07-27,73.2616195678711,73.48674208136975,71.94303958812596,71.97519468937283,3484760
2022-07-28,73.74403381347656,73.96915635134609,73.19730502116667,73.55107251446398,3538605
2022-07-29,74.5802001953125,74.86964518207546,73.7440264706782,73.84050404351353,3579935
2022-08-01,75.31989288330078,75.57717664353063,74.54804160261124,74.96612541268648,4057097
2022-08-02,76.99224090576172,77.18520219368989,75.31989338604087,75.54501591097853,5682416
2022-08-03,76.83145904541016,77.12090413600457,75.60936232277986,76.63849769639079,5842916
2022-08-04,76.3490219116211,77.3459956372325,75.6736543945022,76.99223432860613,2413611
2022-08-05,76.3812026977539,76.96009279439765,76.28471897027002,76.34904145525928,3030663
2022-08-08,75.70582580566406,76.7671221424664,75.12693577938478,76.63847718812477,5491468
2022-08-10,76.1239013671875,76.41334634887528,75.54501140381197,75.70581757926539,3968892
2022-08-11,76.76712036132812,77.12088170930163,76.09174663496252,76.67063664781048,3437651
2022-08-12,77.6676254272461,78.76108318764047,76.60632891087864,76.86361272896377,7927433
2022-08-16,77.24952697753906,78.31082329407087,77.08872078768339,78.02137828645957,5224048
2022-08-17,76.47767639160156,78.02137902403598,75.83446389435606,77.24952770781877,6946226
2022-08-18,76.28470611572266,77.24952482559294,75.48069359122847,76.76711853772218,4830492
2022-08-19,76.50984191894531,77.28169327843176,76.0274294519031,76.79928081138956,3745472
2022-08-22,75.7701416015625,76.2203928043779,75.28773529452295,76.2203928043779,3261968
2022-08-23,75.93096923828125,76.34905318669264,75.28775655781524,75.3199178052516,4741901
2022-08-24,76.02741241455078,76.76710850232637,75.86661238432406,76.47766354061591,7315142
2022-08-25,77.31385803222656,78.11787066833143,76.18823911485381,76.22040035639357,8296621
2022-08-26,77.50682067871094,78.37515581281116,77.37817571034215,77.8927433155579,6444737
2022-08-29,76.28470611572266,76.86359611481907,75.73797735370145,76.54198987819565,9660276
2022-08-30,76.92793273925781,77.2817002780292,76.38120387667013,76.73497141544154,10129877
2022-09-01,76.99347686767578,77.97679450911504,76.56737693260439,77.28847153493342,6629637
2022-09-02,75.9773941040039,77.81291177276061,75.84628257322177,77.3540339185069,4320083
2022-09-05,75.02685546875,76.50182895508193,74.89575018759938,76.04295109344177,6575817
2022-09-06,76.37071228027344,76.66570695767831,74.46963894352066,75.09240617934668,27493893
2022-09-07,77.12458801269531,77.78012685206333,76.27238189494969,76.27238189494969,9377877
2022-09-08,76.46905517578125,77.7473614313781,76.17406046268316,77.48514460326227,7548788
2022-09-09,76.14127349853516,77.48513536385303,75.1251841922137,77.419585853447,9129032
2022-09-12,75.78072357177734,77.05902957814902,75.28906164464262,76.37070663120505,6201072
2022-09-13,75.71516418457031,76.30515346745317,75.35461378908839,76.07570832831144,11249168
2022-09-14,75.38739776611328,75.9446092170629,74.9612978338536,75.05962522112975,8347970
2022-09-15,77.71456146240234,77.97678446774509,75.32183280431465,76.01015568985828,13238636
2022-09-16,74.66630554199219,77.9112407118206,73.55188260466831,77.68180179856124,20940221
2022-09-19,73.9451904296875,75.1579467756068,73.74852943501475,74.79739640892318,7132998
2022-09-20,74.3057632446289,75.25629688249325,74.04354642193438,74.46964641440967,8388898
2022-09-21,73.97799682617188,74.56798628939981,73.28967995356776,74.14188626137003,5457973
2022-09-22,73.55188751220703,74.3057600637139,72.92912024056392,73.48633174640419,8272416
2022-09-23,72.24080657958984,73.84688540077775,71.84747821950157,73.65021809486252,6848580
2022-09-26,69.81529235839844,72.07691633671608,69.52029765462909,71.5197048131231,7964270
2022-09-27,69.81529235839844,70.3069543658421,69.19253131865614,70.04473754601847,5530678
2022-09-28,68.96308135986328,69.88083695668278,68.76641408762384,69.5530644213582,6655110
2022-09-29,68.6680908203125,69.71695799484422,68.04532359103122,69.71695799484422,5607362
2022-09-30,68.56975555419922,68.96308386120324,67.9469883396684,68.34031664667242,8638088
2022-10-03,68.0781021118164,69.32363033034869,67.5864464005995,68.73364097619178,4781577
2022-10-04,68.83197021484375,69.06140911528131,68.50419767775817,68.7664144570784,5904815
2022-10-06,69.25806427001953,70.11027029355563,68.86474226022787,70.11027029355563,9088675
2022-10-07,68.7991943359375,69.58584469676595,68.50419966915916,69.35640578965865,3965157
2022-10-10,68.34032440185547,68.66809698626386,67.71755711665372,68.34032440185547,4531596
2022-10-11,67.29144287109375,68.56974880244037,67.12755348775397,68.43863729576854,5082987
2022-10-12,67.25868225097656,67.5208990798564,66.89813176686339,67.42256542462309,6681196
2022-10-13,66.83256530761719,67.68477142811184,66.53757064084053,67.25867149373519,6156270
2022-10-14,66.89812469482422,67.8486645063677,66.7997910499861,67.8486645063677,3269811
2022-10-17,66.7342300415039,66.89811316959192,66.11146290163639,66.89811316959192,5176086
2022-10-18,68.27476501464844,68.4386481722924,66.53757478561045,67.09478627403834,9945991
2022-10-19,68.34032440185547,69.22530850423553,68.17643498378024,68.7336465017519,5668398
2022-10-20,69.1925277709961,69.32363304831478,67.81588797456999,68.04532689868404,4492118
2022-10-21,69.1269760131836,69.61863177217403,68.70086977078097,69.35641495059632,6880515
2022-10-24,69.65140533447266,70.01195578617317,69.45474429342772,69.81528849338648,893367
2022-10-25,69.61861419677734,69.84805307626765,68.83196393063609,69.6841699485576,8853457
2022-10-27,72.04412841796875,72.73245138147026,69.42196058496602,69.8152826340458,17172982
2022-10-28,74.60073852539062,74.7973995282649,71.61802059954502,72.37189298701357,12748801
2022-10-31,75.5512924194336,75.71518184275689,74.07632511997748,74.83019771203786,10310606
2022-11-01,75.9773941040039,76.89514981251132,75.28907107088146,75.38740471896806,10103050
2022-11-02,76.10847473144531,76.436247200493,75.05960783188463,75.9445916227914,4746558
2022-11-03,76.5673599243164,76.73124303561477,75.51849300783097,75.8462592304277,3795318
2022-11-04,76.66571044921875,77.0262609050765,76.14127683255758,76.76404409674592,4225950
2022-11-07,78.00955963134766,78.1406711399682,76.76403155815662,77.05902620081201,8162465
2022-11-09,77.5179214477539,78.66512239976561,77.09182145218843,78.46846134425401,4078612
2022-11-10,76.5673599243164,77.51789322297886,76.30514319519504,77.35401011168048,10101016
2022-11-11,78.86177062988281,79.77953249258378,77.25569205896203,77.68179823697153,17573801
2022-11-14,79.15678405761719,79.71399563283613,78.69790614334606,79.32067349253023,4543771
2022-11-15,79.15678405761719,79.9762124769543,78.33735563828006,79.35344512777013,6537251
2022-11-16,78.99288177490234,79.7467542379968,78.53399771984125,79.18954279750498,6465222
2022-11-17,80.6645278930664,81.81172256913628,78.76345439191077,78.89455967557214,17078585
2022-11-18,81.84449005126953,82.20504047606418,80.27118933683322,80.95951230673742,15120156
2022-11-21,81.9756088256836,82.82781501770083,81.02506898590757,82.20504775204557,9337696
2022-11-22,82.2706069946289,82.53282381466052,81.54950605073539,82.36893439480193,10895381
2022-11-23,81.9756088256836,82.72948136994205,81.77894778190789,82.20504775204557,7379707
2022-11-24,86.71077728271484,87.31526862885714,82.04277074036482,82.24426572060894,19050102
2022-11-25,91.68103790283203,91.98328360361101,86.00554953356118,87.24810949862098,30599963
2022-11-28,90.40489196777344,93.46092605628849,89.86756771520444,91.51312403937328,11799066
2022-11-29,90.33770751953125,91.14369374389878,88.72573507079619,90.67353671437,8619105
2022-11-30,91.27803039550781,91.61385959921897,90.06904782431138,90.6735391099096,7625332
2022-12-01,93.02434539794922,93.42733535389061,90.43846862658751,91.78177915540857,8592753
2022-12-02,93.56165313720703,93.83031519567116,92.01684149698175,93.69598096373474,6577405
2022-12-05,92.78924560546875,94.63630289182359,92.58775065973491,93.69598246938429,8541500
2022-12-06,92.65493774414062,93.36017340889344,91.71461711906,92.55418704685728,4243621
2022-12-07,95.37513732910156,96.181123647299,92.28551990663979,92.28551990663979,17939875
2022-12-08,97.08786010742188,97.32293864822182,95.27439250310108,95.91246099801238,11325155
2022-12-09,95.30797576904297,98.66625549375838,94.60274010144964,97.759524836197,9022553
2022-12-12,97.55802154541016,97.79310650211748,94.43482684264849,95.47589174356905,7145238
2022-12-13,97.39012145996094,98.06178003219398,96.08039429005846,98.02819646304124,6940876
2022-12-14,98.22967529296875,99.27074014358462,97.59160039498686,97.59160039498686,8174452
2022-12-15,96.38262939453125,98.86775558950404,95.97963301448235,98.46475920945514,6736632
2022-12-16,95.10647583007812,96.3826256460935,93.39375249094796,96.31545851779586,8429702
2022-12-19,96.91995239257812,97.3229423620676,94.66990477913001,95.27439613877428,5322128
2022-12-20,95.17365264892578,97.1550382975806,94.43483337865521,96.91995973001318,7110931
2022-12-21,92.41984558105469,96.01320331806491,91.71460361473355,95.543046277457,6608451
2022-12-22,92.18476104736328,93.72956631168113,91.17727350482616,93.49448780671179,8076792
2022-12-23,88.52425384521484,91.81536637315062,88.02050677212641,91.54670425669485,10022860
2022-12-26,91.54670715332031,92.11761496952917,87.65110313874585,88.49067307991122,6778067
2022-12-27,91.68103790283203,92.5541914378146,90.70714007119683,92.08403430567418,3590696
2022-12-28,92.4870376586914,93.36018485387834,91.54671691833727,91.68104479243871,3596935
2022-12-29,92.9571762084961,93.32658899775753,91.47953145686007,92.0168556564714,4492741
2022-12-30,94.80423736572266,96.18113157345414,92.85643533487736,93.59526099150135,6596933
2023-01-02,100.54691314697266,101.11782104948463,94.80425055048036,95.67740418993462,17071628
2023-01-03,104.7783203125,105.98729654624839,100.5133039180566,101.35287377182532,38370371
2023-01-04,103.7708511352539,105.5171582795588,101.89021612122369,105.44999114199074,17767510
2023-01-05,105.38282012939453,106.1216458046543,102.49470377968535,103.77084731949957,14238477
2023-01-06,105.55074310302734,108.00228600470608,103.56935735909224,105.88657238944887,26643681
2023-01-09,106.99480438232422,108.67394440637621,106.02090009377686,106.86047010580285,19991886
2023-01-10,104.17382049560547,107.46493251662905,103.19991647007714,107.46493251662905,13101983
2023-01-11,101.9573745727539,104.2745829727454,100.88272608486042,103.83800942656752,13945553
2023-01-12,100.24464416503906,102.72977022165381,98.9684943704416,102.32677386404151,12366553
2023-01-13,102.59544372558594,103.26710223726069,99.0692525528192,100.24465174554487,12919452
2023-01-16,101.08422088623047,104.07308778827932,100.64764093545757,102.93127217067207,9237775
2023-01-17,100.71479797363281,102.36035410340708,99.7409002829299,101.42003997519869,9592017
2023-01-18,101.89021301269531,102.09170801384138,100.61406305947884,100.94989233166268,7077216
2023-01-19,102.12528991699219,102.5954470471398,100.9834742534247,101.75587708307022,6111051
2023-01-20,101.01703643798828,102.56184817569378,100.74837436257111,102.42751393528064,5755195
2023-01-23,101.42005157470703,102.09170368518629,101.08422231676225,101.3193008757005,3157921
2023-01-24,100.31182098388672,101.95737732608775,99.97599172099845,101.68871519685922,3337365
2023-01-25,96.34904479980469,100.34539296509608,95.64380274360556,100.31181580541,20025671
2023-01-27,91.41236877441406,96.71845030757942,89.36382256583789,96.48337175949773,21800482
2023-01-30,91.17727661132812,93.89748089858162,90.06904476056492,91.6474400426946,9150842
2023-01-31,95.00572204589844,95.3751284037883,90.37129314319598,91.91610491256655,11876770
2023-02-01,91.58027648925781,96.88635743671199,90.47204459534046,95.37512921527501,9818522
2023-02-02,92.99076843261719,94.0654169319304,90.13622935293502,91.27804498480788,6125063
2023-02-03,95.03931427001953,95.27439923283458,91.1101267101404,93.36017439665939,7357431
2023-02-06,96.31546783447266,96.58412996824119,94.97215716562998,95.14006859720637,3597581
2023-02-07,96.24830627441406,97.96102987841898,95.47590339576799,96.21472270507151,6830677
2023-02-08,96.44978332519531,96.71844542449742,95.20722351795166,96.44978332519531,2894798
2023-02-09,97.62517547607422,97.96100467769594,94.70347615440654,96.44977647310283,5719365
2023-02-10,97.92743682861328,98.43117750916213,97.22220115692696,97.42369614806444,2816965
2023-02-13,94.93856048583984,98.36400702234269,93.72957784815421,97.72593214074088,9662873
2023-02-14,96.44978332519531,96.95353036612026,91.81536051088139,95.97962625276904,13028332
2023-02-15,99.64014434814453,100.24463563039279,96.01320306006421,96.4161929779569,8034723
2023-02-16,100.91629028320312,101.58794870457066,99.23715063519369,99.74089765392407,7753257
2023-02-17,99.74091339111328,101.15139117420372,99.17000556449547,100.47973264686144,3626445
2023-02-20,98.9013442993164,100.34539925652967,98.59909859991095,100.27823852753662,4501741
2023-02-21,100.47972106933594,102.02452653665222,98.7334142237882,99.06924344876425,7102333
2023-02-22,98.2968521118164,100.17748702215287,97.25578075314601,100.17748702215287,6770372
2023-02-23,99.10282897949219,99.80806460107564,97.42368922668224,98.29684266679259,5847310
2023-02-24,99.5500259399414,100.44439460103101,98.27726877118677,99.75641668910251,5354430
2023-02-27,98.65564727783203,99.75640657649545,96.24773139122358,99.06842873430934,4602553
2023-02-28,100.03160858154297,100.4443966493265,97.79569016374519,98.38046943249634,7016653
2023-03-01,102.81787872314453,103.23066667854502,99.34360360892406,100.20357250171995,5703165
2023-03-02,103.43706512451172,104.29703408173053,102.16431474201165,103.0930762294157,5360617
2023-03-03,106.7393569946289,106.98014727016934,103.6778628256411,103.9874521973482,10126691
2023-03-06,111.27999114990234,111.45199545962522,106.73936212249511,107.49613253355578,14983856
2023-03-08,115.85501861572266,116.68058146378712,110.72959787249005,110.9359951455486,24643768
2023-03-09,115.68304443359375,117.36857648374166,114.58228505983969,116.57740650398635,16279688
2023-03-10,114.92625427246094,115.92382144125348,113.20631630781945,114.89186128688564,9978958
2023-03-13,112.4495620727539,115.7518536033516,111.86478934549378,115.51106328952827,9129677
2023-03-14,110.79841613769531,113.17193926132092,110.48882673557402,112.17437195203152,10418103
2023-03-15,110.66079711914062,113.17191797633427,110.28242180734449,111.83035540473374,7583436
2023-03-16,108.80327606201172,110.35122946267853,106.70495614290716,110.1448321767001,10848187
2023-03-17,107.2553482055664,110.07604583019825,105.29461968898298,109.45686702263642,18491806
2023-03-20,103.78105926513672,106.70495517967511,102.92109026445148,106.0169773547098,11097073
2023-03-21,106.0513916015625,106.42978011384513,103.05869617750952,104.57224366559629,8820185
2023-03-22,106.01697540283203,107.56492219998334,105.6041939642868,106.29216521554308,5507520
2023-03-23,104.81302642822266,106.77376139176064,104.26264675598003,106.63616319317836,7369057
2023-03-24,101.92352294921875,104.64102813734823,101.33874376702904,103.88425777964974,5821246
2023-03-27,102.43950653076172,103.40266758244195,100.58197039787683,100.78836111451652,8986618
2023-03-28,100.92596435546875,103.19628203536331,100.03159579050379,102.50830419737706,4765107
2023-03-29,103.98748016357422,104.26267006120712,100.23801370767293,100.78839350293875,5628897
2023-03-31,104.40023803710938,105.63858893708179,103.64346111713661,104.26263984764421,7727412
2023-04-03,106.6705551147461,107.32413338918762,104.33143839446501,104.88181802734965,7675828
2023-04-05,107.80572509765625,108.32170523681692,105.12261918855991,107.32414450924541,6330727
2023-04-06,108.25289154052734,108.76887817116551,105.87938190817907,107.32413003967228,9854273
2023-04-10,114.47908782958984,114.78867724517585,107.84013157357973,108.70010071442,16722371
2023-04-11,116.4054183959961,116.61181570482533,113.75671198207978,114.89187749750984,10391460
2023-04-12,114.13510131835938,117.02459805257432,113.79111892322625,115.95823163232203,8579281
2023-04-13,111.17679595947266,113.72231008055556,109.66324861854194,113.51591278789928,12129911
2023-04-17,113.79110717773438,114.13508953736174,109.97283606323273,110.55761526005935,11241922
2023-04-18,111.27999114990234,115.71743465018828,110.45442820041308,114.47907710386788,23685972
2023-04-19,111.14241790771484,113.2751377300927,110.76402938137132,111.41760121281784,8270541
2023-04-20,110.0760269165039,112.13994717235437,109.86963620312736,111.14239315120813,4857083
2023-04-21,107.80572509765625,110.24803415150373,107.56493480345083,110.21364116179733,6926976
2023-04-24,110.62641906738281,111.03920054093095,107.18654283628001,108.01211234441949,8223696
2023-04-25,111.5895767211914,113.10313061365022,110.79840678744522,111.10799616344033,8897916
2023-04-26,113.75672149658203,114.03191793137151,111.10801486113046,111.58959549992379,11517041
2023-04-27,113.41273498535156,114.51349444063794,112.34636852212948,114.1351059174918,10998576
2023-04-28,116.88702392578125,117.16222039625126,113.41275377968222,113.48155289729972,18511696
2023-05-02,119.43247985839844,120.6364310174212,116.92137235380558,117.71254213288962,26929266
2023-05-03,117.2653579711914,120.56763534839337,116.990161628716,119.67327347951594,13017456
2023-05-04,119.98287963867188,122.08120611717167,117.60935677908357,117.64376288776248,12978156
2023-05-05,116.16463470458984,121.2900435055724,115.82063917030679,119.98289984156047,12554473
2023-05-08,117.47178649902344,118.98532741929112,115.85504036181234,116.13022365545767,7231975
2023-05-09,114.54788208007812,118.64134341510129,114.34149789316076,117.91895939462904,11499542
2023-05-10,113.7223129272461,115.54544313071159,112.99992894590952,115.40784493216306,11856128
2023-05-11,113.24071502685547,115.99262640728139,112.5871432911516,114.20388925883894,12099816
2023-05-12,113.2751235961914,113.65351207532152,109.14726955799615,111.55518550711723,28062578
2023-05-15,117.74696350097656,118.33174929211738,113.03433667111149,113.68790844042262,15177651
2023-05-16,115.09825897216797,119.94848407762733,114.65108449670556,118.4693362044225,23255306
2023-05-17,113.0687255859375,116.13021326557951,112.13995744906529,115.57983360544259,14492755
2023-05-18,113.41273498535156,115.99264241907048,112.93115436392475,113.96311471299475,11886627
2023-05-19,113.96310424804688,114.5822830250488,112.34635820564336,113.51591665974847,7935136
2023-05-22,114.41027069091797,114.85745824785609,112.8967299655471,113.9630962560655,8302832
2023-05-23,114.03189086914062,115.37344036514001,113.72230151451883,114.68546256352657,7500411
2023-05-24,114.54788208007812,114.82307849208416,113.30952447022531,114.03190849069756,5348983
2023-05-25,117.36857604980469,117.64377245326915,114.23828913187369,114.51348553533813,11829380
2023-05-26,117.2653579711914,119.01968872717875,116.09579975983857,118.19412594392018,4819450
2023-05-29,119.91407012939453,121.9091912306759,118.43492251471555,119.57007468290841,16154211
2023-05-30,124.62670135498047,124.97069681567186,119.53568663551384,120.36126261908807,19369441
2023-05-31,125.48670196533203,126.20907293180373,123.52597327228688,124.45474156721696,13788165
2023-06-01,126.03704071044922,126.51862119807181,125.07387973520405,125.21147790940597,8004016
2023-06-02,131.02487182617188,131.40326026971024,126.14024128917153,126.58742882445188,24211463
2023-06-05,133.22640991210938,135.8751162852314,131.02489114018636,131.7816681388175,19494456
2023-06-06,133.81121826171875,135.6687418371818,131.85048945499892,133.74241914824395,13209340
2023-06-07,135.15272521972656,135.70310483053336,134.15515807448764,134.4647474256968,7872700
2023-06-08,135.4279327392578,137.0102858857852,134.05199002664847,134.98075824675564,10582053
2023-06-09,136.70066833496094,137.25104793110924,134.6023420239941,136.21907470650712,7904078
2023-06-12,139.07418823242188,139.65896085593434,136.7694644806074,137.21665203640765,8456271
2023-06-13,139.693359375,140.4501362556875,136.2190774428299,139.34936391919433,14186832
2023-06-14,138.3174285888672,140.62215262858166,137.423066487631,140.62215262858166,13047692
2023-06-15,138.21420288085938,139.8653415968744,137.11344373684935,137.93900653381485,10540327
2023-06-16,138.7068328857422,139.62170032702144,136.701179509604,138.53090096941767,12326310
2023-06-19,138.81239318847656,140.4309881832869,137.75678834067608,138.7068233077758,9246936
2023-06-20,143.52743530273438,143.91449353100435,138.28457884999767,139.16425176052277,9726607
2023-06-21,146.94061279296875,149.12221210278267,143.70342169750057,144.09048007255623,20756190
2023-06-22,143.0348358154297,147.3628253842572,141.45142172372576,147.04614256591643,11657516
2023-06-23,140.85324096679688,143.5626355041263,139.9383869235632,142.82371338196697,9072837
2023-06-26,140.6421356201172,143.31633586389327,139.41058526064796,140.92362402447714,9280932
2023-06-27,146.27200317382812,147.04611959165769,141.3810241835254,141.5921505036815,19047221
2023-06-28,153.27426147460938,154.32986661817569,146.37761346296432,146.9054227461213,32094496
2023-06-30,151.9371337890625,154.9983923156001,150.8111533328016,154.8224603860742,16951743
2023-07-03,154.64651489257812,157.1799639855846,151.65561866198425,152.67604255557785,12784213
2023-07-04,155.70211791992188,157.4966448984151,152.39455233753978,154.71688847468985,14872598
2023-07-05,157.14476013183594,158.5874230941243,155.5965407209815,156.22990625786346,9635371
2023-07-06,157.39108276367188,159.5023058994699,156.33547790714488,157.1095943992119,8983942
2023-07-07,155.73731994628906,157.8133490022422,154.0131681844995,157.28555319511625,9032541
2023-07-10,157.98927307128906,158.65781970599227,153.13347444813166,155.73729896033953,11836860
2023-07-11,159.8189697265625,162.14131912212454,157.9892618642455,158.0244428750524,27521285
2023-07-12,159.924560546875,161.89501955594184,158.76338569703609,160.2412433765815,11875910
2023-07-13,158.0948486328125,160.90979983313295,156.22994597936508,160.59311698417525,10619100
2023-07-14,158.05963134765625,159.32636256040232,156.86328900533402,159.04487419242773,7757530
2023-07-17,157.21517944335938,159.67826683826405,156.581813729734,158.34115995141642,7938596
2023-07-18,156.01881408691406,159.2208234807779,154.85763920756176,157.21516998257448,14288727
2023-07-19,159.3263702392578,159.74862294568672,155.27988247323339,156.22993092858124,9563980
2023-07-20,159.18565368652344,160.80424900571492,158.3763426041811,159.74864394636163,6992561
2023-07-21,159.7486572265625,160.69869246303605,158.23561826070062,158.97454052140125,7056545
2023-07-24,168.72129821777344,171.71218129921192,161.26167431127396,161.85984555846332,27932963
2023-07-25,167.6656951904297,171.3251250188213,165.6600416325986,170.26952000250168,14752168
2023-07-26,170.79734802246094,172.06407955057767,166.7156650000556,167.84164559777102,12038222
2023-07-27,178.29209899902344,179.5588301373689,171.07878381982675,172.380709391317,26304320
2023-07-28,180.05148315429688,183.07756075735165,177.41246386178346,178.96069710394892,16384307
2023-07-31,183.95721435546875,184.37946706188959,178.74955178098188,180.157033956895,14236327
2023-08-01,182.16270446777344,185.1887820347108,180.54410920914287,184.48504088055742,11212380
2023-08-02,180.36813354492188,186.033229420926,175.6179050424089,181.56448927912612,16122036
2023-08-03,183.0775146484375,184.3442457374513,178.22173003754182,179.4532666947814,13853421
2023-08-04,181.98675537109375,185.01283265263086,180.9663314649485,183.0775413055468,10243822
2023-08-07,187.79258728027344,188.56670381142396,181.35338793443617,181.95155912832908,19592147
2023-08-08,189.30560302734375,194.79476668686493,183.00714192067562,190.00934402308897,38293583
2023-08-09,190.04454040527344,190.81865690548548,186.73697490728907,189.9741783804761,12734777
2023-08-10,187.93333435058594,190.64272873164612,185.47024732937263,190.04454412720054,12885501
2023-08-11,185.82215881347656,191.80392542366363,184.09799355411005,191.06500320796948,24759160
2023-08-14,185.82215881347656,188.95379304234427,181.52934959759216,185.01286113589535,16369013
2023-08-16,185.9276885986328,187.86296654303817,183.39422602545056,185.0831965999904,10764313
2023-08-17,190.60755920410156,191.31130036251832,185.54064702444398,185.89252431502544,22827203
2023-08-18,188.9537811279297,193.10583915823332,186.6314447230773,190.5371953636804,15978257
2023-08-21,190.04454040527344,191.38164706307313,187.61664786744126,189.79823305025033,14616437
2023-08-22,192.1909637451172,195.07629026838393,190.07975379927413,190.99460786307398,15832807
2023-08-23,192.3668975830078,193.70400438746864,191.17055511181388,192.82433133082912,10786048
2023-08-24,190.50198364257812,194.61886028207581,190.15011980999483,193.84474374309877,10437083
2023-08-25,190.04454040527344,193.10581197097886,185.9980528422198,191.06496426050856,18390451
2023-08-28,191.45201110839844,192.08537667580651,188.81299238511264,190.9945774379941,20674040
2023-08-29,190.0093536376953,192.68355344955194,188.95374880203465,192.12056330901666,21612353
2023-08-30,192.01504516601562,193.03546919395365,190.78350818246727,191.90948868821047,19494892
2023-08-31,183.11273193359375,194.79478811043307,180.40333752677785,192.82431579018208,205689248
2023-09-01,181.1422576904297,184.203515889948,176.32165353810294,180.7200184201241,31886045
2023-09-04,185.9276885986328,186.31474687206287,180.79040142323097,182.23306462790532,17449756
2023-09-05,184.4498291015625,186.52585792865244,183.3590431667703,185.89250571447187,18024101
2023-09-06,181.212646484375,184.44983683302274,179.31254949395372,184.44983683302274,13072843
2023-09-07,191.31129455566406,192.12059216531765,180.86078766340196,182.19788105878837,24056615
2023-09-08,214.71058654785156,215.977317810164,190.71310828258277,192.29652236047332,82791157
2023-09-11,215.48471069335938,220.90348634074255,213.0919989850623,218.08853533767106,32528622
2023-09-12,199.0876007080078,217.3144130019452,198.45423507130883,217.3144130019452,32072173
2023-09-13,195.780029296875,202.60630066605094,193.95030776610338,199.75615518918153,22854207
2023-09-14,196.73007202148438,199.47464752580441,193.38731188870653,198.45423703236807,20229285
2023-09-15,196.62452697753906,201.02289229650762,194.3725660818665,197.82088288120835,16840451
2023-09-18,202.25440979003906,203.16927720524845,196.20225539717347,197.11712281238286,21777587
2023-09-20,201.9025421142578,206.40646338704414,200.77656179606123,203.38038624836176,24146948
2023-09-21,202.0609130859375,207.82277470952332,198.14637038442382,201.97295382753907,19969152
2023-09-22,209.71408081054688,210.7696993650854,202.67669536827688,203.20450464554614,19853464
2023-09-25,209.53810119628906,212.13313380329546,208.08664614807626,210.5497331771522,10640362
2023-09-26,206.19532775878906,210.37377414256665,204.87581837443827,209.53808755035985,10324176
2023-09-27,219.61038208007812,223.52493807823436,207.11902685644267,207.7347953363814,41395652
2023-09-28,215.43191528320312,220.22614393709952,214.15639210027217,219.6983347607685,17882450
2023-09-29,221.58963012695312,223.65686710945224,217.45516958470012,218.59874720432205,20556307
2023-10-03,220.75393676757812,223.4369421033683,217.71906760072306,220.79792310214742,20505684
2023-10-04,214.55224609375,221.85353490844108,211.78128142550503,220.7539436237811,11248912
2023-10-05,211.6053466796875,217.1472893649406,210.98957825304717,216.83939844024795,6991188
2023-10-06,216.66346740722656,218.37882711085953,209.5820969150545,213.4086799193277,10502776
2023-10-09,211.34141540527344,215.73977992983689,210.24182427413257,213.76051589378332,12865038
2023-10-10,219.87428283691406,221.01786052117478,211.20951108505486,213.1447891692483,21120310
2023-10-11,219.9182891845703,224.75649154663085,218.07097018632106,222.55730865478517,16901311
2023-10-12,218.5547637939453,223.2610199203787,218.15891361105494,220.92987831403272,8856652
2023-10-13,220.05020141601562,222.16142472564619,217.1472911772344,218.1589097849618,6963745
2023-10-16,221.58963012695312,227.13158630421606,220.35809325828038,220.79792977176996,15828545
2023-10-17,221.14979553222656,224.0967055672731,220.35809517017432,223.39296445503487,7959854
2023-10-18,216.2676239013672,223.04110367644174,214.72819606963455,220.88590739656513,8849737
2023-10-19,219.0825958251953,220.57803746242513,213.05682951245709,215.08008039706058,10354590
2023-10-20,217.71905517578125,220.2261284529636,214.90410441967347,218.86263269559677,9772348
2023-10-23,214.77215576171875,220.7539347956003,211.64932737636582,217.71906565585547,16263512
2023-10-25,208.65843200683594,217.80703922064467,206.23933126737006,216.3115843889609,12354938
2023-10-26,202.63265991210938,207.60280647775488,198.3662409353124,206.72313356895083,19102624
2023-10-27,208.96630859375,212.0011775378552,204.26005301789928,206.283303454884,8633736
2023-10-30,210.19786071777344,210.7696562215626,205.27169997019405,209.4941196330493,8589899
2023-10-31,216.92738342285156,217.89501574170666,210.9016175522601,211.91323620895992,11247490
2023-11-01,213.05682373046875,219.21453547656753,209.2302537704695,217.23527098675007,11485017
2023-11-02,226.64773559570312,228.53902711414403,215.51987788230628,215.65182345885077,31788640
2023-11-03,230.21044921875,231.22206786284488,225.8560568585484,228.5830486979933,13074986
2023-11-06,229.37474060058594,232.80546001899427,226.77969444619916,232.18970501058212,15066704
2023-11-07,231.39793395996094,234.30087049114064,228.45105136967416,230.21039708112184,12712137
2023-11-08,231.83778381347656,233.90502051323764,228.714955733009,233.06934735919748,7008956
2023-11-09,243.9333038330078,246.74826807509018,233.50920061531733,234.87268298056713,46645094
2023-11-10,253.08193969726562,254.13753121858073,242.83372749312522,243.09764550757168,26451061
2023-11-13,270.4994201660156,281.31938623446155,258.403917638267,261.2628545993712,56941773
2023-11-15,273.05047607421875,279.69202289960754,265.6612287238451,271.81893932340444,29545189
2023-11-16,272.96246337890625,277.7566909522213,269.17988101782964,272.69857227296467,16593003
2023-11-17,278.1966247558594,279.69207980104466,272.7426406627646,273.79825914707106,15707486
2023-11-20,285.2340087890625,286.3336001876325,277.4928960813268,278.81240575961084,19353142
2023-11-21,281.0995178222656,289.1045481010814,277.624825314903,287.30122905192405,22453701
2023-11-22,281.4514465332031,284.6622482922547,279.0323452722678,281.4954194542948,9908872
2023-11-23,282.1551208496094,284.134385142397,279.29618353780506,282.8148756138719,7050700
2023-11-24,280.99530029296875,284.0733399921572,278.49715152172587,282.60123168145986,8179159
2023-11-28,285.99151611328125,287.2852026060708,276.17742534102416,280.99527350211633,12393794
2023-11-29,292.7275390625,294.2442456981223,284.2517342183624,287.32977332527327,13325273
2023-11-30,298.7944641113281,301.7833064425078,290.5863313886269,292.72758221944105,42144243
2023-12-01,325.7831726074219,328.63819149449506,300.6680295873838,303.34459958371065,51298211
2023-12-04,331.62701416015625,344.6083669968126,330.9578716999683,340.816559722414,33279982
2023-12-05,336.57867431640625,338.49687735276694,329.84265077111144,332.78686685227177,16714263
2023-12-06,337.78314208984375,346.0804982638087,335.2849937338001,338.229237093336,15204248
2023-12-07,336.4449462890625,340.72744856711927,334.12524621032946,339.032292549867,9186451
2023-12-08,343.1363220214844,348.5786871422629,337.33708630192143,337.8724058138389,22241955
2023-12-11,347.5526428222656,350.6307095605453,340.10287726371473,344.38537885590455,11743284
2023-12-12,347.6865539550781,350.40772334723863,343.58247332842933,349.1586624332549,9651220
2023-12-13,376.32574462890625,378.2885735904141,349.11394865129387,349.78309117533354,47230397
2023-12-14,377.485595703125,382.5264637744235,370.74954484419635,379.71607071055604,22525232
2023-12-15,367.8499755859375,380.34063726596906,365.79794920092496,377.66406690596233,19759589
2023-12-18,367.40386962890625,371.7756228692385,362.0061304539797,367.8499646756764,14104514
2023-12-19,364.6827087402344,370.0358494189901,358.7050240912979,369.27748237733675,10528820
2023-12-20,340.6827697753906,367.5822938429139,336.31104405624984,365.9763626734267,22211254
2023-12-21,346.9281311035156,349.60470144419725,328.6382337755244,335.46348269876626,23330278
2023-12-22,345.1883239746094,353.7533538771562,340.4151017744028,349.73849866291357,13356416
2023-12-26,349.9615783691406,355.9838617445178,343.6716488458506,346.1697703179772,13629896
2023-12-27,343.3147277832031,352.9949954808172,341.30730012723393,352.05820679902365,11269286
2023-12-28,343.4039001464844,350.6752426629913,342.4224857736024,345.00985836414833,12371827
2023-12-29,341.3519287109375,347.0619397549836,338.58613402831946,346.1697496784926,10589854
2024-01-01,352.4596862792969,356.8760381423002,339.92442633054094,342.51177216157646,15293334
2024-01-02,347.6418762207031,352.63814635843795,341.48576981326283,352.41509882753445,11799148
2024-01-03,350.71990966796875,358.03585164901943,343.4931649088071,347.06192506370377,13107047
2024-01-04,362.00616455078125,364.9057826278978,354.2887249602601,354.91324174807204,19291259
2024-01-05,360.44482421875,364.32585685571087,355.1809077263985,363.7459386978852,7735119
2024-01-08,362.00616455078125,368.2068971759162,358.1251318328363,362.0507631686666,8020666
2024-01-09,351.3444519042969,367.4038737689876,348.89092911941356,365.2626229658584,12629573
2024-01-10,348.40020751953125,353.30725269586264,339.7459533175551,353.30725269586264,12513678
2024-01-11,352.8612060546875,358.8388909799825,349.4262685148533,350.18463559156726,8305839
2024-01-12,358.4819641113281,359.32955558034973,350.7199267332316,354.19946260806665,8217329
2024-01-15,365.3518371582031,367.89458432751087,356.4745349858334,359.55260164775547,10263830
2024-01-16,357.2774963378906,369.3220613361005,352.1474038386531,365.61945105466833,11079183
2024-01-17,350.22918701171875,359.06189013171456,347.9541133156465,352.41506348635994,8845319
2024-01-18,350.363037109375,353.75334834629234,338.3184716549615,350.67528183917284,11680203
2024-01-19,367.89459228515625,369.0098299074421,353.44110180933905,354.1994688379896,16111152
2024-01-23,352.90582275390625,383.9094322069723,341.2627515337485,383.6417860379395,28172910
2024-01-24,376.2811584472656,377.35179741208503,347.99872260599903,355.9838345476206,26232960
2024-01-25,373.82763671875,379.76069519731055,369.5005094639797,379.136178489161,12426317
2024-01-29,398.5859680175781,400.10270223398834,376.1473901488229,377.3518523527388,38320305
2024-01-30,396.93536376953125,404.7866528619024,393.2327803585599,401.4855386530958,18743455
2024-01-31,395.4632263183594,397.2922049681522,389.9762631415022,394.6156349084679,12612238
2024-02-01,397.6937255859375,401.03943836428243,392.07293900931006,398.8089631787191,12778899
2024-02-02,402.19927978515625,411.7457245941494,399.7903828899996,399.7903828899996,13316207
2024-02-05,408.7568664550781,414.4222787249081,399.52269398094325,405.76802433847683,15932526
2024-02-06,405.0542907714844,411.5672673752761,397.11380461375086,411.5672673752761,9403608
2024-02-07,418.43719482421875,419.2401605414977,402.377771568705,402.377771568705,11983832
2024-02-08,418.03564453125,426.2884026417094,414.11001368636533,420.1769224716235,14788511
2024-02-09,382.6156921386719,413.083975606717,362.8982874255554,413.083975606717,56589108
2024-02-12,378.4223937988281,388.3257085255027,368.42988185160345,382.7495208671813,30349202
2024-02-13,375.16595458984375,380.6975443594503,369.90203819924017,374.6306350593201,14073386
2024-02-14,387.745849609375,390.73469209571147,366.7347549708619,371.1511071610065,11114379
2024-02-15,388.5041809082031,391.1361253055552,383.68633269817207,389.9316632530474,6467934
2024-02-16,386.94287109375,390.60082885253286,381.05441077774816,390.60082885253286,8544311
2024-02-19,384.6677551269531,395.1956146149085,383.6417419602301,386.9874548261623,5880131
2024-02-20,383.2735290527344,387.50112478800014,379.67556121830427,383.6333203461142,6734331
2024-02-21,370.9504699707031,386.78153357936344,369.6911867467869,383.1835658251368,7818084
2024-02-22,373.8288879394531,375.26808065742586,359.4819792811071,370.5907111865941,12734235
2024-02-23,371.4002380371094,377.3368906748583,369.9160817402514,375.53790669071117,6086377
2024-02-26,370.095947265625,374.6383703072318,364.87887785958566,370.45573852975883,14668409
2024-02-27,361.14599609375,369.6462054875393,354.5347251708377,366.3630381082539,16060760
2024-02-28,350.35211181640625,361.1460151329579,348.46317324594656,361.01109683156415,11522019
2024-02-29,360.4264221191406,362.90002489087084,349.3176914542166,349.90235571019895,18634970
2024-03-01,371.7150573730469,374.0987056084248,361.1460267036378,361.1460267036378,10009056
2024-03-04,379.1808166503906,380.1252996583858,369.2864053019487,375.04317568311285,10217240
2024-03-05,375.4029846191406,382.8687570983917,374.6384109434783,377.69667819581065,7545389
2024-03-06,381.5644836425781,388.8503462381156,372.38965507368033,382.19411151671665,19232334
2024-03-07,386.5566711425781,389.79484769980434,381.8343383362988,381.8343383362988,12256331
2024-03-11,389.07525634765625,390.28957604623326,381.69943836613527,386.5566897101257,16623737
2024-03-12,385.9269714355469,391.3239225939061,380.79988430529346,390.3794671213185,15842050
2024-03-13,357.63800048828125,386.73657020921047,352.91566780784706,386.6466155252343,18357786
2024-03-14,359.5718688964844,366.4529760944971,351.5214058172384,357.09826629619585,18459269
2024-03-15,342.7064514160156,360.69629138536027,333.0818760522893,359.5719263872762,29682116
2024-03-18,337.17462158203125,348.7780642647999,334.07136283475,339.1534877459654,12079910
2024-03-19,326.11083984375,338.9286018744775,323.907100736729,337.3994818217053,15002148
2024-03-20,325.1663513183594,330.1135572167023,316.35134087962047,328.22461856545345,13037554
2024-03-21,347.8785400390625,349.45265107996323,331.0130646008403,331.55276530492705,22051088
2024-03-22,355.0400695800781,357.89561424907725,343.5725481114516,348.42245636843495,13733411
2024-03-26,358.0316162109375,358.9834552156197,349.51026963702,349.51026963702,10930109
2024-03-27,348.5584411621094,362.745534729743,344.70571456929025,359.88998996451863,28752085
2024-03-28,353.77093505859375,357.35171535833575,348.6037380097101,348.6037380097101,12411711
2024-04-01,363.6972961425781,366.96075912101173,356.30910633025843,358.076838497665,9276678
2024-04-02,369.45379638671875,370.26969001099985,358.39422164491657,365.2838086688584,8003458
2024-04-03,378.2470397949219,379.1082484350144,365.19310315163807,367.1421237074736,10346790
2024-04-04,376.2073974609375,386.9950257346662,373.4878259130271,380.83067462536764,14146848
2024-04-05,377.839111328125,379.51618590244374,369.8617129001643,376.2073795430593,7609006
2024-04-08,371.9920654296875,381.14796179965475,370.9948836669344,379.8334911580831,9705827
2024-04-09,365.10247802734375,375.6181601465886,362.92682633558223,373.4878235810444,8624425
2024-04-10,368.637939453125,372.49066603911035,365.3291327416733,365.3291327416733,6580214
2024-04-12,365.3291015625,371.67476833901986,364.4225777372829,367.95801512264734,7368214
2024-04-15,355.719970703125,362.47358478376685,351.36866707507085,358.0769383620351,7965565
2024-04-16,359.4820556640625,362.0656544139932,349.01171527187233,351.9126029323059,10543004
2024-04-18,358.48486328125,369.1818335179539,356.3091839352182,361.023118965071,7589176
2024-04-19,361.3857421875,362.97215899048723,349.10235457890747,356.218572628147,8788592
2024-04-22,366.5528869628906,370.0883240849764,362.836134023299,364.60386641679673,7457201
2024-04-23,361.7936706542969,368.81923042550756,360.84180402183074,368.68325738227304,7401920
2024-04-24,364.4679260253906,367.5501294435068,361.0231462420909,363.5160869882698,6066000
2024-04-25,369.00048828125,369.8616969258403,361.7029830230644,362.88145285416806,7978814
2024-04-26,368.18463134765625,373.48780104597563,367.2327924352266,371.2214915736093,10419494
2024-04-29,376.66064453125,377.3405373914147,368.1846413415477,371.4934477280337,9486965
2024-04-30,400.275634765625,405.6241481452219,377.56722112752277,380.19613502135803,53552269
2024-05-02,424.11724853515625,432.18530640437314,401.72609521813985,406.25871510701637,55752960
2024-05-03,435.5393981933594,440.117332605578,424.38913815249913,426.97273667811993,28996180
2024-05-06,396.8761291503906,415.95847272867627,377.6124974016525,413.82813615524515,66897875
2024-05-07,382.14508056640625,399.7769787922553,376.47930705744574,398.87045503082163,25818752
2024-05-08,399.6864013671875,403.8111019112394,381.64658041499615,381.64658041499615,29249669
2024-05-09,378.9722900390625,400.0943126558242,377.5671891167181,398.5078958948296,15867846
2024-05-10,378.60968017578125,385.5445820908343,369.58978447303537,383.4595883031415,14527463
2024-05-13,377.5671691894531,381.918472438277,365.28378255429624,379.83347872840545,13617829
2024-05-14,382.19049072265625,386.3605062932874,377.65787111651684,380.4681008053062,12097891
2024-05-15,395.7430114746094,400.13965807808097,383.1876771475172,384.0035431533878,29319985
2024-05-16,412.28704833984375,414.2814119359163,398.00929727203044,401.59007765341556,35263613
2024-05-17,424.34381103515625,425.43162303395025,411.56181947871596,414.55333705653925,16122079
2024-05-21,425.2503967285156,427.06344465516463,417.18233898791055,421.62430087521756,10578500
2024-05-22,421.17095947265625,427.33531019487486,415.18789690996715,427.33531019487486,8295209
2024-05-23,423.57330322265625,430.59886362923856,418.4514485882598,421.5336243949388,12732877
2024-05-24,445.6924743652344,452.7180346605892,421.8962217519359,425.6129753121387,33498606
2024-05-27,465.2280578613281,472.5708790244923,449.6358363415823,452.35540793235805,33290103
2024-05-28,468.808837890625,472.5708787242458,453.533877600911,469.1260991107503,21588367
2024-05-29,462.4178771972656,475.3358159530831,461.10340639024224,465.0014760143954,18529334
2024-05-30,453.66986083984375,467.7662953008724,450.58765769236595,462.3271523322576,14291676
2024-05-31,446.41766357421875,464.3668240376753,434.6781691089611,457.7945263817004,31653901
2024-06-03,502.9394226074219,506.74683385620636,471.3924035871687,485.80615498262944,44287988
2024-06-04,386.85906982421875,493.9648894950634,377.20459593452324,493.9648894950634,108815947
2024-06-05,405.35211181640625,408.70626094385494,358.25821698451136,403.13114510436986,52169722
2024-06-06,428.15118408203125,444.9672173441059,411.5618094372011,412.4683332465341,48961426
2024-06-07,438.3495788574219,440.25328439834357,417.9527930580708,428.785763693024,32944221
2024-06-10,440.3892822265625,449.36389061538046,432.41188328640527,440.57059806539405,20853211
2024-06-11,440.978515625,443.1994823463734,431.5959887184213,440.3892530203333,20122639
2024-06-12,446.0550231933594,451.6754818000366,438.80283281824586,441.4770890850333,23440337
2024-06-13,456.48004150390625,458.5650628112444,446.55362264333496,450.0890598767564,22583735
2024-06-14,462.3725280761719,464.00428777963214,453.5339195934038,458.79177508466637,13048015
2024-06-18,460.2874755859375,464.68409403813763,457.3412731326548,464.5934637868892,12494967
2024-06-19,452.58203125,464.0495523976635,448.1853850528963,461.3753236442073,8911856
2024-06-20,436.3552551269531,448.7292999875673,433.1370789018324,448.7292999875673,25848843
2024-06-21,437.2164611816406,447.2335667673938,436.0379911903349,441.4771345315865,14067512
2024-06-24,442.1569519042969,443.69805332031126,428.42312284711954,436.0379166908596,14749233
2024-06-25,438.4856262207031,444.6952928706819,435.13147668859614,442.38366796673944,13567964
2024-06-26,435.1767578125,440.8878745967078,434.3608918904452,436.53654357089533,10636903
2024-06-27,434.9048156738281,445.78310183971854,431.91329804417313,433.3183989413024,15956471
2024-06-28,439.7546691894531,442.9275022605676,434.90476167633915,436.03791634459435,8405233
2024-07-01,454.39508056640625,455.98149730653836,441.0691688833317,446.961573918108,16866460
2024-07-02,455.6642150878906,459.4262835936559,449.27323290730817,455.34692620224257,26068619
2024-07-03,481.40948486328125,483.4038484215622,462.7804306032958,465.50000218372656,33571765
2024-07-04,483.76654052734375,493.8289344999532,481.0922837398998,486.62205784559825,17103459
2024-07-05,484.3103942871094,489.02432964000616,479.8684050386469,484.0837633117762,10395660
2024-07-08,498.3614807128906,507.4267191069405,486.2594095887638,487.7098255998821,20739673
2024-07-09,498.72412109375,504.4805254426116,490.92798274076694,500.8544300216405,13179449
2024-07-10,508.3786315917969,514.542983525247,484.9903242188006,500.40123171734194,23340064
2024-07-11,517.262451171875,520.1633383587158,507.4720053298808,512.9564631799489,10824586
2024-07-12,503.25665283203125,525.7837445844563,496.82030138147013,519.9819707881499,13831121
2024-07-15,505.8402404785156,513.4096914791972,501.7155685800037,508.46918142296533,12094299
2024-07-16,498.1801452636719,509.1491164864738,494.96199682646056,506.7468062747096,7358534
2024-07-18,496.41241455078125,504.7977597650162,484.1290280326501,496.77504620548785,12703877
2024-07-19,483.8117980957031,500.4011737688128,482.27069645834854,493.1489828446271,10053221
2024-07-22,493.6928405761719,496.5030975610557,477.0128358125721,478.64456759066684,8561902
2024-07-23,474.6105651855469,500.2651798629065,457.79455831728325,495.4152992483075,22524978
2024-07-24,476.0157165527344,487.0300049673158,471.43778155060414,474.610615459186,9022966
2024-07-25,475.97039794921875,478.0100768755766,466.63321215230275,472.2989869477411,6448853
2024-07-26,490.90850830078125,493.09454117141934,474.64960737805643,482.7107599481755,9126406
2024-07-29,503.56939697265625,505.3911186664628,489.1322747870532,490.9539964808597,11024457
2024-07-30,505.2544860839844,512.3591890532839,498.46856215006153,504.43468914368714,10069484
2024-07-31,507.1673278808594,508.89798579414,501.8843458851857,505.75550463293894,6337213
2024-08-01,494.4607849121094,509.62664014070526,493.2311450155351,502.84071576165866,10651189
2024-08-02,479.3860168457031,491.68263736161083,478.52068798678886,487.3105167415274,11584967
2024-08-05,453.654296875,477.4278016475288,446.95949095549275,460.0758834185509,23854293
2024-08-06,431.7936096191406,480.57020094833433,429.33430180432066,460.89562724069714,27196447
2024-08-07,448.55340576171875,456.97886804305904,435.3914562681784,450.4206592565151,24072515
2024-08-08,448.2801818847656,458.5273669071114,442.99719983659696,450.8761409832136,13999802
2024-08-09,456.0224609375,463.49153073067987,450.9216348200064,455.0660682017738,10489233
2024-08-12,452.3790588378906,458.57292961451407,446.95945318027236,455.33935675250126,5783366
2024-08-13,439.6269836425781,453.5176116034835,438.1240687997041,447.2326772986584,10669859
2024-08-14,441.44873046875,444.72783527446705,436.16574835756654,441.76753734381265,7413761
2024-08-16,459.3016357421875,460.121405040776,445.45653813189364,449.50988049334563,10378455
2024-08-19,459.939208984375,467.226095969074,458.299642734457,461.80646265529697,5700618
2024-08-20,474.7406921386719,476.0614515067705,459.21049777154127,463.5370868637206,12169319
2024-08-21,469.6853942871094,477.56430685926955,465.9963913645928,474.74066061390005,7836483
2024-08-22,471.3704833984375,472.7823065776324,468.4101856766116,472.5545913682612,4109631
2024-08-23,468.91119384765625,476.38026456393357,467.727085762103,474.10311224766235,5850297
2024-08-26,468.546875,475.05949715892575,465.90535611947416,473.78432523985725,4077934
2024-08-27,488.6313781738281,490.0432015575484,466.5885315945245,469.0933992604785,19377943
2024-08-28,491.1817626953125,496.8746435795882,484.1681223269768,490.4986169891994,11607989
2024-08-29,505.0268249511719,506.89407863225773,492.27477265853645,497.33003941278116,19514561
2024-08-30,503.5149841308594,513.0896140052447,501.27020588512045,508.32519926215855,10222982
2024-09-02,501.3160705566406,507.6380341383882,494.85659396330055,506.3094873240725,5741792
2024-09-03,512.0359497070312,514.7388438075291,494.9024654517498,501.1786288369911,9786096
2024-09-04,508.7832946777344,509.7911827898352,500.26235368406475,502.5529322265742,6377748
2024-09-05,511.48626708984375,518.953576654089,508.82917320355944,510.34097764271024,8554799
2024-09-06,499.6210632324219,512.0359898039583,496.185194849764,508.50852063336424,9565966
2024-09-09,479.73876953125,498.84222900351523,470.20999591168805,495.68121928571145,20183113
2024-09-10,467.9652099609375,484.22831808978066,465.94948959993894,484.22831808978066,14833993
2024-09-11,459.3984375,472.3173063702554,457.4743458876361,468.19426489854607,7623569
2024-09-12,463.8880310058594,466.7741828097132,452.6183939206427,463.1092565431493,12346929
2024-09-13,457.65765380859375,468.46917478617155,455.3670749607029,467.9194582316118,7734239
2024-09-16,449.91546630859375,461.04770138812796,447.3958296868527,460.8644439038984,7632924
2024-09-17,442.035888671875,449.3657405112351,436.9049867920898,448.9534251608048,14392518
2024-09-18,450.8316650390625,458.57383182578167,445.6091626521108,448.0371703552592,15330542
2024-09-19,440.43255615234375,459.0320470749026,423.94038679635923,454.22183101274044,15783626
2024-09-20,441.5319519042969,447.39582788080776,436.81336529668135,443.1811853722059,13890094
2024-09-23,450.052978515625,453.0765316475106,441.9901235619806,444.3723313428567,6327029
2024-09-24,448.9076232910156,452.2060342389186,445.3342981621779,448.9534236803943,8389458
2024-09-25,442.9521484375,450.1903719988479,440.15762546859395,449.8696853681646,9526068
2024-09-26,440.20343017578125,444.3722722672238,435.3473865062645,444.3722722672238,8617212
2024-09-27,452.4809265136719,454.40501823314014,438.5083963039889,438.69162582512115,11361968
2024-09-30,447.16680908203125,457.0621268706742,445.3801742871318,450.7859349884589,8142211
2024-10-01,452.7099914550781,462.74270964133746,448.03720519516514,448.9534366986318,12786542
2024-10-03,428.384033203125,450.55684702726603,425.58953826978154,446.98354971475845,19202233
2024-10-04,424.5358581542969,430.3081052435784,419.31332757929704,428.38401356009604,11408576
2024-10-07,401.90496826171875,430.4455757677425,400.39319177972686,427.8801385838271,16775124
2024-10-08,426.826416015625,429.7125394194932,396.1784635868479,399.9350180311488,18224193
2024-10-09,431.3617248535156,437.50048631719585,428.29237208283837,428.29237208283837,9023720
2024-10-10,432.41546630859375,441.0280367904505,431.5450352017458,435.1641608003246,7209670
2024-10-11,428.6589660644531,433.01106622955524,423.98617924232,430.2623713884381,5568364
2024-10-14,433.92724609375,438.829090234723,427.6968550868763,430.5830066947871,5758201
2024-10-15,436.8133239746094,441.6235388689286,434.29368760139454,437.9586132351616,6280066
2024-10-16,439.0581359863281,442.7230619028712,436.446870678558,436.9507868076164,5929705
2024-10-17,430.12493896484375,440.66160244226273,428.2924757513796,439.7911712313994,5208293
2024-10-18,433.1026306152344,434.0646624821798,418.9926434922637,429.52930548391555,7642993
2024-10-21,425.08563232421875,434.7060634525028,421.5581353182811,433.8356323088101,4850471
2024-10-22,405.3408203125,426.23091582027604,404.1039021638213,423.29896376127226,10178704
2024-10-23,401.6300964355469,408.8683199243267,390.8185476137887,404.97433592504746,10169698
2024-10-24,415.14447021484375,417.52667754624855,399.52270741780626,400.3931384685079,9477665
2024-10-25,401.4010314941406,419.63403301317857,394.8957821586899,415.9691069606617,8904455
2024-10-28,412.8996887207031,419.6339953296897,403.59994528979985,404.0580610052252,11251735
2024-10-29,432.5986633300781,434.2936970648637,408.82247453961793,415.0528370683191,13329768
2024-10-30,424.8106994628906,434.5227582710931,423.98609676320154,432.5986666643757,9061400
2024-10-31,416.83953857421875,426.91808523052663,411.5253790151018,425.49790960680133,6917895
2024-11-01,420.64190673828125,422.1536831911163,417.89321211088384,421.4665095342669,901996
2024-11-04,413.26617431640625,424.21515106286154,405.7988937722194,424.21515106286154,9325508
2024-11-05,422.8408508300781,425.9102320458885,400.0724917316097,412.30418824167964,9875420
2024-11-06,428.384033203125,430.07906709632516,420.87095156472884,425.13142251276344,7221536
2024-11-07,423.2989807128906,430.07908866454306,421.97043376644564,428.33825429280597,5072697
2024-11-08,411.7545166015625,423.39067026903365,410.10531074119643,423.20741274624976,5816760
2024-11-11,441.48614501953125,448.40368152143225,416.1981505340877,416.1981505340877,29014155
2024-11-12,428.01751708984375,445.8840303988462,426.5057407866996,444.37225409570203,12030749
2024-11-13,422.7950134277344,432.46124403255544,415.32770474764715,429.804178422046,12532360
2024-11-14,416.6104736328125,428.4756547639774,413.9533799177167,424.3526130199317,8930823
2024-11-18,420.7334899902344,429.16280249274524,417.93896731118895,423.25312645956336,9440643
2024-11-19,431.9114990234375,439.33297934495965,427.92588663214184,430.62878058838595,16795032
2024-11-21,415.37353515625,431.49921433473355,396.54496200469595,431.49921433473355,29932392
2024-11-22,437.9128723144531,439.3330200059177,416.5188604299607,420.09215781587756,16196571
2024-11-25,444.4198913574219,466.43321871235077,443.03540571456386,452.26531000028393,22624407
2024-11-26,447.0965881347656,454.3882073790021,445.06602595535395,447.6503880627631,8322135
2024-11-27,453.2806396484375,456.74185401935193,444.696811108109,450.00400647684444,6332307
2024-11-28,455.9573059082031,462.5105440759982,453.4652202971966,454.48051547825236,9185839
2024-11-29,457.1571960449219,460.9414628332218,452.72685278918846,457.5264147890959,7808841
2024-12-02,457.572509765625,459.1416047776341,452.2653147456505,455.95727649867626,5868905
2024-12-03,462.556640625,465.4179165436332,456.0957077230557,458.54162668816247,6421930
2024-12-04,470.72515869140625,476.90920635687513,463.80272988712085,464.1719204565291,10064890
2024-12-05,472.7557678222656,474.5556106497297,462.7874530483227,472.5250201863054,6481631
2024-12-06,474.1864013671875,483.55477810819656,472.5711678832117,475.24786304774943,10442708
2024-12-09,475.66314697265625,481.7549182699282,474.4171322914424,475.34012282119227,8490785
2024-12-10,477.3245849609375,480.9703525616785,474.2786710812654,477.8322184959254,5999627
2024-12-11,473.494140625,479.95507431773876,471.8789072018153,477.18610273513644,5559349
2024-12-12,468.6484069824219,474.78631608738414,468.0484688157341,474.78631608738414,3709754
2024-12-13,465.41796875,468.2792449895852,452.7268491261775,467.9561926747645,4617836
2024-12-16,468.0484924316406,473.77101668311917,466.2025114148859,466.84858787028907,3621956
2024-12-17,460.0184631347656,473.7248777995699,458.3109250630337,467.49469187624385,7148005
2024-12-18,449.5886535644531,460.01843437635466,445.8043870881889,458.08014879900634,5353446
2024-12-19,443.4508056640625,446.49666310665316,433.5747958539542,442.9431439786739,6612923
2024-12-20,418.3915710449219,445.34290418153444,416.26870421942385,443.95841846905296,18725117
2024-12-23,421.34515380859375,425.0371157258651,414.60733457654715,424.5294822292139,5194191
2024-12-24,416.4533386230469,424.391034651293,406.1158334146098,423.0065488555614,3378648
2024-12-26,427.57537841796875,428.49836898120236,416.8686822509716,418.11472514482426,5751347
2024-12-27,417.23785400390625,430.80582593780207,416.0841158519571,429.19059252507327,3933285
2024-12-30,406.53118896484375,420.4221851319777,402.423869851904,418.9915610818178,31939693
2024-12-31,413.9613037109375,415.25348497866554,407.2234832787161,407.77725513100023,6078911
2025-01-01,413.776611328125,415.76106334808435,409.392406649725,415.34570637473627,2624150
2025-01-02,423.9756774902344,425.129415576271,412.57673956670556,413.9612252699495,7550076
2025-01-03,429.0059814453125,438.2820530505036,424.8525241148364,427.80610503903796,12857999
2025-01-06,412.1152648925781,432.2364468499226,409.3924316067169,432.2364468499226,6541592
2025-01-07,411.9306640625,417.00711199956504,408.5156159871177,414.2843068246916,4817004
2025-01-08,401.4085693359375,413.40744603081566,397.0705308159426,411.93065557334364,7504204
2025-01-09,389.4558410644531,403.25453172524965,387.8867459945273,401.9623506974816,6771171
2025-01-10,373.0727844238281,389.87119521128045,370.48839403291845,388.5790140995435,9418630
2025-01-13,359.3201599121094,376.90314434650537,357.1972932091057,366.5195021020546,11102746
2025-01-14,385.2562561035156,387.10223723306524,363.28909192885,364.9966301071707,16819358
2025-01-15,394.6246643066406,399.51653193927723,387.14846213670774,391.6249445180445,11942821
2025-01-16,401.87005615234375,406.8080609373102,399.3779987146746,401.03937033978735,11304640
2025-01-17,400.0702819824219,405.192868483288,396.7013437993512,402.37775845442235,5109364
2025-01-20,403.2545166015625,407.9617734673648,397.99348800708106,403.2545166015625,4692710
2025-01-21,394.9476318359375,405.6081890794035,392.82476493936935,403.3007128146838,5673560
2025-01-22,388.2098388671875,395.03996344275714,380.5951666746577,394.11697287396566,7990557
2025-01-23,388.80975341796875,391.20953438412454,383.5025579707205,386.40997245181296,5201731
2025-01-24,376.9493103027344,391.07108169345986,375.7494339332804,388.8558819845689,5521223
2025-01-27,359.6894226074219,373.7188618331468,357.1973368969803,373.0727853593759,6919950
2025-01-28,356.5973815917969,369.8884390197819,350.4133340392772,369.1961961519969,12499818
2025-01-29,368.36553955078125,372.70357829905714,356.0436098937513,357.65884337998347,8257720
2025-01-30,381.8412170410156,384.8409364482325,370.6730253068129,371.9652064948958,12173193
2025-01-31,389.9635009765625,391.7171773593013,375.70328594606656,383.8256195532588,7617498
2025-02-01,372.934326171875,398.3165666855945,370.81145914133856,392.2709897574833,10136985
2025-02-03,355.5359802246094,369.19622944718026,349.0750462092837,369.19622944718026,12764889
2025-02-04,373.9034423828125,374.54951880677726,362.08914755001126,365.50422353180204,10384731
2025-02-05,380.82586669921875,382.9487334750258,375.0571763655764,375.61097627109274,7661250
2025-02-06,374.31878662109375,385.2562296974943,370.5806863569453,382.90261518561334,9100754
2025-02-07,378.10302734375,387.4713746572156,367.3501943730994,372.88813700183954,16988216
2025-02-10,366.01190185546875,380.3644222209518,363.5198441993036,377.1800934649531,7130175
2025-02-11,346.58294677734375,369.05777199546026,345.1984609713091,367.39637212775716,13932310
2025-02-12,345.05999755859375,354.6590929442887,334.35330232678876,346.99828320556924,18493994
2025-02-13,354.8898620605469,360.2431959169826,347.1367471704747,347.9674330216546,15685551
2025-02-14,342.7063293457031,359.64320907087443,339.52202931884284,356.04355209086924,9111445
2025-02-17,343.675537109375,349.62880925958996,329.73837416345077,342.33718954418634,9524354
2025-02-18,346.58294677734375,347.8751278961556,333.43033162001444,345.1984609713091,9358375
2025-02-19,354.8437194824219,355.8589865284891,341.04499983250855,345.0600142596937,10253709
2025-02-20,361.535400390625,364.4889531740945,349.6288000683307,352.5823810192357,8995688
2025-02-21,359.6894226074219,366.38110398339893,355.3974940875018,361.5354036766569,6385575
2025-02-24,353.366943359375,357.658843852113,351.56710049108,353.9668815929944,8201863
2025-02-25,352.5362243652344,357.6126719946111,351.7055104010255,355.5820816758868,6037957
2025-02-27,348.98272705078125,357.7511371366429,347.96743182840487,352.58238450517416,9653923
2025-02-28,339.3870849609375,349.44853666217745,335.98669838349673,347.95794806599974,23690515
2025-03-03,353.7339782714844,355.8766798933613,338.64181450585556,342.46143900758767,11923586
2025-03-04,357.0877380371094,360.4415550925864,346.09470103202443,349.1690167483551,9721898
2025-03-05,368.6864013671875,370.782533781783,355.4108960747493,355.4108960747493,10048929
2025-03-06,378.00250244140625,380.8439146857881,372.73888732951525,377.30379171600623,7589546
2025-03-07,373.6705017089844,380.09863469789997,370.7824916905985,376.8379846453444,8363854
2025-03-10,367.2889404296875,379.1670228405398,366.1244225462706,373.11152984677193,7710492
2025-03-11,372.0867919921875,374.1829244277814,358.3920771380102,361.46639333796827,5838218
2025-03-12,369.0124206542969,376.2324312980822,362.3047864904066,374.5089392002176,6139396
2025-03-13,361.79241943359375,371.71410605186315,361.28001450974136,369.8974467928986,7418570
2025-03-17,363.0501403808594,369.2453704091507,359.9292264777005,361.7924552639906,6963936
2025-03-18,363.0501403808594,363.0501403808594,363.0501403808594,363.0501403808594,0
2025-03-19,379.6890869140625,381.4751898073528,374.80080682128215,376.91593546318944,6805771
2025-03-20,378.2320251464844,386.31652291077165,374.23678199378764,381.6632282340877,5519039
2025-03-21,383.3553161621094,386.3165193041368,376.02288144915843,376.96293865278136,7418546
2025-03-24,399.994384765625,402.7205452226128,386.45756526091753,387.0216053836704,11643524
2025-03-25,394.1189880371094,406.9037719197953,392.0038592998798,404.22460311498395,7814328
2025-03-26,385.89349365234375,398.0202262048609,384.1543820358668,396.7041518180002,5336807
2025-03-27,395.76409912109375,397.87922791687157,384.5774236721896,385.42346945284663,7153843
2025-03-28,389.418701171875,402.7675250953195,387.86761250534397,395.71709598538814,8470283
2025-04-01,380.4411926269531,392.66193726488586,377.6210207874302,385.4234847348017,6298784
2025-04-02,390.92279052734375,391.4868305823567,374.98880958663943,383.5433358042407,6384707
2025-04-03,396.0931091308594,398.91328074633253,385.4234541146654,385.4234541146654,5378877
2025-04-04,382.4622802734375,397.31517266359714,379.26609150839585,395.764084010237,6089301
2025-04-07,371.36962890625,372.92074641864383,349.6073079135334,351.581434002539,11041175
2025-04-08,374.6598205566406,388.525665550923,371.4166401268732,376.0229150991838,12900567
2025-04-09,370.24151611328125,375.9288504238636,365.6822331753693,375.9288504238636,6339983
2025-04-11,376.7279357910156,381.0522047966389,374.23678986342645,376.9629500990574,5867624
2025-04-15,400.0413513183594,401.404445806359,383.2613523541198,386.55155272958183,9433755
2025-04-16,398.396240234375,404.6006236532085,395.2940628690931,400.46437760340945,5962450
2025-04-17,398.3022766113281,400.9344254909426,392.00388142959685,397.6442250472889,6171410
2025-04-21,410.0999755859375,412.59112156244436,398.6782857284761,399.5243315163861,7625622
2025-04-22,411.8860778808594,417.47942998729883,404.74163705134015,410.0999748455472,8222555
2025-04-23,407.1387939453125,414.5652403592182,398.1142387576619,413.34317742983916,7558664
2025-04-24,408.1728820800781,410.2880109581544,402.76755272499423,406.6217646188716,6093751
2025-04-25,390.1707763671875,410.52304014852484,386.1285413957486,407.9848739275834,8782826
2025-04-28,394.4010314941406,400.0883954118238,387.5856160215426,390.170773614597,6646961
2025-04-29,388.7136535644531,402.25047155431594,388.14961350481946,395.4350568303926,5520460
2025-04-30,382.97930908203125,390.2647526015515,380.72317747170473,388.7136639124689,5430500
2025-05-02,380.4411926269531,391.5338570537681,379.50113534711215,382.6033128952788,5838633
2025-05-05,385.7994689941406,388.9486663505847,382.60328025302226,385.6114747671743,3849153
2025-05-06,371.6985778808594,387.20952029286104,369.8184636491016,385.7994346190427,5473528
2025-05-07,380.0651550292969,381.38125820031144,368.6904846464846,369.8185361938615,5827411
2025-05-08,366.90435791015625,385.047481270031,363.8021802515374,381.1932405477995,8406346
2025-05-09,362.76806640625,368.1733952863419,358.2558033381766,364.1781522010566,8952332
2025-05-12,389.13671875,390.1237674091001,376.0229083461206,376.96296561698585,6534063
2025-05-13,387.63262939453125,391.3458384782692,384.5304231235648,387.30360360527044,5902455
2025-05-14,381.1932373046875,394.58905390540707,378.98409689954593,388.4786814208683,12063302
2025-05-15,382.6972961425781,384.43640771970416,377.47996141120007,381.00517595067066,9174908
2025-05-16,392.70892333984375,397.83224692096223,383.0733363518524,383.54336498541295,13040115
2025-05-19,394.072021484375,399.0543135707269,392.94394127812444,393.88399855390946,6144525
2025-05-20,381.89825439453125,397.1741845703125,380.7701742293193,395.0120643899716,7787229
2025-05-21,387.961669921875,395.7171428615023,377.66803072669694,382.60333168827793,16780984
2025-05-22,382.227294921875,388.99569010961653,378.84308298386856,388.2436557626246,11486658
2025-05-23,381.4751892089844,385.14143513315423,378.37301201436026,382.6972807464637,6801449
2025-05-26,387.7736511230469,389.70075718665214,382.79135871726004,383.5433931107954,4774997
2025-05-27,388.337646484375,389.74773232586637,383.8253545786407,387.63260356362935,5189625
2025-05-28,387.0685729980469,392.70891650257215,385.70547850914505,388.3376560242192,3574669
2025-05-29,388.7136535644531,390.1707307542601,384.0133675479543,389.183682166103,3763771
2025-05-30,381.61627197265625,390.969824883966,380.2531774139107,387.303607155825,10039873
2025-06-02,384.81243896484375,387.02157922816997,379.87713842876764,381.6632414565506,4041431
2025-06-03,382.8382873535156,390.7817820163914,380.723158694104,385.4234446039077,4671387
2025-06-04,380.5351257324219,385.3294229714574,378.137991457038,383.54332011055686,4366667
2025-06-05,383.4493103027344,387.16254756465474,382.13323601475287,382.60326459533684,3695619
2025-06-06,393.32000732421875,396.2341909789192,379.97120956233044,383.4494047019681,11031104
2025-06-09,405.1647033691406,406.6688008130379,396.0461359247349,397.5502333686322,9586201
2025-06-10,405.5877380371094,408.5018927486576,402.06252312319873,408.5018927486576,4964863
2025-06-11,402.9555358886719,410.0529853640366,399.94736989107963,405.5877134108696,4662364
2025-06-12,390.82879638671875,403.4725777030403,388.9486819122186,401.4044403057821,7636464
2025-06-13,383.9796142578125,385.4911359452501,378.83090341489026,378.83090341489026,7340189
2025-06-16,384.0740966796875,385.68012465254395,375.241029320269,384.16857400110797,4875821
2025-06-17,380.8147888183594,388.7976167614623,379.96455071258396,384.0740396955695,4437622
2025-06-18,375.0992431640625,383.5544576417847,372.40682730160785,380.72031140305234,4637176
2025-06-19,368.76971435546875,376.7997963921275,367.11646217145073,373.44603894914724,5562987
2025-06-20,386.43585205078125,392.0569206378812,375.3826983334642,376.4691153595076,40786410
2025-06-23,388.18359375,391.3011722028038,381.1927048058911,381.94846567482153,5128511
2025-06-24,390.8288269042969,397.53628411344107,390.07303718085706,393.9463766259997,5682297
2025-06-25,390.07305908203125,394.84389008211394,387.852971692324,394.84389008211394,5208380
2025-06-26,397.0166931152344,397.7252297478017,390.7343407392231,392.056936687263,4936949
2025-06-27,398.24481201171875,404.14928395371686,396.166455186393,400.5593765451538,5893639
2025-06-30,403.7713928222656,406.1331815365166,398.9533380791078,400.9372463651644,8309295
2025-07-01,400.2287292480469,405.8970224383804,395.0327938235745,405.8970224383804,5986456
2025-07-02,395.26898193359375,401.6458119215785,393.4740281475064,399.6146792470473,5958682
2025-07-03,392.4820556640625,399.09506398978937,391.91522061291454,396.3081418060617,4471741
2025-07-04,390.4036560058594,396.44982906236925,389.41171632494826,392.7182203685551,4544818
2025-07-07,388.7504577636719,391.7735591253553,387.0972055131581,390.78159047678827,3269596
2025-07-08,396.591552734375,397.67799861650406,388.32529216426474,388.7504256686134,4918959
2025-07-09,394.6549072265625,398.4809935382388,392.3403426777418,396.7805171398115,3945567
2025-07-10,405.7080993652344,408.5422459795065,398.9533602035415,402.2126403421266,26178377
2025-07-11,407.12518310546875,414.11607250040447,404.0548575279929,407.9281682690792,14700458
2025-07-14,401.6930236816406,408.11707725439993,397.81968454346475,406.08594478877956,4986863
2025-07-15,401.5985412597656,406.65277465438834,400.2759454034301,401.69301857030973,3974226
2025-07-16,400.32318115234375,403.2990291222578,398.33927289559165,401.5040754920262,3701435
2025-07-17,400.6538391113281,401.3623757182815,397.0166787628817,400.3231829286642,4052726
2025-07-18,397.2056579589844,403.2518316128807,394.9855706871235,400.653863893357,5218834
2025-07-21,396.591552734375,397.34734242761385,391.34839327636234,395.88301611407985,4051980
2025-07-22,391.7735595703125,400.27599972546864,391.2539487070164,396.9694952206857,3407343
2025-07-23,395.97747802734375,396.7804919318628,388.5614559239603,393.7101666966758,3652329
2025-07-24,398.8116760253906,399.9453462526948,393.2378598737469,395.9775292875618,2781973
2025-07-25,392.15142822265625,399.99255570852677,390.8288322266628,398.81166127809865,4213376
2025-07-28,382.7514953613281,393.9463802792341,382.04295870614965,391.9152476338086,3493261
2025-07-29,387.9001770019531,388.75041515723206,379.161558921262,380.72033367767807,4343591
2025-07-30,389.12835693359375,391.30122015127375,386.0108069292071,387.9947154912862,2147122
2025-07-31,387.2861328125,389.7896231347002,381.05100471332435,384.12133010461855,3924392
2025-08-01,381.5233459472656,386.57757944634443,380.72033203668576,385.5383866697369,2424645
2025-08-04,390.87603759765625,391.49009690574195,380.814823302316,381.6650614850831,3031304
2025-08-05,390.6398620605469,393.4740085809378,387.9946701736871,392.05693532074235,3014252
2025-08-06,392.7654724121094,396.5915586869588,383.0821384560682,390.68708676254346,10816716
2025-08-07,386.3414001464844,393.7573934670848,381.2871666530811,393.7573934670848,8387797
2025-08-08,382.27911376953125,387.0026911763719,381.1454724901466,386.3886318795683,6103086
2025-08-11,395.6468200683594,396.68601283244055,383.03489183884506,383.45999649431394,9713008
2025-08-12,392.7182922363281,401.40965858607973,391.63184621598066,395.8358422300721,6429327
2025-08-13,394.6549072265625,396.44986094277573,392.2931184340636,393.94637058881284,3883695
2025-08-14,393.4740295410156,396.5915793473435,391.01776332641407,395.8358184338188,3680607
2025-08-18,389.5659484863281,400.14625773065563,388.42211711939757,400.14625773065563,6119780
2025-08-19,390.8050842285156,393.8076052773812,387.46894326558925,390.3761401834602,5315976
2025-08-20,384.5140686035156,392.0442095084251,384.1328011695026,390.7574355547362,7517853
2025-08-21,381.51153564453125,389.0416763141881,380.606000064305,385.8008595930644,6814781
2025-08-22,381.1302795410156,383.8468572735299,375.93541985798237,381.51154697443997,6199157
2025-08-25,380.6059875488281,382.4647061676081,379.74812860509843,381.1302556897131,3576487
2025-08-26,370.35931396484375,380.79668144988307,369.50145491826953,379.7481741312514,8672494
2025-08-28,363.8776550292969,371.45547244736844,363.16276769132185,370.64526097989534,6429323
2025-08-29,361.92364501953125,365.64105339770094,358.39685581348994,363.87765879468026,7398515
2025-09-01,371.3125,372.69462726092917,361.9713163742656,362.20961217174704,3520775
2025-09-02,374.2673645019531,377.22223813582013,370.0257168644069,373.5524771270905,4362539
2025-09-03,375.8401184082031,377.3175697990378,373.3618653969698,374.267371969892,3271472
2025-09-04,371.7890625,379.3192323822008,371.0265276432699,378.4136967870986,2108026
2025-09-05,375.9354248046875,377.7464669539139,372.21801637441416,372.21801637441416,2886182
2025-09-08,376.65032958984375,380.1771190085217,375.07758315296826,376.7933012497702,2699778
2025-09-09,374.50567626953125,379.03329650347035,374.1244088044418,376.1737468820351,2829816
2025-09-10,379.36688232421875,382.17878416793695,375.5541498385482,375.6017973590829,4562765
2025-09-11,380.84429931640625,383.89449689874795,378.89028557976985,379.3668771339582,2141209
2025-09-12,377.1745910644531,382.22645021732495,376.31670294251785,381.2732670497007,2713735
2025-09-15,383.0366516113281,385.8008769066651,377.2222286246145,377.2222286246145,4377204
2025-09-16,384.1804504394531,385.3242818355402,381.89281673611976,383.65621135140367,3484057
2025-09-17,385.8485107421875,387.5642577910446,383.89449700501024,385.3242716679712,5034405
2025-09-18,388.8987121582031,392.37782472126213,386.7540501426248,386.9923459221335,4572862
2025-09-19,389.9472351074219,391.2340381863513,387.94554466118063,387.94554466118063,4772377
2025-09-22,389.70892333984375,392.42550104201416,388.0408528845089,388.89871187234166,3096650
2025-09-23,393.5693054199219,395.5709957947235,389.9472211903497,389.9472211903497,4410834
2025-09-24,391.4723205566406,395.3327005722622,390.4238133027556,392.7114469819699,2610791
2025-09-25,386.4204406738281,393.56931425223706,385.08599009029336,391.75827209680835,2866572
2025-09-26,378.6996154785156,387.51655872242446,376.5073060912412,386.03913662519665,4214115
2025-09-29,387.42132568359375,388.5651280773975,379.84350756095597,380.32009916391826,3646754
2025-09-30,391.0434265136719,391.8536380902137,385.56262285138394,387.13536938888035,4126060
2025-10-01,391.9012756347656,406.43731976014845,389.23237425056055,390.80512074799725,13392846
2025-10-03,392.902099609375,395.046761661634,387.37361997691414,391.75826821263394,6422810
2025-10-06,386.8970031738281,394.52246775114463,384.8000178683694,391.13867948049597,3131710
2025-10-07,389.6612548828125,390.3284947144419,386.8970296024808,387.421297781287,1919745
2025-10-08,381.2732849121094,390.32852542877197,379.70053842961556,390.32852542877197,4838089
2025-10-09,383.51324462890625,384.7047235614623,379.46221625821573,381.65452585858236,2638307
2025-10-10,384.9430236816406,389.75658698782144,384.132812180613,385.8485302272727,2216904
2025-10-13,384.2281494140625,385.3719517878857,381.749867304182,383.17964208809275,2604983
2025-10-14,379.36688232421875,385.4672484835235,377.0315720412094,384.1327979313069,6584385
2025-10-15,386.0391540527344,388.13616850040853,379.8434639259621,380.79664702238864,5923684
2025-10-16,382.75067138671875,389.327658206175,382.0357840445031,386.9923479194011,4441896
2025-10-17,377.8894958496094,382.7030594323369,375.0775937400363,382.7030594323369,7566342
2025-10-20,379.3192138671875,382.2264105915126,377.93708678188216,380.22472032925066,4927347
2025-10-21,379.79583740234375,382.70303437162283,378.366062678664,382.2264427970629,661678
2025-10-23,378.032470703125,384.8953724307937,377.0792874835452,384.1328374906672,7783176
2025-10-24,375.17291259765625,378.8426737281854,373.8384619380573,377.8418139168541,3294561
2025-10-27,378.3183288574219,380.79661048812824,375.6494280790223,377.46046997071034,3263341
2025-10-28,376.1260681152344,383.08429331388845,374.83926507470505,378.41370180459734,5914973
2025-10-29,389.6612548828125,391.7582694203556,374.83926873371007,377.65117062421007,10111788
2025-10-30,386.0867919921875,391.8535670357827,383.9421300784426,391.42462301749816,5311440
2025-10-31,384.3711242675781,389.6136318521328,383.65623686968434,386.08684238698623,4200882
2025-11-03,384.5140686035156,387.9455336873141,382.79835060603676,384.3710969518658,3659563
2025-11-04,377.6512145996094,387.087722939701,377.07929883287926,383.6562574281647,5105933
2025-11-06,368.0240478515625,379.31927485063255,367.4044845749982,377.65120421204375,6401150
2025-11-07,362.4479064941406,376.22141516804794,356.6811598540969,368.0240339502805,16021457
2025-11-10,359.635986328125,363.78233879615004,356.7764369141547,360.3032261602544,7558172
2025-11-11,357.44366455078125,360.684481291607,352.2011574707031,360.350861386925,8888268
2025-11-12,357.7296142578125,362.6385306100219,356.15686792337164,358.3968540791343,5333409
2025-11-13,355.4419860839844,359.77898681203544,354.77477534117406,357.4436764900971,5884580
2025-11-14,357.0623779296875,357.8725893435447,353.77388475708295,355.77557498871886,4954031
2025-11-17,358.77813720703125,362.4002506844974,357.920278176972,358.0156023111656,5325450
2025-11-18,357.0623779296875,361.58999743724655,355.6802508655289,361.58999743724655,5223085
2025-11-19,356.1568603515625,359.35002956199,354.58411405055784,357.0623959342705,5830083
2025-11-20,355.29901123046875,358.7781238325295,354.82241966610866,356.68113840264937,4429516
2025-11-21,352.3918151855469,355.96625192699275,351.724575358274,355.2990120997199,3904024
2025-11-24,345.671875,353.5356362484395,345.05231174970953,352.6777772027418,11744103
2025-11-25,344.4803771972656,349.81820854044656,344.09910976321856,346.7680108903887,6113266
2025-11-26,348.9579162597656,351.17262269057477,344.28780574035596,345.6840343464232,5145168
2025-11-27,351.6059265136719,354.0131970353123,348.33204448136627,348.95792893986743,5016640
2025-11-28,349.2467956542969,351.6059029762034,347.6579737078731,350.49856448750245,3452880
2025-12-01,347.56170654296875,352.2799505743207,346.6469320513612,350.6911580128769,3010315
2025-12-02,346.935791015625,349.82451543502447,343.1804551475306,343.1804551475306,4957405
2025-12-03,338.8955078125,348.3801288165004,337.6437096870913,347.6098141128815,7313684
2025-12-04,338.9917907714844,341.49535775233556,337.5955916334727,339.08808746029086,3426935
2025-12-05,339.5695495605469,340.82134777343,335.8623473458776,338.8955314941861,5225025
2025-12-08,329.7479248046875,340.33991500341665,327.48508465783374,340.00289125633185,7187288
2025-12-09,329.7960510253906,331.2404132926551,322.4298093394669,329.122003546417,8160700
2025-12-10,331.0959777832031,336.00681529249624,329.8923425792404,331.8662925594893,7421279
2025-12-11,329.84417724609375,331.721859905469,327.8220936259972,331.33670252000417,4526067
2025-12-12,331.4329833984375,332.20329813261156,327.1961642036097,331.24039002208224,3751220
2025-12-15,328.5442810058594,331.24041214113004,325.1741023939584,331.24041214113004,4861434
2025-12-16,323.68157958984375,328.9775745922782,322.57424105736897,328.2553934555826,8021854
2025-12-17,323.2001037597656,326.1851248011221,321.85203827239866,324.40373890663324,4746519
2025-12-18,322.6223449707031,324.7888881810632,317.6633741663369,322.092757273531,5409972
2025-12-19,326.1369934082031,326.66658112224314,322.62235524650964,323.4889960667553,8110376
2025-12-22,330.66265869140625,331.81816024612874,326.7147293293337,327.72580053612216,5485124
2025-12-23,341.736083984375,343.75819690210034,329.7478955893314,331.72184546995396,9432271
2025-12-24,339.2325439453125,343.7582241973998,338.02890870652607,342.7953160063707,4097578
2025-12-26,341.4472351074219,344.62482024110204,337.45117217093787,339.23252873597465,4086038
2025-12-29,338.51031494140625,342.8915642225168,337.2104125758057,341.44720214018577,3835579
2025-12-30,336.3919372558594,338.94363774242083,335.814186541674,338.5103173603763,3196377
2025-12-31,342.217529296875,345.2506839031441,336.58451109344793,336.58451109344793,4910584
2026-01-01,349.6800537109375,350.45039778502144,343.0359940196807,345.58769448403604,7388994
2026-01-02,362.00531005859375,364.74957462076264,350.065226172455,351.65404803765557,19990998
2026-01-05,361.138671875,364.8458739445593,357.9129532420295,364.1718559045815,6164496
2026-01-06,362.294189453125,367.34945721293604,359.16473798276576,362.0534624169435,6800656
2026-01-07,362.9682312011719,363.6422492605067,358.8277086125836,362.14975341390016,5966190
2026-01-08,351.894775390625,365.4236223833756,349.63193548820146,362.96821849315154,7774241
2026-01-09,345.58770751953125,353.48356560939635,344.3359387571583,350.16152094565024,5369561
2026-01-12,358.00921630859375,359.0202874350347,341.8323721417677,343.9026186593045,8700735
2026-01-13,355.84271240234375,360.99427713277106,352.4244000576741,359.93507223907903,5638105
2026-01-14,358.057373046875,359.4535721222278,353.8687170495719,355.7945331967805,4944952
2026-01-15,358.057373046875,358.057373046875,358.057373046875,358.057373046875,0
2026-01-16,361.42755126953125,365.08659019462465,356.5648478669266,360.0313228086912,6139589
2026-01-19,358.3462219238281,361.860830399716,356.90185986094644,360.12760767850654,4895367
2026-01-20,347.1283874511719,357.5277836982331,344.721117080498,356.9981959709347,4993397
2026-01-21,344.3840637207031,348.765313049742,338.3658883118217,345.7802921698124,6225235
2026-01-22,351.172607421875,352.7613999622209,346.83952082877295,346.83952082877295,3365970
2026-01-23,345.34698486328125,357.33520248597625,344.38407676139803,351.46145718736415,6728741
2026-01-27,348.2357177734375,350.69115112528453,343.3248804553674,344.91370237123124,5750519
2026-01-28,368.8419494628906,369.90115428881813,348.71717531276516,349.00606538472226,12905737
2026-01-29,372.4528503417969,376.25634918311823,368.793811227471,370.71962747408963,11535966
2026-01-30,365.2791748046875,370.19001173896373,362.05342695864965,369.7566913620252,17579735
2026-02-02,371.34552001953125,376.4970844693182,359.5498952503519,368.7938193139357,14731376
2026-02-03,378.0377502441406,389.01489741282296,372.50102831314126,389.01489741282296,10172106
2026-02-04,399.2217102050781,400.47347899985505,375.53416470791564,378.13402837168144,22538378
2026-02-05,399.6068420410156,404.80653965069,390.55551221889766,400.28088943244194,21560718
2026-02-06,403.651123046875,404.80659523790206,390.8444265505379,397.5847838478861,10129279
2026-02-09,399.7994384765625,414.43562336488867,390.4592185354003,409.23592571527774,19537837
2026-02-10,397.9217834472656,403.0251847656609,392.96281247078264,400.5697807962795,8675871
2026-02-11,400.42535400390625,401.5326924825486,397.00701249168503,397.921786974612,3387714
2026-02-12,395.3219299316406,405.3843318712944,392.96282259131794,402.49560741615454,6977349
2026-02-13,385.69281005859375,392.8664868297085,384.58547167136965,392.33689915318183,7060981
2026-02-16,396.5255432128906,397.9217717099819,382.5152421337939,385.259536091677,4725398
2026-02-17,401.48455810546875,402.4955998916167,394.11828737407257,395.75524295563264,5584350
2026-02-18,404.8547668457031,408.27307922172884,402.15860623833476,403.45853819317074,5455712
2026-02-19,394.3590087890625,405.62504554723523,391.90360483732877,405.1435914872385,4478620
2026-02-20,398.7834777832031,399.6586367460955,393.58110273231665,393.82420409286783,7321729
2026-02-23,400.4365539550781,405.9792769112356,396.3524688548994,401.1172496428376,9008749
2026-02-24,407.82684326171875,408.6533938363368,396.0121228788773,399.61003494464575,8723019
2026-02-25,411.9109191894531,413.5153821091061,405.4930378353845,409.3826593014313,7232299
2026-02-26,408.9937438964844,415.1198864465496,405.34722340824084,412.2026700559548,5228533
2026-02-27,402.38134765625,410.4036923060641,399.2696681428091,408.41027308144504,6922370
2026-03-02,394.9910888671875,398.5889710739484,387.6980483022502,388.9621634633228,6388337
2026-03-04,385.60736083984375,392.8517931530727,380.21052258131544,388.96217143868586,10651800
2026-03-05,402.2355041503906,404.3748079876673,386.1422059953966,387.0173649559338,9973521
2026-03-06,396.5955505371094,413.4181521807546,394.5534932506282,402.575837845373,8236742
2026-03-09,381.9608459472656,388.57322076160074,373.64679128399916,384.10014979096854,9226515
2026-03-10,400.7768859863281,403.45100087843997,385.5101387711826,387.01735529473507,10244278
2026-03-11,395.6717529296875,405.4444450445986,394.26178289924354,398.78346209249116,5629884
2026-03-12,404.42340087890625,409.72302219159064,387.0173501129385,392.75453605138046,8640995
2026-03-13,394.40765380859375,406.708576733462,390.9555966789817,402.8675633615517,11202358
2026-03-16,395.03973388671875,398.6862545072115,385.6073886781931,393.046314484367,6317752
2026-03-17,406.5140686035156,407.77821343813093,393.14349425472153,395.6717542484942,8563553
2026-03-18,420.3222351074219,422.94774156358545,406.951660826966,409.3340659325758,15012423
2026-03-19,400.48516845703125,414.8767564540928,397.81105361683376,411.32748269219496,6730692
2026-03-20,401.4576110839844,416.67575101441287,399.70726340280163,403.54827694511397,12199222
2026-03-23,390.0881652832031,394.9397762881536,378.71875548874493,394.9397762881536,10830695
2026-03-24,390.8232727050781,401.5065862777161,387.68687334846834,400.3304589521782,12403753
2026-03-25,395.4298400878906,401.0655359900105,392.881519436922,394.15566480694633,9329612
2026-03-27,388.1279296875,395.91990387665504,386.9027783942945,394.0086558948864,9033117
2026-03-30,371.9559326171875,387.0988145655755,355.9309477198756,384.01140937796146,9142669
2026-04-01,389.7941589355469,392.1464435058666,379.4048696798035,385.1875779725248,10351420
2026-04-02,394.2536926269531,395.91991037743907,374.6512716138044,383.27632489522153,9147188
2026-04-06,397.83111572265625,399.44830942219926,390.92127450146336,394.5967283235702,7162794
2026-04-07,399.3013000488281,401.016511844494,394.3517008314175,396.94901556838465,5054496
2026-04-08,409.3475341796875,417.335514435548,405.5250682197397,414.59118756966745,14645774
2026-04-09,419.5408020019531,424.1963769729613,405.23105865138047,410.2296520599369,11760659
2026-04-10,426.254638671875,430.0771047847721,417.92360974669793,422.4321725589779,10459717
2026-04-13,424.93145751953125,425.5685601131606,411.6998237102068,413.6600657560326,8965276
2026-04-15,435.9088439941406,437.62405585921033,429.2930268003004,430.07711168853524,13577979
2026-04-16,449.77752685546875,457.7165130424576,437.6240322772106,438.8981776296633,23065922
2026-04-17,455.6092529296875,457.91254326236424,446.3961215098996,450.85566009648636,10255394
2026-04-20,463.4502258300781,465.75351618710084,447.5232594083201,455.6092577455203,10992233
2026-04-21,461.73504638671875,469.477996930104,460.0198344981432,464.5773915341739,5478143
2026-04-22,460.9508972167969,466.29256866455256,459.578733790404,459.6767518732005,5219754
2026-04-23,460.4608459472656,462.91114851171665,456.8344160984301,458.20657955233867,6711033
2026-04-24,460.0198059082031,461.78401177672504,453.10993478283285,460.2158121653057,8149142
2026-04-27,465.45947265625,468.8409021849529,461.5880125218971,461.637006609186,6021520
2026-04-28,471.83026123046875,476.82888450136187,460.8529235626011,462.27408111970146,10746434
2026-04-29,455.5112609863281,468.39984689649515,452.7179099932541,467.517743927872,10926068
2026-04-30,439.48626708984375,455.46225794244873,438.11410361997423,454.7761612520538,9436314
2026-05-01,439.48626708984375,439.48626708984375,439.48626708984375,439.48626708984375,0
2026-05-04,439.3392639160156,447.0822142861717,437.18298562567907,443.3577662329587,8092056
2026-05-05,447.8172912597656,451.10070268244107,435.17373599349014,439.3392503582927,7671690
2026-05-06,454.67816162109375,455.6092886085775,445.5630475697036,450.1695986848782,5229630
2026-05-07,448.4543762207031,458.1085745832238,446.9352005516175,455.2172354209445,3830694
2026-05-08,452.1788330078125,457.96154097263457,446.4941132150516,448.8954216489388,8789899
2026-05-11,439.58428955078125,450.3166269790984,438.50615041696756,447.91531844973696,5034155
2026-05-12,431.9393615722656,447.71928665348383,430.7142102516169,439.0942333204855,4928790
2026-05-13,437.13397216796875,444.87692219503805,428.4109011270699,431.3022401713152,12771382
2026-05-14,442.47564697265625,443.9458285044149,430.37114637899293,440.80942927229523,6275043
2026-05-15,436.8889465332031,443.35775127504866,434.1936137166775,442.4756483354606,3410695
2026-05-18,421.2560119628906,434.97770655335506,418.90372744385223,434.97770655335506,4593536
2026-05-19,423.0202331542969,425.8135840100686,417.6295676087764,421.1580092207555,3990614
2026-05-20,420.8149719238281,423.85335311136697,413.9541246859301,421.4520446137346,4861888
2026-05-21,422.4321594238281,432.87044229979676,421.4520384042833,426.7446859276415,6959709
2026-05-22,421.9911193847656,425.56858525851356,420.177919313977,423.4123069163303,3609645
2026-05-25,430.17510986328125,434.83068471009364,426.5486800344214,429.29300692712184,4616153
2026-05-26,425.0784912109375,432.1353444900611,421.9910861209692,431.5472659057376,4643484
2026-05-27,424.8824768066406,426.9897310900488,420.7169623281442,423.41229522599485,3288554
2026-05-28,424.8824768066406,424.8824768066406,424.8824768066406,424.8824768066406,0
2026-05-29,420.07989501953125,430.51817839396796,416.69846537625733,427.28379083938347,16317068
2026-06-01,412.7289733886719,423.31426859122394,411.699828356447,422.4321656428313,2620603
2026-06-02,404.8389892578125,409.69060043789267,401.60460174503953,407.82837641808646,6066023
2026-06-03,408.31842041015625,410.2296384408838,400.3304401283268,404.7899787776106,5373519
2026-06-04,416.01239013671875,420.3739108469386,407.7303553297157,407.7303553297157,6886255
2026-06-05,423.167236328125,429.78305299335915,416.6984318288234,416.6984318288234,10804549
2026-06-08,419.88385009765625,426.7446974192223,416.747480697207,417.727601743145,6618546
2026-06-09,426.9407043457031,429.2929887126297,421.1579965529907,421.74604521153344,5861502
2026-06-10,422.7261962890625,431.8903340754886,421.3540328032318,426.94073474451767,4359935
2026-06-11,405.32904052734375,421.3540253711878,404.2999254088529,421.3540253711878,9264298
2026-06-12,412.6799621582031,413.21904669011957,405.9661567965004,409.7886229650774,5544060
2026-06-15,416.0613708496094,425.0784961515895,414.78722549453204,418.0216128795251,5820085
2026-06-16,419.0017395019531,425.32353209740324,416.404424759739,418.02161847387833,5312213
2026-06-17,423.167236328125,424.88244805614863,416.6494377438188,420.4719036126592,6800575
2026-06-18,420.76593017578125,427.96982545386555,414.2481315569122,423.5102869017233,4496589
2026-06-19,422.4321594238281,423.412280443373,417.1885059870793,420.76594172623396,3496218
2026-06-22,432.18438720703125,435.957829305473,421.99110439968337,424.3924129268014,10050117
2026-06-23,422.33416748046875,434.1936385331987,421.10901613020576,434.1936385331987,6123525
2026-06-24,428.4109191894531,430.27314321205915,421.59906589177314,422.43217477083715,5505436
2026-06-25,424.0493469238281,433.9485750586775,423.1182499154261,431.2532422943379,8674187
2026-06-26,424.0493469238281,424.0493469238281,424.0493469238281,424.0493469238281,0
2026-06-29,416.01239013671875,423.85335850844405,413.807117782171,421.55006806706564,8257412
2026-06-30,415.8653564453125,420.0308709768731,414.3951748459382,416.99251960023645,7095981
2026-07-01,422.1871337890625,425.1764909670198,414.88522014917845,417.92360132520133,4626021
2026-07-02,421.50103759765625,423.75533391647355,419.0017409319042,423.75533391647355,3255339
2026-07-03,417.33551025390625,424.3923934253467,415.37526825194163,424.3923934253467,3916062
2026-07-06,412.7289733886719,419.29576636974616,411.65083426911633,414.10113685405156,6277060
2026-07-07,404.9369812011719,414.0521243584341,403.1237513867499,412.72895503921166,5865910
2026-07-08,395.57684326171875,407.63231964853605,394.00864367287664,400.7714726194063,6394399
2026-07-09,396.0669250488281,398.1741793388372,391.0683016767902,395.5278405210168,6397782
2026-07-10,398.4192199707031,401.65360757805234,396.1649534456927,398.2231837898667,3420598
2026-07-13,397.0470275878906,397.92913051571696,391.9994103627939,394.9887674823496,4979432
2026-07-14,401.0165100097656,401.800624773606,392.19542081527084,396.9490137522659,4321273
2026-07-15,397.5860900878906,404.6429734727062,396.60596905727294,404.54495538746045,6011087
2026-07-16,393.37158203125,400.4774595106463,392.8324975172954,399.3503263064434,3414601
2026-07-17,396.802001953125,399.4483107674019,391.8033787560422,394.00865105673284,12783074
2026-07-20,405.62310791015625,406.7502411504371,393.469612710978,395.23381866003314,4574238
2026-07-21,406.60321044921875,410.033634013482,401.8986116145344,406.65220453576893,5594822
2026-07-22,404.1039123535156,406.0641545282325,400.96754282052177,405.7701301663937,2654166
2026-07-23,401.89862060546875,405.4270623326874,398.90926339696045,401.84962651782257,4168118
2026-07-24,403.71185302734375,405.91712538172936,397.2430481389618,397.9291448358056,4851080
2026-07-27,411.74884033203125,412.3369189174284,402.82973320111233,404.0058903719067,4447916
2026-07-28,411.5528259277344,415.08126771576684,409.00450519688195,411.65084401563655,4699114
2026-07-29,418.60968017578125,422.82418846201654,410.768712267683,411.55279709412525,6586258
2026-07-30,417.776611328125,420.5699623948493,414.9832602614007,418.6097202302598,7767894
2026-07-31,419.80462646484375,422.52517013439353,415.84747203640774,419.1615949083614,10382221
2026-08-03,416.98516845703125,424.65215554016766,412.83014402602174,420.94232308058554,5985708
2026-08-04,415.501220703125,417.281928144147,411.79138837541853,415.501220703125,8639728
2026-08-05,413.52264404296875,419.45837577564293,409.96119896522566,417.578733431768,5129023
2026-08-06,413.52264404296875,413.52264404296875,408.5267485775784,411.54406679874404,3704243
2026-08-07,415.501220703125,416.63889657881646,410.0601332891555,412.5333548409598,4422078
2026-08-10,381.0245056152344,410.20851987922117,379.0954109223695,407.68584597674686,27986683
2026-08-11,376.9189758300781,382.854707732914,376.07807443903766,381.86541908244135,10884187
2026-08-12,372.4671630859375,377.5619934087355,371.2800046731316,376.9189618479208,12028949
2026-08-13,374.89093017578125,374.89093017578125,369.9939394886254,373.85215902269454,8785489
2026-08-14,371.9725341796875,375.7318189913962,370.9337931684952,372.9123704779616,5851335
2026-08-17,370.3896484375,372.9618048539415,368.1637490716608,371.9725162469019,7164194
2026-08-18,370.43914794921875,372.5166299666015,369.5982465565814,370.98324463173446,7433916
2026-08-19,370.43914794921875,372.36824270688754,367.17447728204326,370.9337922753944,7426828
2026-08-20,359.9031982421875,371.08217808447245,359.309649205652,370.43914650109656,13375984
2026-08-21,359.1117858886719,361.0409108643515,357.72678779390674,359.9032047454822,9594279
2026-08-24,360.10107421875,361.83232938326324,357.3310780318065,359.1117855533139,6817108
2026-08-25,363.0689392089844,363.0689392089844,358.2214307999188,360.10107322090005,6349108
2026-08-26,360.1999816894531,365.1958769931246,359.4580152468866,362.8710427682777,4908282
2026-08-27,355.8500061035156,362.29998779296875,352.3500061035156,361.75,12745960
2026-08-28,352.0,356.0,350.20001220703125,356.0,6299577
2026-08-31,336.29998779296875,352.29998779296875,336.29998779296875,352.0,13232527
2026-09-01,345.79998779296875,347.75,343.20001220703125,343.29998779296875,8352858
2026-09-02,346.5,347.29998779296875,340.5,343.3999938964844,11746142
2026-09-03,345.5,351.75,343.29998779296875,349.20001220703125,8643025
2026-09-04,355.6000061035156,357.70001220703125,344.0,344.8999938964844,19206290
2026-09-07,353.1000061035156,359.1499938964844,353.0,355.75,6560499
2026-09-08,355.8999938964844,356.5,351.1499938964844,352.04998779296875,6879445
2026-09-09,351.3999938964844,355.29998779296875,350.1000061035156,354.3500061035156,5426791
2026-09-10,352.79998779296875,354.75,349.29998779296875,350.0,7286720
2026-09-11,353.45001220703125,353.45001220703125,348.0,348.0,6198609
2026-09-14,353.45001220703125,353.45001220703125,353.45001220703125,353.45001220703125,0
2026-09-15,344.0,353.29998779296875,344.0,352.45001220703125,7488255
2026-09-16,346.0,349.1000061035156,343.6499938964844,344.0,6079360
2026-09-17,344.95001220703125,348.5,344.75,346.1000061035156,6259408
2026-09-18,342.54998779296875,347.1000061035156,342.54998779296875,345.0,11369930
2026-09-21,344.75,348.04998779296875,342.6000061035156,342.6000061035156,9174012
2026-09-22,345.79998779296875,346.5,343.1000061035156,345.20001220703125,7604431
2026-09-23,346.0,349.95001220703125,344.54998779296875,345.54998779296875,11150266
2026-09-24,339.3500061035156,345.1000061035156,338.0,343.8500061035156,7953489
2026-09-25,338.0,340.04998779296875,336.29998779296875,340.0,8623661
2026-09-28,330.0,338.54998779296875,329.04998779296875,338.29998779296875,10003097
2026-09-29,324.1000061035156,330.6000061035156,320.79998779296875,330.25,13111275
2026-09-30,325.5,332.5,325.0,325.8500061035156,9986223
2026-10-01,318.0,326.5,313.3500061035156,325.8500061035156,9777829
2026-10-02,318.0,318.0,318.0,318.0,0
2026-10-05,322.0,323.3500061035156,317.70001220703125,320.1000061035156,11353503
2026-10-06,322.6000061035156,327.25,322.29998779296875,322.29998779296875,7472995
2026-10-07,325.54998779296875,332.25,321.95001220703125,322.8999938964844,15836326
