Date,Close,High,Low,Open,Volume
2020-10-08,47.022369384765625,48.32788698662517,46.7375311124198,47.378419639818226,14916115
2020-10-09,46.547630310058594,47.75820007091697,46.310263500900476,47.18852359232957,7660217
2020-10-12,45.4794807434082,47.02236503939027,45.337061620396355,46.761262508995195,7783750
2020-10-13,43.96033477783203,45.71685027743018,43.58054881746391,45.574431145947194,13512169
2020-10-14,45.31332778930664,45.455746918241566,43.65176001683828,43.86539112486087,11244289
2020-10-15,44.36385726928711,45.95421294718468,44.197697606561654,45.28958878400304,7198009
2020-10-16,44.624969482421875,45.028491210938824,44.29265491404498,44.482550332900665,4781086
2020-10-19,45.57442855834961,45.76432394237216,44.43506591269478,44.76738042011412,5280513
2020-10-20,46.2628059387207,46.45269654542564,45.05223581497614,45.47949330199341,6025965
2020-10-21,47.1647834777832,47.402150289104185,45.97794942117829,46.239056777023485,7319405
2020-10-22,48.1142578125,48.375365206818266,46.6188495783798,46.69005673472409,9987778
2020-10-23,47.63951873779297,48.375359741570946,47.330944770014106,48.04304522845191,5853462
2020-10-26,46.903682708740234,47.876885705775834,46.618844456177726,47.47336404310556,8789866
2020-10-27,48.517765045166016,48.68391983976948,46.57135478240539,46.71377869691,11456062
2020-10-28,47.85315704345703,48.85010073286218,47.568318748907586,48.32789075386681,6461711
2020-10-29,47.63951873779297,47.92436181871228,47.141049382734565,47.23599707637434,7758706
2020-10-30,48.82636260986328,50.06067321579944,47.75821170837072,47.94810713366591,16367433
2020-11-02,49.51471710205078,49.775819635122616,48.517778401507314,49.134931160379,7974297
2020-11-03,49.752098083496094,50.155624685162664,49.20615714605304,49.799574357996555,4952010
2020-11-04,49.65713119506836,49.98944567132487,48.826347419046975,49.84702656128344,4658461
2020-11-05,51.55607604980469,52.12575743533793,49.77582473828876,50.13187500059195,10736899
2020-11-06,51.34244155883789,51.86464659514797,50.749024549740085,51.651015506024756,8387701
2020-11-09,51.864654541015625,53.02775302288654,51.03387060099936,52.624226497334206,12516621
2020-11-10,53.1226921081543,53.312582651813045,51.46112449763058,52.22069633074545,12143223
2020-11-11,55.30648422241211,55.49637966216855,53.12271081142125,53.33633714459519,18426701
2020-11-12,56.303409576416016,56.70693608089028,53.73985073581691,55.09283972147418,18960491
2020-11-13,57.7035026550293,58.00351882119997,55.67837573037667,57.003458151868934,16473946
2020-11-14,57.15346145629883,58.003513971470824,56.85344531521279,57.85350590092781,1334951
2020-11-17,57.75349426269531,57.92850281674184,56.02838887130065,57.153456941353156,10417371
2020-11-18,58.153526306152344,58.428541970075415,57.00345756556491,57.25347273032616,9910611
2020-11-19,57.2034797668457,59.003587171342495,56.60344226982268,57.50349597207108,14731539
2020-11-20,56.778446197509766,58.12852918294413,56.20341433710547,57.47849073412665,12541334
2020-11-23,57.778499603271484,58.50354454875404,56.80343951014467,56.80343951014467,8155387
2020-11-24,58.478546142578125,58.8285683791116,57.67849458956286,58.1535244043889,9066191
2020-11-25,58.42854309082031,59.67861893860485,57.90351225206514,58.75356484587295,11048546
2020-11-26,60.95369338989258,61.278710021140434,58.853565188885916,58.92856667921801,21155693
2020-11-27,60.72868347167969,61.80374560933653,59.078584430538605,61.30371528859248,26353414
2020-12-01,60.40365982055664,60.978696705876814,59.50360628896223,60.75368205133538,10557455
2020-12-02,60.80367660522461,61.40371392490573,60.128637799690075,60.728675119371196,7670309
2020-12-03,63.22882843017578,63.603851131319686,61.10369979036035,61.10369979036035,12115450
2020-12-04,63.62886047363281,64.12889081134308,62.52879271335588,63.77886855763157,12172490
2020-12-07,65.20396423339844,65.45397942587839,63.453857886038826,63.628866486145945,7011409
2020-12-08,63.978878021240234,65.87899214745798,63.52884871577521,65.47896892402865,8517454
2020-12-09,67.9291000366211,69.17917552560249,64.12887258474572,64.12887258474572,26954877
2020-12-10,65.97901916503906,66.97908006913492,62.75382173201535,66.97908006913492,23021454
2020-12-11,68.07913208007812,68.65416391283782,65.35396573960773,65.50397382265062,13396730
2020-12-14,69.75422668457031,70.30425797863735,68.00412063872088,68.12912821342441,12616362
2020-12-15,70.8792953491211,71.45433223137915,68.35414333988817,69.72922667117624,13873190
2020-12-16,70.67929077148438,71.75435810171375,70.30426799394928,71.00431254664358,8115225
2020-12-17,68.87916564941406,70.9042871067288,68.50414296892724,70.4042568660797,8571951
2020-12-18,68.87916564941406,69.50420345022545,67.4290759169034,68.95417222013968,10625821
2020-12-21,64.97893524169922,68.87917036867285,63.10382171079161,68.02911788401387,7838854
2020-12-22,65.5789794921875,65.90399615314898,62.65379902410489,64.60391933615996,9535773
2020-12-23,65.97901916503906,66.82907195083511,64.50392831418311,66.22903439106304,5673831
2020-12-24,66.95407104492188,67.80411863598901,66.25402646649607,66.25402646649607,5291482
2020-12-28,67.75409698486328,68.32913379094977,67.1790601787768,67.50408186683795,4608702
2020-12-29,67.57908630371094,68.5541411639752,66.97904902207647,68.07911652397792,3553030
2020-12-30,66.30402374267578,67.72911332150666,65.67898579228641,67.55409964345452,6159635
2020-12-31,66.95407104492188,67.50410243756204,66.00401127228288,66.30402747070985,6206486
2021-01-01,67.35406494140625,67.75408806024129,67.00404280496187,67.00404280496187,2896781
2021-01-04,68.70416259765625,68.85417066454079,67.10406468222203,68.22913281371267,5187391
2021-01-05,69.55420684814453,69.8292275592813,67.8541070230099,68.1541231431599,7813811
2021-01-06,70.529296875,71.20434106238955,69.30422120446902,69.77925116894914,9539782
2021-01-07,71.52933502197266,72.32938657208297,70.95430321585759,71.25431936804186,6912098
2021-01-08,72.3793716430664,73.10441645231445,71.70433290589388,72.40437213581905,8456626
2021-01-11,71.02930450439453,72.82941667198783,70.40426661701589,72.40438785662755,6668233
2021-01-12,72.20438385009766,72.40439293614762,70.52927914246335,70.6042857288394,7775655
2021-01-13,71.6793441772461,73.00442655691457,70.15425272196731,72.82941797993409,7355049
2021-01-14,71.77935028076172,72.80441140319705,71.00430431436288,71.85435686220121,4735299
2021-01-15,72.70439910888672,73.95447471195169,71.67933304511693,71.75433961592908,12191305
2021-01-18,70.45427703857422,72.75441457114322,69.67922594123942,72.50439940079563,8744059
2021-01-19,73.75447082519531,74.00448598053495,70.3542657298904,70.45427280934054,9159091
2021-01-20,73.00442504882812,73.70446951543173,72.0043644317209,73.67946393074698,5585629
2021-01-21,71.25432586669922,74.20450700738778,70.85430259844615,73.10443920476297,6535347
2021-01-22,70.05423736572266,72.004357413637,69.40419904527482,71.40432008454252,5484174
2021-01-25,68.90416717529297,71.42931891104607,68.50414399410141,71.05429622494697,4522517
2021-01-27,68.2791519165039,69.62923504968298,67.02907588329596,68.70418081973806,8409242
2021-01-28,69.10419464111328,69.47921739956371,66.07901207359417,66.07901207359417,9887235
2021-01-29,66.2540054321289,69.35419387343697,65.62896764503336,69.07917826442903,8087543
2021-02-01,68.97918701171875,69.45421685610583,65.75399027375266,67.05406713427043,11068062
2021-02-02,71.85435485839844,72.22937758199491,69.554212435064,69.554212435064,7647873
2021-02-03,74.20449829101562,74.804530579627,71.12930992231179,72.22937759571802,9399401
2021-02-04,76.1046142578125,76.45463649239582,73.30444146771733,74.22950059387118,12474962
2021-02-05,73.80448150634766,77.50470832555116,73.27945062855349,77.25469313740422,9483531
2021-02-08,74.55451965332031,74.75453381856715,73.35444992155378,73.95448733072281,4491135
2021-02-09,73.27943420410156,75.15454769492591,72.80440443577855,73.8294705466859,8336106
2021-02-10,73.4044418334961,74.32950087504352,72.70440251492681,73.10442570933367,5329331
2021-02-11,73.0294189453125,73.97947848031052,72.75440331778282,73.35444065111994,2171102
2021-02-12,73.65447235107422,74.30451081358947,72.60441061059359,73.4544632553775,6075838
2021-02-15,76.37962341308594,76.95466025573425,74.00447964082957,74.10448671171245,10226555
2021-02-16,76.85466003417969,78.15473681180781,76.25462264197772,76.97966761228129,7058930
2021-02-17,75.85462188720703,77.62972900494927,75.57960615120295,76.72967519322096,6647854
2021-02-18,77.07967376708984,78.50475810571798,75.90459949509332,76.00460657368875,8863614
2021-02-19,72.85442352294922,77.0796810273783,71.75435572792452,76.979673939363,10137479
2021-02-22,69.75422668457031,72.80440947270797,69.02918173397559,72.67940189800444,13106886
2021-02-23,69.82923889160156,71.20432232415921,69.30420296627678,70.00424747566205,9144262
2021-02-24,69.12920379638672,70.82930921551991,65.65399144898264,69.82924840110564,5897313
2021-02-25,71.77935028076172,72.25438009454533,68.60415983372687,70.25425884625342,19742653
2021-02-26,67.75409698486328,71.17930206718201,67.2040657598358,71.17930206718201,13511854
2021-03-01,69.47920227050781,69.95423201175524,68.15412011122349,68.2791276701533,6590665
2021-03-02,70.00424194335938,71.15431061511461,69.2041954986352,69.80422778889272,10524489
2021-03-03,73.12944030761719,73.42945648963507,70.10425764041133,71.40433454458467,18320162
2021-03-04,72.87942504882812,75.37957685153235,72.05437291930699,72.37939468828728,20051770
2021-03-05,71.52933502197266,73.50445576913792,70.95430321585759,72.97942495952978,11641462
2021-03-08,73.22942352294922,73.77945470618523,71.85434047828895,72.22936312683265,4682339
2021-03-09,73.80448150634766,75.15456453965552,72.75441975075933,73.60447240777332,12257342
2021-03-10,75.60459899902344,75.90461521035365,74.25451587489273,74.25451587489273,14928127
2021-03-12,75.52957916259766,77.22968429296739,74.72953268158335,75.6795872419664,12750971
2021-03-15,76.35462188720703,76.6796385049792,74.70452304289287,75.87959212184835,10226166
2021-03-16,77.25467681884766,77.72970659330039,76.50463141283943,76.87965411584354,8816213
2021-03-17,75.57958984375,77.2546894906334,75.25456807987267,77.05467531492862,7425175
2021-03-18,73.04562377929688,76.76901237981114,72.29577384590444,76.30358683202515,11527619
2021-03-19,74.02818298339844,74.70046020681578,71.13221187089081,72.45091051309231,18132675
2021-03-22,71.9854736328125,73.82130898630852,71.75276092364489,72.91631920889319,6616306
2021-03-23,72.1664810180664,72.96804246834016,71.59763231415357,72.03719674348707,8543250
2021-03-24,69.91692352294922,72.4250358712543,69.78763927281824,71.62347457256017,5751695
2021-03-25,67.61569213867188,70.07209395632917,66.73655780444457,69.94280965013668,7541933
2021-03-26,67.90009307861328,69.08950723213641,67.56395715511222,68.23623426270441,4180362
2021-03-30,66.47795867919922,68.83093091978839,66.0901059386431,68.26208233787521,6930230
2021-03-31,67.8225326538086,68.39138135860422,66.55554570884676,66.71068578646461,6047163
2021-04-01,68.64994812011719,68.8309439958587,67.79666982455751,68.36552377512746,4777317
2021-04-05,67.33125305175781,68.70166324255426,66.29697882749299,68.70166324255426,6240833
2021-04-06,68.21037292480469,69.08950162304235,67.1760989169113,67.82252017184466,5397027
2021-04-07,69.24466705322266,69.4256629529604,67.84839568473204,68.28796016157577,4770471
2021-04-08,68.39138793945312,70.07208367331492,68.05524668844431,69.73594242230611,4603399
2021-04-09,68.31381225585938,69.08951794503533,67.7449635213667,68.262100647484,2847083
2021-04-12,64.6679916381836,67.46053401053358,63.16829724314344,67.46053401053358,12192874
2021-04-13,67.74495697021484,68.13280977729623,64.87484724993068,64.97827571727046,9417731
2021-04-15,66.2452392578125,68.3137869974549,65.41782226619111,67.61565423956117,8427582
2021-04-16,65.7281265258789,66.7106891682523,65.52127483209931,66.19355204291702,3341110
2021-04-19,64.92656707763672,65.15927984348164,64.17671717017686,64.64214270186672,6921966
2021-04-20,64.95240783691406,66.19353879352866,64.61627192908206,65.6764017717042,4404886
2021-04-22,64.82315063476562,65.055863443825,64.15087327794345,64.56458201594232,4143543
2021-04-23,65.34026336669922,65.77983301019448,64.64213046194622,64.64213046194622,3347490
2021-04-26,66.34868621826172,66.555543154206,65.18512778990353,65.18512778990353,3400381
2021-04-27,66.2452392578125,66.58138036973996,65.41782226619111,66.19352766855701,3374749
2021-04-28,66.47795867919922,67.07266831895437,66.21939018549514,66.65895978114575,2983185
2021-04-29,66.11597442626953,68.7533767246307,65.88326694574131,67.02096432793856,7664217
2021-04-30,66.2452392578125,67.74493847328881,65.2109653879913,65.28853803246346,5363241
2021-05-03,65.85740661621094,66.78825759105011,65.21098525067848,65.93497928431104,3549053
2021-05-04,66.8140869140625,68.49478179836065,66.19352159697318,66.19352159697318,5822227
2021-05-05,67.2536849975586,67.69325472940135,66.6072635630173,67.22782919229516,2473310
2021-05-06,67.5381088256836,67.84839426808686,67.04683274791276,67.30540131961996,3265194
2021-05-07,67.84838104248047,68.46894654572984,67.33124399987099,68.15866116381014,3224213
2021-05-10,70.07206726074219,70.48577583082786,68.10694760739285,68.26208766360125,6290865
2021-05-11,73.12318420410156,73.69203287999167,69.39979622752075,69.78764903215229,13385611
2021-05-12,72.19233703613281,74.93316787386,71.67519993627343,73.51104084924671,7197162
2021-05-14,71.88204193115234,73.3300244575037,71.28733228575952,72.50260737404278,5703522
2021-05-17,73.20075225830078,73.43346499526301,71.77862529536435,72.37333503864666,4477087
2021-05-18,73.562744140625,74.64872982335076,72.9938954993096,73.89888532177775,4300410
2021-05-19,73.33003997802734,74.80388387440934,72.91633134873422,73.48518005643844,4196443
2021-05-20,72.8387451171875,73.66616748230436,72.14061226402953,73.66616748230436,3467543
2021-05-21,74.57115936279297,75.32100909417916,72.83874718881938,73.35588420900437,6560429
2021-05-24,74.77803039550781,75.57959719301674,73.87304037562848,74.6746071731374,4465123
2021-05-25,74.0023193359375,75.32102319271512,73.82132344923,74.98488196244028,4073778
2021-05-26,73.12318420410156,74.36431002256826,73.01975573741508,74.20916995283372,2903771
2021-05-27,73.87303924560547,74.20918049494094,72.39920048286922,73.43347477548163,6979478
2021-05-28,75.57959747314453,76.20015785203175,73.53690465429905,73.58861626567592,7638201
2021-05-31,75.4502944946289,76.5362801492677,74.62287209341802,76.5362801492677,9579194
2021-06-01,75.21756744384766,76.27769709714786,74.31257781727132,75.45028011422792,3494014
2021-06-02,76.6914291381836,76.87243027543207,75.19173473855761,75.39858641751094,4559409
2021-06-03,76.61386108398438,77.31199404301286,76.17429140631532,76.82071276119001,2979169
2021-06-04,77.90669250488281,78.94096652281374,76.3294204190664,76.3294204190664,6386461
2021-06-07,79.43225860595703,79.74254403071068,77.98427573887895,78.42384544213226,4852483
2021-06-08,79.97525787353516,81.03538791955512,79.25126379983864,80.05282528533711,9926473
2021-06-09,84.78462219238281,86.77559777274581,78.99268605779471,79.97524857780697,32299617
2021-06-10,84.44847869873047,85.30175693027147,82.94878441921519,85.30175693027147,11713290
2021-06-11,83.46592712402344,85.12076157765344,83.18149752050225,84.9139099012449,6754807
2021-06-14,81.91452026367188,83.36250311841245,79.8459718253023,83.2849304477373,7924445
2021-06-15,80.8802490234375,82.27651506229114,80.67339206774538,82.06966336718993,7790191
2021-06-16,80.69924926757812,82.71608620838497,80.36311328450432,81.16467479563848,8444833
2021-06-17,77.7257080078125,80.33724940913845,77.18271508446209,79.89768496180497,6013909
2021-06-18,76.04499816894531,78.65653908259661,74.98486832406785,78.08769046161548,7562706
2021-06-21,76.38114929199219,76.97585378950285,74.9073054282334,74.98487809601721,2608525
2021-06-22,74.98487854003906,77.05342691355739,74.88145006924503,76.74314676176586,3751027
2021-06-23,74.95902252197266,75.70887235733525,74.54531390057656,75.4761596138654,4077458
2021-06-24,73.09732818603516,75.2434492906579,72.65776374802361,75.06245340690978,9371995
2021-06-25,74.131591796875,74.77801309004828,73.38174730526596,73.82131168038781,4993877
2021-06-28,73.71788787841797,75.03658634768095,73.58860361161591,74.39016501367064,3869739
2021-06-29,73.95059204101562,74.72629755193537,73.56273928555576,73.82130778919567,4610966
2021-06-30,76.82071685791016,78.0618480296932,73.4593256333044,74.07989121919593,27242699
2021-07-01,75.26930236816406,77.57056346988887,74.59702520354313,77.57056346988887,12489001
2021-07-02,74.70045471191406,75.76058470861963,74.62288204312975,75.2693034143637,3857093
2021-07-05,75.42445373535156,75.65716651272052,74.77803227632184,74.93317763496201,2480899
2021-07-06,74.75216674804688,75.96744208932265,74.57117086729484,75.26930384801344,2660337
2021-07-07,74.46774291992188,74.98488002353244,73.82132154040866,74.70045566866476,3463845
2021-07-08,74.18331909179688,76.25186752092698,73.9506063414016,74.57117192225877,5846198
2021-07-09,75.16586303710938,75.32100835010408,73.95059315591588,74.26087326072579,3435153
2021-07-12,76.09671783447266,76.6397106764542,75.26929541091933,75.68300399240097,5852854
2021-07-13,76.8724365234375,77.05343241480638,76.09673082798643,76.30358252375217,3294939
2021-07-14,76.51042938232422,77.0275664443736,75.96743651929042,77.00171064338917,3504709
2021-07-15,77.95840454101562,79.1219628177472,76.5362777583437,76.5362777583437,8312401
2021-07-16,78.4238510131836,78.966843969337,77.75156850875533,78.32042253091839,3110625
2021-07-19,78.29456329345703,79.89768628622585,77.77742616539085,77.95842205597765,5061299
2021-07-20,78.29456329345703,79.32883754958941,77.07928788614696,78.81170042152323,3731926
2021-07-22,78.94098663330078,79.89768823937402,78.60484538760421,79.04440985296954,3992983
2021-07-23,79.07024383544922,80.05280090989558,78.88924274184306,79.22538387240503,3626146
2021-07-26,77.95840454101562,79.45810397970556,77.72569183355137,78.99267856477702,3089465
2021-07-27,75.06243896484375,78.16526101901975,74.98486630925348,78.03597676676242,3147193
2021-07-28,75.11415100097656,76.38113773262904,74.07987697686673,75.08829520249176,8597631
2021-07-29,78.29456329345703,78.60484346606039,74.75217080984912,75.63130497967981,8150298
2021-07-30,78.13939666748047,79.19953169979068,77.31197959213489,77.88082817386129,4935599
2021-08-02,81.00952911376953,81.29395346768551,78.26869826533196,78.81169643077868,8128066
2021-08-03,80.41480255126953,81.60421658511896,79.92352135494772,81.34564808816954,3467566
2021-08-04,79.84597778320312,81.19053226423425,79.30297956914141,80.56996663430023,2590577
2021-08-05,80.20796966552734,81.44910092674273,78.83755937771777,80.25968653675613,9024491
2021-08-06,80.90608215332031,83.00048588522205,79.94937557710584,80.0269482288979,9855658
2021-08-09,79.30296325683594,81.34565562409078,78.7599704150568,80.906091242791,4103937
2021-08-10,76.7431411743164,79.63910658215885,76.27771571992486,79.63910658215885,3714406
2021-08-11,76.8724365234375,77.44128526253192,75.37273674132906,76.74315224086233,5826506
2021-08-12,78.08769226074219,78.39797237740981,76.63970961531,76.92413393235364,5839975
2021-08-13,76.96092987060547,79.13585789898575,76.7250987974579,78.06149798050491,4478833
2021-08-16,79.58131408691406,79.79094760884335,76.54166000615089,77.01333276489083,6124230
2021-08-17,77.35397338867188,79.79094019712372,76.9085088599534,79.58130669466712,3796070
2021-08-18,77.58983612060547,78.55938473503606,77.22298003220479,77.40641074200674,4720377
2021-08-20,75.44109344482422,78.0876885335811,74.9432178543765,77.61601579921975,10165571
2021-08-23,73.65922546386719,76.20100915829097,73.42338909390185,75.9913756447214,4154245
2021-08-24,75.67694854736328,75.88657677915364,72.97794174703832,73.5544260484655,5507139
2021-08-25,76.12239837646484,76.46305151717075,75.15285533168944,75.49350314119343,3448527
2021-08-26,75.51971435546875,76.54166855947123,75.20526936863838,75.99138716691682,3077809
2021-08-27,76.67269134521484,77.09195312196243,75.59833137629829,75.99139029159967,3732019
2021-08-30,78.53317260742188,78.95243973385854,77.22297616531472,77.24918435911924,4734422
2021-08-31,79.5027084350586,79.71233663348649,78.21871506127958,78.42834859090958,5838105
2021-09-01,79.97437286376953,80.70808485860121,79.16205229669282,79.8957642915245,3974318
2021-09-02,80.15780639648438,80.68188488834605,79.50270828165728,79.68613362132801,2280681
2021-09-03,80.83909606933594,81.65141655192855,80.05297844143315,80.31501765073409,3434655
2021-09-06,80.05299377441406,81.33698721215906,79.89577128496012,80.83911155288622,2725558
2021-09-07,79.05725860595703,80.05301012791826,78.40216032340452,79.65995115838675,3020761
2021-09-08,82.56857299804688,82.93542904267521,78.82141463180712,78.97863712773281,8887327
2021-09-09,82.43755340576172,83.72154689702707,81.86106914333365,81.86106914333365,6018682
2021-09-13,82.83060455322266,83.14505484698775,80.76049344461033,82.4113428260713,5911625
2021-09-14,82.51615905761719,83.59051889250298,82.1493030495288,83.45949927041443,3988073
2021-09-15,84.53385162353516,86.13228980530361,81.9134594136847,82.01827616831905,12412889
2021-09-16,82.79117584228516,84.51268144042871,82.44687795565223,84.32729068518994,3948801
2021-09-17,83.18842315673828,83.58569356855492,80.72534983647003,82.92357621552719,9419281
2021-09-20,80.14268493652344,82.81763801861821,79.9837778462819,82.10255341836884,2638633
2021-09-21,80.46052551269531,81.1756102996455,79.24222493000042,80.19567849703579,1850957
2021-09-22,80.83129119873047,81.78474457909783,80.35456989687206,80.53996061620724,1816095
2021-09-23,82.3144302368164,82.79115149077998,80.85777208222125,81.28152610407489,3532363
2021-09-24,80.83129119873047,83.29437011747068,80.35456989687206,82.4203729815757,4412819
2021-09-27,80.3016128540039,82.23499822031116,79.93083134338175,81.36100091481308,4286771
2021-09-28,84.3802490234375,85.81042383162982,80.35457697432098,80.75184745502297,14143965
2021-09-29,85.99581909179688,87.9292043549315,83.0560184575954,84.53916058591699,12576163
2021-09-30,83.61219787597656,86.84333459133508,83.16196011983023,85.99582093673602,11558010
2021-10-01,82.68522644042969,83.77110338799804,81.30802427577933,83.63867989569222,7635189
2021-10-04,84.14188385009766,84.5921269515514,82.8971051926312,82.95007243359018,3260442
2021-10-05,85.62503051757812,86.60496218513782,84.14188312362478,84.40673010278422,8279009
2021-10-06,83.32086944580078,86.47254998700465,82.63226828773492,86.47254998700465,6735775
2021-10-07,83.77110290527344,84.80400182864635,83.45328329257545,83.85055376720369,3415690
2021-10-08,83.55921936035156,84.35376027344523,82.79116206669592,84.16836954905354,3286333
2021-10-11,84.32728576660156,86.10175850893408,84.06243876695038,84.90994701050376,5005618
2021-10-12,84.56564331054688,84.93642477382092,83.16195215389295,84.30079632916505,5129422
2021-10-13,84.75102233886719,86.20768053531646,84.51265901087415,85.14829275608062,6888073
2021-10-14,87.2670669555664,89.43880971384996,84.59211393231719,85.28071490043212,28658122
2021-10-18,87.45248413085938,89.09453889315377,86.76388295430269,88.96211538272647,10446510
2021-10-19,83.37382507324219,88.1145813414595,82.84413115381453,87.9291906249899,9119558
2021-10-20,81.36100769042969,83.95651081089207,80.6194392191024,82.42039583946303,6240486
2021-10-21,81.89068603515625,82.89710673875254,81.14911770627147,82.15553302154204,8089525
2021-10-22,79.95732116699219,82.63227515028147,79.1098074196343,82.36742811454339,7939197
2021-10-25,78.68604278564453,80.53997178949228,77.91798540638526,80.32809742204816,6899531
2021-10-26,80.35457611083984,81.2815405558501,78.39470734943873,79.03034118939662,9404410
2021-10-27,82.71173095703125,83.95650986275723,80.43404215167048,80.48701479151998,8728597
2021-10-28,79.4805679321289,82.97655087498485,78.84493417994375,82.63224768762312,6381133
2021-10-29,78.73902893066406,80.53998561045722,77.67964074667034,79.61302094946272,9355967
2021-11-01,79.56002807617188,80.48699243867112,77.9179736867495,79.87784227369868,9074795
2021-11-02,80.08972930908203,81.12263362782696,79.82488232418979,80.01027305828407,5231263
2021-11-03,80.93722534179688,82.42036715663512,79.98377741713834,80.77831825240793,5571269
2021-11-04,81.20208740234375,81.54639065038126,80.96372402972747,81.51990702860742,595251
2021-11-08,81.94365692138672,82.44686726247483,81.2550558491046,81.36099033074368,4271967
2021-11-09,80.91075897216797,82.2614776023851,80.56645571482832,81.9701469783502,4084763
2021-11-10,81.5464096069336,81.97016381879992,80.24865795507715,80.5664722668951,4604093
2021-11-11,80.65796661376953,81.6810004378392,79.2041837238232,81.4656231662651,5676507
2021-11-12,78.4234390258789,81.25023644011576,77.96576377721158,81.25023644011576,8843363
2021-11-15,76.51200103759766,78.55806884143018,76.3504708102614,78.55806884143018,6113538
2021-11-16,75.38127899169922,76.83506189627917,75.05821855835772,76.72737325940814,7735005
2021-11-17,74.51978302001953,76.59276606171254,74.35824732137603,75.38128118551674,5783695
2021-11-18,73.36213684082031,75.05821779171853,73.2813689946741,74.73515188440521,4693974
2021-11-22,71.82758331298828,73.7390358380992,71.31606645991809,73.63134721472585,10634843
2021-11-23,72.71600341796875,73.57750694292059,71.15453752188836,71.55836575872706,8809554
2021-11-24,72.50064086914062,73.65827867567177,72.15065416177558,73.28137117787979,7746349
2021-11-25,71.98912048339844,72.58139975342283,70.88532431075036,72.47371111961709,6366957
2021-11-26,70.0238265991211,71.55837743588438,69.6738453564456,71.34300015018262,10451838
2021-11-29,69.40461730957031,70.53533421679364,67.92391372868342,69.7815192937973,6847174
2021-11-30,72.44677734375,76.13507815748908,68.83924436020473,69.99688738087352,148766733
2021-12-01,72.39295196533203,73.52366897729983,71.77374640141957,73.11984069055823,5770227
2021-12-02,72.41985321044922,73.4698075680622,71.90833642317416,72.47369477657493,8193455
2021-12-03,71.36991119384766,72.8236939805966,71.12761314984431,72.09680532585772,16718095
2021-12-06,71.50453186035156,72.55448656472028,70.93917332023672,71.39684321526492,9322681
2021-12-07,72.44677734375,72.93137337037193,71.34298136896724,71.74680956539537,12173799
2021-12-08,73.30830383300781,73.49675485968788,72.44680012338075,72.71601900565068,10525678
2021-12-09,73.6313705444336,74.08904049219194,72.71602517164423,73.49676109188435,10422967
2021-12-10,73.36213684082031,73.73904432738343,72.25834064802741,72.76985755998653,12160343
2021-12-13,73.71212768554688,74.68131450748001,73.06600131183417,73.36214096891487,10149927
2021-12-14,73.68521118164062,74.19672819016728,72.74294502598141,73.03909019957808,8731150
2021-12-15,72.71600341796875,74.03517675376273,72.4198638064079,73.87364655448145,5701374
2021-12-16,72.04297637939453,73.20061983764977,71.53145937511262,72.71602362785164,9325779
2021-12-17,70.69686889648438,72.47371221057612,69.83537076761307,72.44679142103732,15167111
2021-12-20,68.08543395996094,69.94304473024735,67.38546619243472,69.75458828846735,9841995
2021-12-21,68.4892807006836,69.700765599361,68.13929398349026,68.5700430742323,4785247
2021-12-22,69.56615447998047,69.78152628149523,68.1662131224118,68.65080926104552,6478953
2021-12-23,71.36991119384766,71.74681865371163,69.7007566280844,70.05073782295933,5549313
2021-12-24,70.75071716308594,71.82759258123171,70.58918146854678,71.82759258123171,4010054
2021-12-27,70.85840606689453,71.31608144306881,69.67384739273066,70.40073616799232,3032223
2021-12-28,71.18145751953125,71.42375555440174,70.69686144979026,71.07376889544759,3245167
2021-12-29,71.04686737060547,71.881444848296,70.83149006404618,71.50453730045344,3249737
2021-12-30,70.562255859375,71.39683315598474,70.10458602882906,71.15454058526703,3531202
2021-12-31,72.04297637939453,72.41988393398502,70.58919322727266,70.58919322727266,3185170
2022-01-03,72.85062408447266,73.14676374178221,71.77374861987654,72.36603341176752,5494089
2022-01-04,73.3352279663086,73.95442813737158,72.87755255923864,73.11985065977304,4885165
2022-01-05,73.4698257446289,73.87365402229018,73.20060689285472,73.65827674996221,2491817
2022-01-06,73.68521118164062,73.81982063244908,72.55449398575861,73.71213745362037,3340823
2022-01-07,73.44290924072266,74.41209606821305,72.85062444589329,73.76596969079549,4452871
2022-01-10,75.43511199951172,75.65048924877962,73.57750650297768,73.57750650297768,6685729
2022-01-11,74.30438995361328,75.81201416156581,74.00825036446966,75.78509337660195,4069530
2022-01-12,74.92361450195312,75.19283337479195,74.08903161433518,74.70823721277327,2879038
2022-01-13,75.40819549560547,76.1889312219561,74.68130682326563,74.84283703075545,4413423
2022-01-14,74.95053100585938,75.65049893974071,74.7620745192906,75.40820087259326,2828831
2022-01-17,75.2735824584961,75.62356912229484,74.78899185931826,74.9505220590442,2211889
2022-01-18,73.44290924072266,76.02740927312097,73.22753195582618,75.38128289570342,3664375
2022-01-19,74.22364807128906,74.57363482999224,72.90447985142129,73.68521027468262,3162527
2022-01-20,74.33132934570312,75.11206516871766,73.7928916025582,74.25056697059456,2926350
2022-01-21,71.5583724975586,74.30440257575393,71.15454422269036,74.14287236126094,3844671
2022-01-24,69.59307861328125,71.98912767646564,69.02772007590048,71.98912767646564,5594007
2022-01-25,70.83146667480469,71.07376469535663,68.83924641743526,69.72767066703547,6732153
2022-01-27,72.36602783203125,72.58139962198126,70.31996022524189,70.80455633785441,6043766
2022-01-28,72.79678344726562,74.27748723030913,72.58140616064144,73.0660023169099,4826314
2022-01-31,74.6543960571289,75.03129809944656,72.41987720884676,73.81981316472607,10509363
2022-02-01,75.13896942138672,75.46203528252599,73.87364319441916,75.08512784983222,9770014
2022-02-02,76.48506927490234,76.75428810760336,75.19282216430021,75.38127315628245,5238479
2022-02-03,75.70435333251953,77.15813650417076,75.35437204498388,76.9427646681348,5476739
2022-02-04,75.70435333251953,76.48508924667227,73.98135673514152,76.18894954882747,28956586
2022-02-07,73.87364196777344,76.08123400118376,73.46981375600785,75.91970381193165,10684595
2022-02-08,72.85062408447266,74.0890297733038,71.82759567946945,73.8736579667477,8497857
2022-02-09,74.49285125732422,74.65438694405255,72.79677584211903,73.22752489309472,5328593
2022-02-10,75.83895111083984,76.02740760029565,74.49285680303458,74.70823408319212,6287827
2022-02-11,74.81591796875,75.91971413555017,74.65438775753289,75.5158858688717,5977837
2022-02-14,72.01605987548828,74.14289040277971,71.66607309453003,74.00828094506852,8892293
2022-02-15,72.94619750976562,73.17168462613456,70.91677905531672,73.17168462613456,9860857
2022-02-16,73.284423828125,74.69373967097356,73.05893099946088,73.284423828125,5442447
2022-02-17,71.50870513916016,73.76361116779142,71.31140315546395,73.76361116779142,5808171
2022-02-18,71.17044830322266,71.84692103795942,70.49397556848591,70.94495548013684,6130407
2022-02-21,70.7476577758789,71.84692531850395,70.09937017177359,71.02952095426886,3556129
2022-02-22,69.7611312866211,70.2966724312811,68.54911741894428,69.93024803374514,5583067
2022-02-23,70.43761444091797,71.31138920922552,70.01481964323482,70.18393641540378,3587586
2022-02-24,65.95597839355469,69.25377501942418,65.73048557532404,69.19740468212682,8936817
2022-02-25,67.95721435546875,69.31015996910884,67.19618603187202,67.3371176276878,5895191
2022-02-28,69.08464813232422,69.50744280355573,66.46332461140072,66.51969494042369,7189902
2022-03-02,68.8873519897461,69.90205813839945,68.21087931247044,68.77460558778012,4452767
2022-03-03,69.19740295410156,70.29667038011357,68.88735463766751,69.19740295410156,3089573
2022-03-04,69.64839935302734,70.46580382429352,68.60550775023653,68.71825418325975,3459053
2022-03-07,68.04177856445312,69.00011460456234,67.16800377931766,68.77462174764669,5249878
2022-03-08,69.39471435546875,69.87388521414968,67.73172613954902,68.04177449838892,5603921
2022-03-09,69.93025207519531,70.40942291001335,69.2537793130834,69.7893204886937,4744151
2022-03-10,69.84569549560547,71.08588885023217,69.36652466811711,70.60672375726465,5451014
2022-03-11,70.86041259765625,71.02952937784201,69.33835010694101,69.33835010694101,4285499
2022-03-14,69.7611312866211,71.14226190142196,68.94372698524748,71.02951549183238,4368282
2022-03-15,68.80280303955078,70.29668022966494,68.43638433588667,69.73295385370054,5331370
2022-03-16,69.5638427734375,69.76114472734251,69.08467187399121,69.31016473661555,5318215
2022-03-17,70.88860321044922,71.5650761176124,69.90208189340518,69.93026706984487,6844035
2022-03-21,70.24029541015625,71.28319251661763,70.1275547366106,71.02951453209889,3176026
2022-03-22,70.80403137207031,70.97315387449439,69.67657860669007,70.38123658505272,2676033
2022-03-23,71.19865417480469,71.53689350778276,70.66311286514785,71.00135219812591,3128263
2022-03-24,70.52215576171875,71.53686765948646,70.35303902359757,70.91676530701505,3695230
2022-03-25,70.04300689697266,71.02952812087368,69.90207529355823,71.02952812087368,2973326
2022-03-28,69.36653900146484,70.29668994415466,68.71825702023068,70.04301189300999,4240135
2022-03-29,69.19740295410156,70.15573880586896,68.85916946972267,69.59201250889055,3056973
2022-03-30,69.5920181274414,69.84569612846663,69.1974085407934,69.84569612846663,5702629
2022-03-31,69.36653900146484,69.87389510375421,69.11286095032015,69.87389510375421,6672771
2022-04-01,71.50870513916016,71.70601285737894,69.28199002350483,69.39473073731834,9326033
2022-04-04,74.01726531982422,74.18638207040688,71.64961360810469,71.64961360810469,8676633
2022-04-05,74.63738250732422,74.94743090058174,73.50992963400827,74.55282124801678,4920641
2022-04-06,75.25746154785156,75.99030459579545,74.18637927695784,74.38368692397536,7099523
2022-04-07,75.00379180908203,76.55403931474879,74.46825061476565,75.25746982054991,5871309
2022-04-08,75.42658233642578,75.68026033361019,74.75010958877427,74.97560241616503,3423786
2022-04-11,75.48296356201172,75.87756743509485,74.94742236130021,75.48296356201172,2657746
2022-04-12,73.73539733886719,75.39839103571794,73.22804712027363,75.39839103571794,4456422
2022-04-13,73.5662841796875,74.32731241187602,73.34079135965798,73.84814733746408,3122287
2022-04-18,73.73539733886719,74.04544565042775,72.57975959513035,73.76358250636899,3012578
2022-04-19,72.97437286376953,74.86285373142515,72.15696855742581,74.18638100429516,3609411
2022-04-20,72.46702575683594,73.42536175972121,72.07241613982184,73.17168373917491,3108583
2022-04-21,73.284423828125,73.48172575231546,72.69251232103277,72.88981424522323,2994037
2022-04-22,72.43883514404297,73.34079499988806,72.26971838788712,72.83344473142054,2006563
2022-04-25,71.0295181274414,72.3542727193433,70.74765496026902,72.15697079613095,3879475
2022-04-26,72.26971435546875,72.72069425822806,71.3395636467297,71.64961197146918,3406898
2022-04-27,71.6214370727539,72.26972471841297,71.36775904903855,72.1287931201846,2476378
2022-04-28,71.8750991821289,72.26970871669953,71.22681168001145,72.10059198317502,2480205
2022-04-29,71.59324645996094,73.1153087520769,71.36775362612117,72.69251398951808,3700807
2022-05-02,71.31139373779297,71.56507177941675,70.55036534744343,71.00134534670693,2118795
2022-05-04,69.5920181274414,71.95966991280858,69.3383401264162,71.81873832718578,3894841
2022-05-05,69.5074691772461,71.25502458880163,69.36653756669429,69.9302640089015,2863121
2022-05-06,69.08464813232422,69.36651124647855,67.84444928314119,69.16920936037842,3720034
2022-05-09,68.74642944335938,69.50745772109846,67.36529874068384,69.05647778856712,4999449
2022-05-10,67.84447479248047,69.95844894348657,67.73173409204432,68.7746257127319,3026913
2022-05-11,66.8579330444336,68.52092668077955,65.61773984331334,68.2108783804995,6323694
2022-05-12,65.33588409423828,66.85794060119595,64.57485010623866,66.54789226587201,6555770
2022-05-13,64.26480102539062,66.68882307505822,63.98293786299856,65.98416516907807,8043958
2022-05-16,65.13858795166016,65.64594403334173,63.842018307333895,64.96947116927358,4935810
2022-05-17,66.97068786621094,67.13980462085503,65.05402175604306,65.67411843457836,4148009
2022-05-18,66.54790496826172,67.6753578461129,66.23785657375701,67.39349462665011,4295745
2022-05-19,65.50501251220703,65.89962216131201,64.94128608049186,65.73049964418001,3615695
2022-05-20,66.37879943847656,66.66066270573124,65.8432580837881,66.12512135104278,2532203
2022-05-23,67.08343505859375,67.75990781953418,66.4633383728689,67.05524988824642,3728799
2022-05-24,66.57608032226562,67.5344162739736,66.20966163172974,67.42166985591602,2890658
2022-05-25,65.64594268798828,67.02707356246373,65.4486350004794,66.74521035275534,2374086
2022-05-26,66.91433715820312,67.33713203611781,64.6876163209479,66.40698101089647,5252889
2022-05-27,67.61896514892578,68.01357467266526,66.80156093571972,67.25254079091341,4043779
2022-05-30,67.67533874511719,68.21087985784732,67.19617370108091,68.21087985784732,4712957
2022-05-31,67.16798400878906,67.9008269762743,66.8015596577865,67.6471490205433,12336197
2022-06-01,67.08343505859375,67.90083940579173,66.82975705642598,67.3089278904142,3812158
2022-06-02,68.12632751464844,68.46456676740138,66.94250446631568,67.05525088389999,5179774
2022-06-03,67.16798400878906,68.66185510894746,67.08342277870543,68.66185510894746,4255277
2022-06-06,65.13858795166016,66.97069885231213,64.63123760450038,66.71702081147134,8843911
2022-06-07,65.53318786621094,65.84323621028668,64.63122800444135,64.82852993216565,3482814
2022-06-08,66.9425048828125,67.33711447955224,65.50500381960158,65.9277985872825,4443819
2022-06-09,66.51971435546875,66.88613880462523,66.26603633178513,66.68883112641736,2006634
2022-06-10,66.40696716308594,66.80157678042309,65.75868525951616,66.2378503940904,2495693
2022-06-13,64.46210479736328,65.81505030952592,64.34936411678379,65.58955747932518,4884247
2022-06-14,63.982940673828125,65.25132496031371,63.67289232848029,64.2648038486027,3772003
2022-06-15,64.09569549560547,64.37755870734118,63.531969072134046,64.1238806698747,2848885
2022-06-16,63.16554260253906,64.71579021798725,62.8836793997303,64.51848826982973,4167937
2022-06-17,63.588340759277344,64.32118397831302,62.009907887233936,63.13736075791092,6852998
2022-06-20,62.686378479003906,64.26481129369921,61.81260368287987,64.26481129369921,6389374
2022-06-21,65.30770111083984,65.56137913760682,63.05279551206044,63.080986419662366,5000902
2022-06-22,64.9976577758789,65.73050100538057,64.54667776807187,65.33589708262562,3914105
2022-06-23,65.89961242675781,66.06872918438643,64.7157836543156,65.13857841564761,3784051
2022-06-24,66.49152374267578,66.91431850271671,66.06872898263484,66.40696249685921,3955377
2022-06-27,67.2807388305664,67.64716325869276,66.91432013696114,67.42167042068868,3023646
2022-06-28,67.75991821289062,68.09815177798033,67.11163052285991,67.25256213073426,4964942
2022-06-29,67.64716339111328,67.84446532386227,66.82975901989978,67.33711503914157,2959094
2022-06-30,69.7611312866211,69.9020628649779,67.98539110551704,68.32363033428575,10286142
2022-07-01,70.86041259765625,71.02952937784201,67.70354118459468,69.22560367530993,25435899
2022-07-04,72.7488784790039,73.05892679970344,70.83221248362099,71.283192380504,8936519
2022-07-05,72.29789733886719,73.56628150270696,71.59323947006732,73.17167194927495,35671303
2022-07-06,73.0871353149414,73.1716908403152,71.81875082363752,72.10061404392728,3545326
2022-07-07,73.25624084472656,73.7072207809948,72.74888483234918,73.5662891925034,3349231
2022-07-08,73.73539733886719,73.98907531542415,73.17167105074967,73.65084183636176,4014009
2022-07-11,73.5662841796875,74.13001049524067,73.14348944302263,73.62265451743457,6949966
2022-07-12,72.6591567993164,73.65408206076421,72.51284356045633,73.41998445068864,5494322
2022-07-13,71.48863983154297,72.80545877761601,71.16674599303622,72.74692991902386,4113181
2022-07-14,70.99118041992188,71.92758869587226,70.58150217128738,71.40085866855637,4283942
2022-07-15,71.16676330566406,71.31307655748779,70.28888379472164,71.04971746700623,2430447
2022-07-18,72.36650848388672,72.60060602331974,71.19600292622417,71.6934654068311,3435763
2022-07-19,73.74185943603516,73.91743410113526,71.95683942610094,72.27872730436779,2864850
2022-07-20,73.2151107788086,74.32709329613435,72.922484427249,74.32709329613435,4035749
2022-07-21,73.68335723876953,73.8004030793954,72.8640006333791,73.27367893607432,4781237
2022-07-22,73.82965087890625,74.0637484514674,73.59554735284513,73.88817378367155,2891418
2022-07-25,74.97088623046875,75.32204150566868,73.91743231186844,73.9759611678183,4189914
2022-07-26,74.06373596191406,75.43908352696992,73.97595161956941,75.3512932311263,2964979
2022-07-27,75.67320251464844,75.76099283538205,74.12228582519296,74.12228582519296,4694373
2022-07-28,75.79025268554688,76.31698269178872,75.4098359084277,76.11214059891665,3612602
2022-07-29,76.66812896728516,76.99001686766911,75.9365628511851,76.17066638973724,4047243
2022-08-01,77.75084686279297,77.83863718086332,76.96075781416184,77.253384269729,3930194
2022-08-02,78.62873077392578,78.92135724640559,77.37044051436307,77.83864167963061,4258578
2022-08-03,78.277587890625,78.9213638021567,77.25339515186916,78.65800471784912,3081570
2022-08-04,77.66305541992188,78.68724792106083,76.93148934767977,78.68724792106083,3071194
2022-08-05,78.13125610351562,78.57019574454662,77.72157791452005,77.83862967616164,3529711
2022-08-08,78.10200500488281,78.65799648125903,77.57527498442097,78.65799648125903,3878742
2022-08-10,78.18978881835938,78.4238923710164,77.42896120247502,78.13126590694544,3712661
2022-08-11,79.27251434326172,79.44808903994262,77.9264337307069,78.42389636355293,4575851
2022-08-12,80.23817443847656,80.67711413661594,79.27251067467036,79.5943985959391,6812255
2022-08-16,80.41376495361328,81.08680233462775,79.68219870022706,81.08680233462775,6514294
2022-08-17,82.32556915283203,82.71573772701606,80.21866123363822,80.80391409491428,11144403
2022-08-18,82.28656005859375,83.06689730316458,81.77934561242327,82.5596828569941,5286338
2022-08-19,81.85737609863281,82.48164230657392,81.46720748610693,82.48164230657392,3209778
2022-08-22,80.6478500366211,81.7793425712721,80.53079826358817,81.7793425712721,3119733
2022-08-23,82.24752044677734,82.4426046954872,79.98454197104319,80.10159371096887,3954118
2022-08-24,82.40359497070312,82.59867924191856,81.3891603324825,82.20851069948768,2277452
2022-08-25,84.12036895751953,84.8226678117731,82.59870754846655,82.71575934200932,4611081
2022-08-26,84.74462127685547,85.60299103195933,84.51052368191834,84.97872482529313,6251906
2022-08-29,83.69116973876953,84.04231911851093,82.71574818004261,82.910832491788,7070586
2022-08-30,84.86167907714844,85.40791279095728,83.49608883912536,84.27642611799568,7042420
2022-09-01,83.8082046508789,84.58854174082471,83.41803610590601,84.27640571414648,6817616
2022-09-02,83.6131362915039,84.51052530643105,83.37903273856615,84.39347352996218,3236786
2022-09-05,82.91082000732422,84.31542922178942,82.71573572495404,84.00329317929716,3723607
2022-09-06,84.23739624023438,85.25183695612381,82.40360505704983,83.41804577293927,5284384
2022-09-07,84.15934753417969,84.93968456454482,83.8862307642517,84.00328250950629,4119501
2022-09-08,83.06689453125,84.62756896831247,82.67672592198439,84.62756896831247,4552160
2022-09-09,82.20852661132812,83.49608424126268,81.89639052626814,83.49608424126268,3424316
2022-09-12,82.71574401855469,83.18394515248794,82.20852364283516,82.32557541469359,3073061
2022-09-13,82.75476837158203,83.4180538484128,82.71574912738578,83.26198282512857,3262485
2022-09-14,82.05245971679688,82.79377769297909,81.74032363869365,81.9354079433206,3184879
2022-09-15,83.02788543701172,83.41805406598874,81.89639284087785,82.3255807141529,4457007
2022-09-16,81.19409942626953,84.00331254947154,80.14063929575524,83.41805956740858,14638356
2022-09-19,80.4527587890625,81.74031627429798,80.21866121670149,81.46719946312682,2917515
2022-09-20,80.80391693115234,81.31113133259497,80.49178087014906,81.31113133259497,2623827
2022-09-21,80.25768280029297,81.2331043364013,79.94554671803819,80.80392243261399,3635123
2022-09-22,80.88194274902344,81.15505954718421,79.75045036592923,80.21865739534735,4735736
2022-09-23,79.04815673828125,80.76489610994281,78.81405320873645,80.33570829027738,4448206
2022-09-26,76.35599517822266,78.73602606166898,76.16091087477625,78.03372137856182,6219141
2022-09-27,75.5756607055664,77.40945203377413,75.30254386153558,76.43403048116356,9330496
2022-09-28,74.63925170898438,75.53664064768259,74.52219994245849,74.99040105506187,6793224
2022-09-29,73.54676818847656,75.38055909584482,72.80545036001897,74.99039056434096,8961792
2022-09-30,73.35169982910156,73.89793351025845,72.45431082134328,73.54678413715769,13253472
2022-10-03,71.63495635986328,73.46874756403673,71.32282029344007,73.46874756403673,9460434
2022-10-04,73.07858276367188,73.35169960340998,72.18119375867472,72.49332984130425,6252237
2022-10-06,74.52220153808594,74.71728583530606,73.4297282829532,73.9759678872697,6223294
2022-10-07,74.24907684326172,74.52219363972307,73.66382401363039,74.52219363972307,3603038
2022-10-10,72.57135772705078,73.7028442564488,72.41529267247871,73.35169490691155,7257911
2022-10-11,71.83003234863281,72.88348624164571,71.71298059307591,72.76643448608881,4162842
2022-10-12,72.1031494140625,72.45429872855566,71.4788773510751,71.90806513856639,4886498
2022-10-13,71.75199127197266,72.3372440750181,71.32280945517228,72.3372440750181,6193522
2022-10-14,71.71299743652344,72.72743233144755,71.51791311594177,72.64939979391507,5376042
2022-10-17,71.51791381835938,71.86906321745484,71.04971263506509,71.71299814085708,5555192
2022-10-18,73.27366638183594,73.58580246152917,71.67397269434596,71.90807624249102,8152180
2022-10-19,73.11759948730469,73.89793675377966,72.88350187946271,73.81990421783233,7192398
2022-10-20,73.07858276367188,73.27366707112776,72.25922629095696,72.96153098849823,4971659
2022-10-21,73.07858276367188,73.62481644314809,72.84447921332459,73.35169960340998,4485275
2022-10-24,73.85892486572266,74.09302247801199,73.50776951703718,74.09302247801199,1462832
2022-10-25,73.66383361816406,74.21006728230653,72.6884121082665,74.09301551041874,9001250
2022-10-27,75.30254364013672,75.6927122600338,73.58580409398984,74.28810284700404,17893756
2022-10-28,77.91665649414062,78.26781175335275,75.49761272917696,76.00483302348373,23243795
2022-10-31,80.0235824584961,80.4527643475602,77.79961666966241,79.00914171434387,18175401
2022-11-01,80.49179077148438,80.9209726988451,79.98457035414813,80.37473899002202,9274933
2022-11-02,80.68687438964844,81.3501598741814,80.17965397671117,81.15507555793636,8339979
2022-11-03,81.27214050292969,81.38919230233707,80.1796669642973,80.3747513121423,13117383
2022-11-04,81.15507507324219,81.66229548315012,80.84293897841417,81.31114014390579,12081873
2022-11-07,83.24542236328125,83.49134304167802,81.48296269095344,82.13875742085986,13065969
2022-11-09,82.67161560058594,83.5323538255512,82.13877794961617,83.24544316862386,6004697
2022-11-10,81.68791961669922,82.30273084373782,81.15508196909579,82.30273084373782,10072926
2022-11-11,81.89285278320312,82.91753811268718,81.27804158551268,82.30272691499674,10433369
2022-11-14,82.05679321289062,82.46666731111104,81.4009984082474,82.17975669319323,3900469
2022-11-15,82.17977142333984,82.63063551386948,81.81088717049452,82.42569842802574,4061038
2022-11-16,81.72888946533203,82.67160110495539,81.36000529313176,82.1797534572943,4992320
2022-11-17,82.22074890136719,83.4093813177356,81.2780371982909,81.68791130796036,10292615
2022-11-18,82.01578521728516,82.99948025942838,81.5649213413642,82.38466929454373,7268505
2022-11-21,81.68791961669922,82.22075726430265,81.19607188590498,82.0568038512491,5618444
2022-11-22,81.72888946533203,82.1387635474133,81.5239524242914,82.09777989171447,7762721
2022-11-23,81.64692687988281,82.26173808568642,81.52396338788549,82.05680101708522,7302106
2022-11-24,84.67998504638672,85.04886920633176,81.72888675009855,81.93382378433068,18875982
2022-11-25,89.39353942871094,90.13130777001753,84.51603411988917,84.8439346350155,29877176
2022-11-28,90.37722778320312,93.28733603209004,89.721426803285,89.96735373429972,29859790
2022-11-29,89.721435546875,91.23797467895369,89.43452493551875,90.82810059010697,8830643
2022-11-30,90.45921325683594,90.99205084142854,89.72143862079866,90.04933915394662,11415274
2022-12-01,90.95105743408203,91.81179551874314,89.88538856003453,91.81179551874314,9937044
2022-12-02,90.9920425415039,91.40191660700617,90.33624153502751,91.40191660700617,6129727
2022-12-05,91.68883514404297,92.67253673896509,90.58217632216522,91.3199509548112,11813355
2022-12-06,90.91007232666016,91.934757528146,90.58217181134826,91.64784692256639,6283354
2022-12-07,92.67253112792969,93.04141529482665,90.70513431138768,90.8280977850807,16848824
2022-12-08,93.69722747802734,94.27104875136251,92.79549939966806,93.16438986468307,13925336
2022-12-09,91.5248794555664,94.84485561106585,89.88538320469797,94.23004451699019,10866022
2022-12-12,92.2626724243164,92.38562966431418,90.62317584639294,91.27897072505246,7912674
2022-12-13,91.77081298828125,92.63155114216026,91.11501814863401,92.38562416842834,9509178
2022-12-14,92.87747955322266,93.49229074288428,91.85279423711995,92.05773130034049,7451278
2022-12-15,93.61524200439453,94.76289073604096,92.50858318445002,93.04142076566254,14198423
2022-12-16,90.91007232666016,93.73820098108821,90.70513528636299,93.41030046577632,9252067
2022-12-19,92.87747955322266,93.28735367966374,90.99205606992054,90.99205606992054,7003000
2022-12-20,92.01673889160156,92.87747703546779,90.99205360327637,92.87747703546779,5323451
2022-12-21,90.21328735351562,92.59055201005494,90.00835031387037,92.46759478961347,9464490
2022-12-22,92.2216567993164,93.00041495506031,90.29525010812252,91.48388229408559,17816529
2022-12-23,89.14761352539062,92.18067925400689,88.73773944021642,91.81179507902299,12678874
2022-12-26,93.45130157470703,93.9431492795268,88.5328120181435,89.18861312735847,11744504
2022-12-27,93.00041198730469,94.63990805586312,92.05770675122852,93.86114992497032,7594964
2022-12-28,92.91844177246094,94.1070802173719,92.46758408992069,93.00041532799722,5763285
2022-12-29,93.32833862304688,93.49229202838734,91.40193145312257,92.63155384935293,6321264
2022-12-30,95.50067138671875,97.14016789121177,93.12340020436729,93.53327433049054,16350601
2023-01-02,98.69766998291016,98.98458055978338,95.91052526289569,96.56632622790434,19310744
2023-01-03,100.82902526855469,101.5667998750147,98.16484370658068,99.3944659659533,27524213
2023-01-04,100.1732177734375,101.52580342242389,98.32878450323294,100.70605530233297,14375149
2023-01-05,101.52580261230469,101.85370310856096,99.23051164687435,100.7470444061051,9774790
2023-01-06,101.40284729003906,103.37024417143421,100.50112554353613,101.93568485748517,15575269
2023-01-09,102.91938781738281,103.49320904905115,101.8947025792734,102.4275338997444,8916789
2023-01-10,100.95199584960938,103.12432991154415,100.09125770580305,103.00136642611714,8123881
2023-01-11,99.8043441772461,101.40285067882263,99.18953302215013,101.32087710897966,7187284
2023-01-12,98.90263366699219,100.1322561172552,97.83695837509096,100.00929262139226,6547602
2023-01-13,100.66507720947266,101.19790851361935,98.61570679604026,99.18952801012846,5902262
2023-01-16,101.19791412353516,101.97667867631965,100.21421877222923,100.82902993034106,6285534
2023-01-17,100.91099548339844,101.85370710177644,99.39446266471141,101.40284311997505,6968664
2023-01-18,101.40284729003906,101.93568485748517,100.78803615548948,101.23890015583208,7636685
2023-01-19,101.27989196777344,101.48482901647053,100.41915386157271,101.23890205636107,3815492
2023-01-20,101.73074340820312,102.87839206051136,101.11593230027178,101.60777993578046,9653692
2023-01-23,101.93568420410156,102.42753185775216,101.48482646083113,102.42753185775216,3611592
2023-01-24,100.74706268310547,102.34556929284747,100.296198637187,102.26359571745765,3929827
2023-01-25,98.77964782714844,100.99296523529564,98.04187327303877,100.74704455338028,10632753
2023-01-27,94.39400482177734,99.14854054570266,91.85278669727802,98.7796563638591,17188911
2023-01-30,95.0498046875,97.18115508706734,94.06610931399405,94.51697334179083,7768757
2023-01-31,99.8043441772461,100.09125479878772,93.45129557458772,95.21375547003267,13672983
2023-02-01,96.2794418334961,100.82904770732954,95.04981930047988,100.74707412263184,14504365
2023-02-02,96.52533721923828,98.57470743620725,95.2957150890569,96.23842663969894,7459937
2023-02-03,97.3450927734375,97.55002981085526,94.68091128700658,96.93521869860197,6938807
2023-02-06,99.2715072631836,99.59940779895493,97.55003726811223,97.83694789159371,8742504
2023-02-07,98.86164093017578,101.11594869135143,98.53374036862272,99.55842571461166,9355097
2023-02-08,99.06655883789062,99.59939636557989,98.16483715866825,99.39445933602109,7409779
2023-02-09,98.81385803222656,99.86686160704986,97.6766090297984,99.02445874719122,6545269
2023-02-10,98.56112670898438,99.57200748903645,98.13992531279213,98.56112670898438,3526586
2023-02-13,96.07605743408203,98.77174425882224,95.48637152259087,98.39266550838278,5926426
2023-02-14,95.65483093261719,96.28663296935304,93.04337737249085,96.28663296935304,11217322
2023-02-15,97.59236145019531,97.92932384992227,95.27575378922941,95.4442382026045,5573008
2023-02-16,98.0978012084961,98.64536430117036,97.38176013054813,98.1399239183261,4019208
2023-02-17,97.38175201416016,98.18203844506739,96.74994998150727,97.59235269171111,3000421
2023-02-20,95.65483093261719,97.71871501514524,95.40210754711377,97.67659230855378,7418836
2023-02-21,95.99179077148438,97.213278614941,94.85454834462836,95.65483481317365,4220675
2023-02-22,94.3912353515625,95.57059411795866,93.92791124546169,95.19151543262036,5557791
2023-02-23,95.02304077148438,95.31788047340447,93.71731382823663,94.3491159439326,3623161
2023-02-24,95.19152069091797,95.8654455321056,94.68608027353906,95.52848311151179,3476646
2023-02-27,94.26487731933594,95.19151914060974,93.29611278604008,95.10728014358912,4467937
2023-02-28,96.2866439819336,96.87632337952132,94.30699223212466,94.51759293512362,9034566
2023-03-01,96.9184341430664,97.33963549713967,95.90754703707701,96.66571075981341,7363118
2023-03-02,97.50812530517578,97.80296500341527,96.74996149040041,97.08692389996983,3413410
2023-03-03,99.52987670898438,100.16167871125,98.13991101859551,98.13991101859551,7553470
2023-03-06,102.309814453125,102.98373924393546,99.61412814392939,100.03532953143015,9315446
2023-03-08,105.00550079345703,105.4688184352733,101.21468853684864,101.76225159265218,12807032
2023-03-09,106.18486785888672,108.20662929157535,105.0476190192208,105.25821970404444,13020658
2023-03-10,103.11009979248047,106.18487117225459,102.14133532665808,106.18487117225459,10105366
2023-03-13,100.79351043701172,103.9946376696071,100.24594725483676,103.78403694008014,7017652
2023-03-14,98.6032485961914,100.79349455270042,98.3505251897767,100.70925555956993,7954918
2023-03-15,98.35052490234375,100.75137154817405,98.05568521373708,99.06656598239515,6316701
2023-03-16,98.72959899902344,99.27716206787845,96.7920765445664,98.39264304313379,8218711
2023-03-17,99.69837188720703,100.20381229089037,97.42388685712032,99.40353218731038,17093755
2023-03-20,97.84507751464844,100.16168500178077,96.91843580520005,100.16168500178077,4336995
2023-03-21,99.95109558105469,100.11957357374409,97.88720482198059,98.519006935101,6321736
2023-03-22,99.8247299194336,101.17257308863734,99.57200651338525,100.16169231849032,4909359
2023-03-23,98.8980941772461,100.161698430549,98.60325447021346,99.40353459316253,4117362
2023-03-24,97.002685546875,98.98233087905135,96.70784584668252,98.89809188285685,4063763
2023-03-27,96.9184341430664,97.63447515958643,95.86543075788326,97.00267312847654,4746510
2023-03-28,96.1181640625,97.29752933990356,95.36000021081028,97.2554066265227,3499631
2023-03-29,97.50812530517578,97.71872600777876,95.86544239568197,96.07604309828493,3240893
2023-03-31,97.2553939819336,98.68748249938302,96.91843802679054,97.71871806078958,7157701
2023-04-03,98.64537048339844,98.81385490625443,97.42388894605445,97.84509036265908,3774391
2023-04-05,99.15079498291016,99.48775734751167,97.71871296713189,98.6874773552278,4746533
2023-04-06,100.03532409667969,100.79348783839592,98.30839593093842,98.72959729555602,5950739
2023-04-10,104.50007629394531,104.8370322929088,99.86686061093646,100.33017832302312,13996876
2023-04-11,104.7527847290039,105.80578820723478,103.27857985948066,104.71066844608858,6856892
2023-04-12,103.8682632446289,105.00550568922964,103.61553984492963,104.50006531685409,3505826
2023-04-13,102.2255859375,103.95251437404463,101.0883433601036,103.95251437404463,5447261
2023-04-17,103.53130340576172,104.12098278356311,101.50953543940625,102.14133752720339,6166859
2023-04-18,103.82614135742188,104.79490582790588,102.60465991226144,103.95250305827163,8159668
2023-04-19,103.48917388916016,104.75277798164568,103.23645692687671,103.82613626589418,2394983
2023-04-20,103.36282348632812,104.07887102524573,102.9837447879793,103.48918519478556,2099290
2023-04-21,102.68890380859375,103.82614631651397,102.39406411054382,103.36282220027596,3961253
2023-04-24,104.41584014892578,104.58432459040817,101.97287680416171,102.81527973050085,4726202
2023-04-25,105.34247589111328,107.3642375305319,104.4579503536,104.79491276917761,9397015
2023-04-26,105.55306243896484,106.14274176686057,104.75277600593762,105.30033905442517,4179866
2023-04-27,105.38458251953125,105.97426829951364,104.83701944777009,105.46882150895077,3724514
2023-04-28,111.32351684570312,111.53411753050699,105.42670409821784,105.67942106376876,24029372
2023-05-02,114.94586944580078,116.58855247728064,112.08170481932552,112.79773954892046,20740058
2023-05-03,114.69314575195312,116.75704306926586,114.35618974515188,114.73526846631522,10032855
2023-05-04,115.32493591308594,118.61031448098014,114.77737924546008,115.15645792720463,12035888
2023-05-05,111.44987487792969,115.99884411619435,111.28139691615036,115.45128752690039,12581014
2023-05-08,112.5450210571289,113.93498055817928,111.61837282039744,111.95532880427425,8158248
2023-05-09,111.15504455566406,114.1034542937668,110.77596587443155,112.62924942471543,6029220
2023-05-10,110.73384857177734,111.57625139522798,110.10204645418936,111.28141811944846,5728123
2023-05-11,110.86021423339844,112.54501984269601,110.64961353223624,111.49201633688503,7647215
2023-05-12,111.9132080078125,112.33440937351138,109.80720117931806,110.69171376404925,6697676
2023-05-15,114.86161041259766,115.24068904730348,110.94443024318467,112.41863493129773,8845743
2023-05-16,111.7447280883789,115.87250958766708,111.40777210453969,115.3670627578614,18848790
2023-05-17,112.12383270263672,113.09259090959115,110.64962760698096,112.37654329293903,9026909
2023-05-18,109.09114837646484,113.17680656538671,108.71206973669923,112.12380320267953,11351018
2023-05-19,109.34387969970703,109.97568176324071,107.32211181099463,109.72295836701807,7924933
2023-05-22,108.66996765136719,109.84932649976307,108.50148965217454,109.34389250218514,7575592
2023-05-23,109.93355560302734,110.77595832795477,108.12239488605161,109.09115287809993,9958429
2023-05-24,110.27051544189453,110.7338395277605,109.34388012420854,109.93355948165343,4991702
2023-05-25,112.03958892822266,112.33443509333739,109.93358161754178,110.18630506563318,7354404
2023-05-26,112.41864013671875,112.75560893631729,111.23928147323733,112.03956148446011,6649980
2023-05-29,114.4404296875,116.08311263648793,112.88197930915037,113.30318072448301,11395309
2023-05-30,118.2312240600586,118.77878067331756,113.8928424436061,114.56676717426373,15899557
2023-05-31,119.24214935302734,120.16878495716709,117.72582135510334,118.3155008948377,13591196
2023-06-01,118.44184112548828,120.00027862337423,118.27335027897358,119.74755520764904,6036123
2023-06-02,121.51660919189453,122.3168893159364,119.15787867836548,119.4106021001806,11032233
2023-06-05,122.35900115966797,124.00168397447909,121.8535543609356,122.14840046920384,10772251
2023-06-06,123.1171646118164,123.32776531272889,120.37935549995419,122.56960793106263,5730697
2023-06-07,123.45413970947266,124.12806455739526,123.11717085848768,123.4962624226017,3927043
2023-06-08,122.82231903076172,124.25440108259954,122.14839428458939,123.49624377693405,6645263
2023-06-09,125.56014251708984,125.89709850246547,122.31688652815019,122.90656592958098,8270232
2023-06-12,130.23545837402344,130.6566597104801,125.34952030031701,126.02344500945664,14649620
2023-06-13,130.48818969726562,131.58331591746523,127.87674870730153,130.69879039907144,12418368
2023-06-14,129.47732543945312,131.37273199783368,128.84552325332626,130.9094078238643,7737722
2023-06-15,127.66618347167969,130.698826707736,127.20285922818418,130.27762518711287,7666988
2023-06-16,128.55068969726562,129.43520247289607,126.82376115437813,127.83464207941888,7403920
2023-06-19,129.6036834716797,130.2354856084853,128.0873557725367,128.8876359083477,7123074
2023-06-20,134.61593627929688,135.62681681518524,129.14031945135463,129.68787599253147,15061901
2023-06-21,138.02772521972656,142.23973986965353,135.28991569727404,135.71111716226673,24747224
2023-06-22,133.98414611816406,138.0697913212021,131.83601675674996,138.0697913212021,14009571
2023-06-23,131.41481018066406,135.54257792292628,130.95148616370548,134.784420698117,8520782
2023-06-26,131.6254425048828,134.2790062841624,130.7409169604406,132.25724462890625,10223521
2023-06-27,135.62684631347656,136.1322931183751,131.9202792577081,132.25723522494297,13863522
2023-06-28,140.47068786621094,141.52369152337894,135.79534905757532,136.9747208660326,22329032
2023-06-30,138.7016143798828,142.787273057361,138.15405770741714,142.36607166191155,15082058
2023-07-03,140.04946899414062,141.52367393092103,137.85921651787663,140.00734628228037,9381695
2023-07-04,138.7016143798828,141.4394234503042,138.15405770741714,141.4394234503042,10877690
2023-07-05,140.26007080078125,140.6812722145974,138.49101972113456,139.08071198371482,5621375
2023-07-06,139.54400634765625,141.52365789434413,139.249173106137,140.17580839182742,7090232
2023-07-07,139.7545928955078,140.51276298426595,138.40675638334483,140.17579421569204,6167119
2023-07-10,140.5970001220703,142.11332749500409,139.20704086174035,139.8388428626257,10949947
2023-07-11,142.7030029296875,144.1772075585233,140.26004040066303,141.48152166517525,17100113
2023-07-12,142.36607360839844,143.58755510109313,141.52367080598188,143.58755510109313,6928972
2023-07-13,139.2492218017578,142.87155735921678,137.94349454971388,142.87155735921678,10748152
2023-07-14,138.6868133544922,140.41715409952278,137.9946744161895,139.98456891326512,10445961
2023-07-17,139.46548461914062,140.07110134039814,138.29751234274136,139.03289936089178,5152924
2023-07-18,138.51377868652344,140.50365993569088,137.6918562906608,139.50871931110717,8351483
2023-07-19,140.46041870117188,141.28232793491622,138.4272629953467,138.5137853152998,5377036
2023-07-20,139.94131469726562,141.15254799829913,139.7682832544684,140.8930074348297,2955365
2023-07-21,140.02784729003906,140.8497566047003,138.77333953447553,139.42221739364817,6078651
2023-07-24,149.63124084472656,151.967198640455,140.46044112789374,141.109319026788,37880425
2023-07-25,148.93910217285156,150.75596557514245,147.9441613391642,150.75596557514245,12870386
2023-07-26,150.1503448486328,151.88068587091277,148.20371119856787,149.6312372613671,11027961
2023-07-27,162.8250732421875,163.4739510684992,149.93403904004336,150.32336309553972,59887084
2023-07-28,168.0593719482422,170.3953296902435,162.65205624849182,164.20936581031077,35054688
2023-07-31,175.58633422851562,176.36499552796303,167.0211523447648,168.44867825823894,28733969
2023-08-01,173.03407287597656,176.97060067419545,171.3037321472168,175.62958396911623,16275497
2023-08-02,169.83294677734375,175.28352276487533,165.63686518975976,172.1689041430138,20258835
2023-08-03,172.64474487304688,173.81271691716813,167.54023191998706,168.70821716556011,17437906
2023-08-04,172.5149688720703,175.15374117718318,170.78462810825235,173.2936301366598,8719652
2023-08-07,183.4593963623047,184.2813056486158,171.60656385054824,172.5149822608928,43892393
2023-08-08,187.7419891357422,190.94311718578442,179.95545502412153,184.41107759630086,52495107
2023-08-09,188.47738647460938,189.86165126390696,184.3678268662934,188.90997169653735,21739954
2023-08-10,187.3959197998047,188.78018456236202,184.02174721307426,188.1313067420046,16597765
2023-08-11,194.05772399902344,199.55154813623454,192.06782943218326,196.39368144642162,58045332
2023-08-14,194.8031005859375,196.07461479515584,190.5939962396161,194.5400415996047,19733602
2023-08-16,195.6800079345703,197.8722554506664,191.690128159609,192.8739337900507,15393266
2023-08-17,206.15896606445312,207.07969933607808,194.93465587192023,195.9869320255039,32482447
2023-08-18,205.7643280029297,209.40346658060872,203.65977592891986,206.68507455296492,23001607
2023-08-21,209.4911346435547,210.9380258069771,202.95824073961205,206.72890855584404,18895677
2023-08-22,209.00888061523438,213.26183270876268,207.95659111788362,210.32422910650604,17249691
2023-08-23,210.49960327148438,211.2449593778151,208.43888531194764,209.79808140991338,12598059
2023-08-24,213.52490234375,215.62945455061825,210.93805302018626,212.29724911981293,15816126
2023-08-25,209.84193420410156,215.14717585111896,206.50971531486954,212.95492834246855,21513620
2023-08-28,213.30564880371094,214.18254766826882,209.7103581068576,210.85032930686583,16039839
2023-08-29,214.27024841308594,216.59402511171356,211.81492885314543,213.9633284504377,18658395
2023-08-30,214.9279327392578,218.56705794056532,214.40178802996277,215.36638220353177,13806303
2023-08-31,209.27191162109375,218.39166796914958,205.93970659318862,217.47092147231683,158351032
2023-09-01,209.40345764160156,211.1572554218823,202.16904179794358,208.6580882328162,14221473
2023-09-04,213.61256408691406,214.66484002528804,207.82502635523537,210.63109998437082,10478574
2023-09-05,210.71881103515625,214.35793616443055,208.70194086333504,213.9194867088353,15883425
2023-09-06,205.7643280029297,211.1572644357555,204.8874290753563,210.7188149719688,16847543
2023-09-07,215.322509765625,216.15556097565525,206.55352149075057,207.7811744970673,21384056
2023-09-08,236.8942413330078,239.21801815265607,214.31409381443208,216.06789167995254,63796670
2023-09-11,237.1573486328125,249.6531595608244,235.9296686066563,239.30573515691756,30479843
2023-09-12,217.77784729003906,238.91111614412884,215.89250662572613,238.69189141900515,49300899
2023-09-13,214.31410217285156,221.8992862653052,210.36805682153167,217.47094380607402,31677735
2023-09-14,216.1555633544922,220.1016081216127,210.98186556754433,215.14713504394933,19465778
2023-09-15,214.75254821777344,223.8284577326548,213.0864455593932,217.4709403239898,21570264
2023-09-18,219.6193084716797,221.6361784491794,210.10496423020084,216.59401019563725,22803288
2023-09-20,222.99539184570312,225.09995722356726,217.3393966446959,219.5316438838782,18170640
2023-09-21,227.20452880859375,231.50132841565718,220.5400912747643,223.6092376742143,28152219
2023-09-22,237.55191040039062,238.51650455775365,227.42373865015668,229.70368117824262,28891418
2023-09-25,237.1573486328125,239.7441846631636,232.99207832347517,238.34114089100947,15387154
2023-09-26,234.39508056640625,239.17419058770716,233.0797321305435,235.88581949805032,13775707
2023-09-27,249.34619140625,250.74923490748046,234.307381598129,235.62272986287712,44789295
2023-09-28,246.67160034179688,250.79303504867516,245.18088856758317,249.21462804990173,17643718
2023-09-29,252.02073669433594,256.0106427171237,247.9869964311959,248.3816116376886,23448560
2023-10-03,255.8791046142578,258.07135200389615,250.17926140119803,252.50306504288062,20802588
2023-10-04,248.29391479492188,257.3259893981798,245.6632181308171,255.7037211031491,17320364
2023-10-05,244.9178466796875,251.66997876553387,243.51482987920573,250.9246093647591,11888870
2023-10-06,250.35462951660156,251.49458735297563,243.95327841543025,246.14552560909578,11040241
2023-10-09,245.8824462890625,250.31080179202385,244.21634373067823,247.50471460676457,10063388
2023-10-10,255.08984375,255.74751781953117,245.26859370149668,247.59237006167496,16215694
2023-10-11,255.70375061035156,258.0275275796327,253.07305364267475,256.9314038431007,12689010
2023-10-12,254.1253204345703,260.0005544606107,253.46764618214044,256.8437126967806,9982500
2023-10-13,257.1506042480469,260.395140905381,253.55531338039225,254.3006828028426,9635780
2023-10-16,257.85211181640625,262.36816257716,256.5806244630932,258.55364699555935,9744816
2023-10-17,257.89599609375,261.22820152276597,256.05450287841666,260.0005482994882,8283781
2023-10-18,253.4237823486328,259.0797909635142,251.88920927212726,257.80827685293445,6449758
2023-10-19,258.6851806640625,259.47438433765103,249.34621254479734,252.2838292706063,11059767
2023-10-20,252.41529846191406,259.16740245733877,249.74074134589253,258.5097284263077,9900926
2023-10-23,244.0409393310547,255.30909490943222,241.5417990163948,252.41533940781068,16531193
2023-10-25,239.65647888183594,248.7762496197967,236.32427348508077,244.2163642508163,14751988
2023-10-26,233.03587341308594,238.86724551415435,227.51142126698528,236.76269358996504,22159911
2023-10-27,239.43724060058594,243.42714676306312,234.04431756774858,234.13201281235393,9403379
2023-10-30,244.128662109375,245.13709054880616,235.00891838970225,241.84871948924877,7839191
2023-10-31,252.19613647460938,253.29226013213042,243.25175672490502,244.83019084823422,14086055
2023-11-01,248.03086853027344,255.96679316892067,239.52493817655898,253.3799573732881,19583321
2023-11-02,265.17425537109375,269.55875042273493,251.75771121740524,251.75771121740524,58777830
2023-11-03,266.44573974609375,268.6818212672164,262.80661461369584,266.577269230719,14619611
2023-11-06,266.7526550292969,269.4710201998809,263.5081184077971,269.2079612352536,9262299
2023-11-07,270.4795227050781,273.89942364826817,264.9112083848296,266.57731122783656,15973268
2023-11-08,272.0140075683594,273.5485804068895,269.9971243526524,273.1539652583654,8658346
2023-11-09,278.8538513183594,282.0545269640297,272.54016850870573,272.7155589937414,20491696
2023-11-10,285.60601806640625,286.65828082118765,278.1085154795229,278.76618973657406,11467991
2023-11-13,295.6225891113281,305.9494297674297,287.3788515699153,291.0131706044223,23410469
2023-11-15,295.9328308105469,303.46743921522574,290.6142837013618,298.6807522272651,13163544
2023-11-16,292.830322265625,298.1488689619529,291.41203773629877,295.932807838483,7127417
2023-11-17,301.20703125,302.315061863856,293.0519421629371,293.4508169530081,10484434
2023-11-20,307.36767578125,308.4757063356164,300.5421967457418,301.783212607854,10306588
2023-11-21,300.5865173339844,311.1349622094114,294.5145048264301,310.1155795668937,18413395
2023-11-22,298.990966796875,303.06852482218346,297.2181178338303,302.0048316752737,6725503
2023-11-23,302.4923400878906,303.77766634623754,297.6613160702717,300.45357469692004,7836758
2023-11-24,299.56719970703125,303.4231250155202,298.9910020848142,303.37881460682576,7468477
2023-11-28,300.54217529296875,303.5117023770107,294.1599359863002,300.49786489456784,9994686
2023-11-29,303.9549865722656,307.27907878554834,300.7195422283101,302.71399755627976,8756635
2023-11-30,309.0962219238281,312.0214118392096,300.1433294124543,303.9992812474774,27118028
2023-12-01,331.5227966308594,339.2347013837942,311.22367893194996,314.5920815530412,39839613
2023-12-04,345.52825927734375,349.96038177731754,333.42857026272117,341.7166447479779,26066333
2023-12-05,347.5670471191406,350.75818068591616,342.4257688583555,350.75818068591616,17979133
2023-12-06,355.10162353515625,361.66115874922417,347.5670160612141,347.96589081421297,19441163
2023-12-07,349.7831115722656,357.4506780532446,348.3648269681962,355.8107873251496,10437035
2023-12-08,359.4007873535156,362.7248788863764,350.2262893125147,351.0240658700961,15781777
2023-12-11,361.971435546875,365.20687943251284,358.1597941179976,360.95205282284223,9038725
2023-12-12,361.8384704589844,365.56143690930554,357.5836168780822,365.56143690930554,12696174
2023-12-13,394.2815246582031,396.0543732889532,363.0794049879161,363.43396930376144,43470874
2023-12-14,391.88824462890625,403.10150822134983,384.7525117598773,396.2317189113653,23742544
2023-12-15,382.8023986816406,394.23726851320214,375.53370747472684,392.68602574783256,20631949
2023-12-18,385.6833190917969,391.4450785469329,375.445099521368,382.80243936422886,13171236
2023-12-19,385.7275695800781,389.3176046061471,376.9962838902021,387.36746011903364,10186585
2023-12-20,358.514404296875,389.2733185978559,355.45622891329356,387.23455304315445,16918062
2023-12-21,365.3841857910156,368.22072792959216,344.99642251027984,352.796947205776,20536948
2023-12-22,360.420166015625,371.41182315206345,353.4617290737119,369.6389743542016,13716584
2023-12-26,371.4118957519531,374.69167748970693,359.2235578841981,361.8828316007992,13481039
2023-12-27,363.8772277832031,373.5835860927933,361.74981456578695,373.5835860927933,9149448
2023-12-28,363.6556396484375,369.5503569771011,360.81907051734487,366.8024357035166,8028672
2023-12-29,365.9603576660156,368.2650667601408,360.0656401927063,366.9797404235531,6932668
2024-01-01,376.5975036621094,383.5116048489439,364.05460075121306,366.71387460023135,12660166
2024-01-02,372.0323486328125,378.192982265596,365.20686961788675,377.61681178936834,11435302
2024-01-03,375.4450988769531,382.80243870718584,368.17643396156,373.18472714596834,10747906
2024-01-04,386.3037414550781,387.9879694508738,376.9519748858112,377.61679318366976,11523818
2024-01-05,384.97412109375,390.15970944602867,379.9658284489871,390.02675119115526,7441404
2024-01-08,385.55029296875,394.2815514267578,383.33423202985966,386.0378155546958,9463209
2024-01-09,380.0988464355469,392.73039661255314,377.1736561625369,387.8107510484368,11682652
2024-01-10,373.0074157714844,379.3010350810389,364.9409745277547,378.5919063073688,11436427
2024-01-11,374.8688659667969,382.58076891552423,371.6777327793398,374.07108943281395,7460083
2024-01-12,379.8772277832031,381.0295959221483,370.83571365883273,375.1348781106241,6411181
2024-01-15,390.3813171386719,394.1929584535132,380.9409022829768,381.16250839250733,11016779
2024-01-16,388.2095642089844,396.94082262456425,381.9159457628135,392.64168606522793,13609749
2024-01-17,377.97137451171875,389.14032782778753,376.1542152365506,383.3785689875128,7584545
2024-01-18,376.10986328125,380.71928099634465,364.85228959679057,375.8439467810248,8956008
2024-01-19,400.3092956542969,402.3037507097641,380.4977033596839,384.7082195878924,22121350
2024-01-23,385.373046875,427.25660401092586,368.9298834126184,427.25660401092586,39365502
2024-01-24,414.4034729003906,419.50041401093017,386.03788758956176,389.98248761746095,35198592
2024-01-25,416.75244140625,420.9629574593791,410.0156103109381,420.1651808806705,12311262
2024-01-29,442.94635009765625,448.1762494336672,418.83559197199,423.0017980989901,27272127
2024-01-30,436.1651611328125,453.6720448764973,432.9740545979714,446.75794464897,17607741
2024-01-31,442.3701171875,444.0986557099763,429.02943984756195,436.16514595003525,11483576
2024-02-01,438.1152648925781,448.35345601331164,432.087589721748,446.27038028984356,13618703
2024-02-02,440.4643249511719,455.44489346541627,437.8936993330045,443.21224628846613,14700875
2024-02-05,443.12359619140625,452.8299551567241,438.6028258917852,442.76903180647156,10632549
2024-02-06,445.82720947265625,447.6000584582494,434.924171980341,445.11805364750177,9819635
2024-02-07,451.1900939941406,453.62776149607356,441.6167197162523,442.50314426240976,8628913
2024-02-08,451.943603515625,464.48650663369,448.087650960554,454.3369337883521,13436922
2024-02-09,427.6112060546875,448.3978729881815,410.68049140105336,445.8715575598918,24572692
2024-02-12,402.03778076171875,433.2399308474554,398.09320836394664,427.6111304276743,23580970
2024-02-13,411.6998596191406,415.06826181485917,395.3453171797698,398.49211325599293,14626501
2024-02-14,426.90203857421875,429.6499598956709,401.68325108518263,405.09599077223476,9168453
2024-02-15,428.4532775878906,433.8161348683953,424.9075796697975,430.7579866449569,7358984
2024-02-16,419.8549499511719,431.644411777587,414.8909674480249,431.6000743226267,8695716
2024-02-19,414.935302734375,426.05991909047185,413.51701816209857,421.05162621006826,6309404
2024-02-20,414.1374816894531,420.5197210027496,410.4144884680529,414.9352582221745,8232269
2024-02-21,402.4367370605469,419.89931114127506,399.5558573348932,414.6250743613894,6738300
2024-02-22,409.1291809082031,410.9906776035924,391.2234238254541,403.3231117681947,9483457
2024-02-23,411.2566223144531,415.4228008761248,406.91312099585315,409.61673171983136,7543070
2024-02-26,407.3120422363281,414.13752144697133,406.46992817279096,410.41452786816086,5906306
2024-02-27,392.8633728027344,407.7996048830775,387.23457147955264,406.42565764621617,11612298
2024-02-28,378.148681640625,395.6112273453325,376.3758327131505,395.3896212293982,10456948
2024-02-29,391.8438415527344,394.4588039953348,376.597360191019,380.4533112134127,17584650
2024-03-01,407.445068359375,409.9713839192379,393.8827825876327,395.65563181539153,9312316
2024-03-04,412.14312744140625,415.7331362407832,401.55034268033,412.0101421105515,8549034
2024-03-05,412.14312744140625,416.6195608383115,405.8051699278532,411.3010132531416,10459135
2024-03-06,416.2649230957031,426.3701563174538,410.41451637210207,417.5059119033695,20162210
2024-03-07,419.1900329589844,424.59722643030096,416.7967036546954,418.21496084915316,7147710
2024-03-11,429.1623840332031,432.0432634418397,416.8410898188782,420.5640832598809,15406212
2024-03-12,428.58624267578125,436.209498731406,420.91867621608594,429.87156901217327,19398756
2024-03-13,397.5614013671875,430.53640467578015,391.3564296624599,428.1430476262019,22269570
2024-03-14,411.56689453125,414.5807595457158,393.17358570925745,397.11818565073037,14650115
2024-03-15,395.9657897949219,413.51698207189685,381.47274546312576,412.1430350742619,32430198
2024-03-18,386.70269775390625,403.0572410067463,384.39798858621316,390.9132142337482,9735909
2024-03-19,380.32037353515625,388.74140523630945,371.89934183400305,384.79683293352673,20288936
2024-03-20,374.9575500488281,385.0184731732098,367.4672524719224,382.97968066543183,14832362
2024-03-21,399.11260986328125,401.0627544800038,381.1625146945273,381.1625146945273,18429233
2024-03-22,407.8438720703125,411.96574012223084,393.57243381230876,397.0738210148079,12531582
2024-03-26,408.9962158203125,410.3701898815434,401.9934684180432,403.5004007299671,10475524
2024-03-27,394.9907531738281,413.5613297742527,390.73589944456086,410.41453369504245,28138339
2024-03-28,403.85589599609375,407.97505250723077,398.48309028439405,399.3785579030107,12637899
2024-04-01,412.4075927734375,419.392256458821,405.6468233158411,405.6468233158411,11296547
2024-04-02,415.3178405761719,417.1983279048999,405.15430570120327,413.61645768922784,9639474
2024-04-03,424.4963684082031,425.5261779218013,411.06435556127127,411.06435556127127,14035202
2024-04-04,424.36212158203125,431.97359674536534,420.5563840003642,428.3021738481386,8469182
2024-04-05,422.302490234375,427.0484571856375,416.6162659854094,423.46658708581674,7448407
2024-04-08,406.0945739746094,424.5859752402568,405.2886585656291,423.0636966516281,15289897
2024-04-09,394.8116760253906,410.4823596862901,393.73713125657395,410.12417809668455,14262840
2024-04-10,401.5724792480469,406.0050277264901,396.5130651550451,397.0503512114484,9265502
2024-04-12,393.33416748046875,401.8858726551893,392.4386998254193,397.6324012937044,10809891
2024-04-15,384.24517822265625,390.82687098660756,378.15598174051246,385.9465613104963,9341527
2024-04-16,384.46905517578125,387.60319206639724,376.2307415608743,380.57376528908605,12115039
2024-04-18,383.8421630859375,394.27435466610217,381.513941970761,385.94651731172206,9425546
2024-04-19,381.2453308105469,383.75262916027293,371.4399496567027,376.99185970931353,7628906
2024-04-22,389.0805969238281,390.78197956915784,382.7227727283881,382.7227727283881,6226067
2024-04-23,390.2447509765625,394.76687854248314,387.02108962867993,391.7670567566746,6371166
2024-04-24,393.8266296386719,398.84125353798345,389.5283961978344,392.61777027109383,7201124
2024-04-25,404.0796813964844,406.36311243237964,392.1699754021133,393.0654428401111,11531272
2024-04-26,409.22869873046875,413.4821698879517,405.0199900225897,407.07958192692524,10542423
2024-04-29,414.6014404296875,416.5714798033334,407.5720152938356,412.8105054818271,8445427
2024-04-30,454.13641357421875,458.1660180022553,414.7806267235641,415.49698991310237,72903180
2024-05-02,495.9995422363281,499.5365956516594,457.27053990216365,459.3748942986621,83160192
2024-05-03,499.4918518066406,507.86450725399686,495.50700977276597,499.67095627035576,45105471
2024-05-06,462.5984802246094,483.7315456332565,431.43622272236473,475.4932338520889,73134272
2024-05-07,454.046875,472.49354195172515,448.58454402859667,467.38936525835913,34608626
2024-05-08,478.1796875,486.5971046101288,452.2111276919475,455.7929980102996,48742004
2024-05-09,457.8525085449219,481.4928717215391,456.68841175967117,480.4182998216933,19107231
2024-05-10,460.135986328125,464.9715330402316,445.3160090611172,463.00149346659543,19170559
2024-05-13,463.98651123046875,466.5385717668095,447.7337540948268,460.27029920948195,13436096
2024-05-14,467.47882080078125,472.31436740438056,459.9121091167236,464.747655720323,11963864
2024-05-15,473.43365478515625,479.70192697539477,467.43401190064304,469.04584238999087,14366755
2024-05-16,484.53741455078125,486.9551875928772,475.4932151823802,479.07508497659774,15105099
2024-05-17,487.08953857421875,490.4027791261022,482.9255929994873,486.3283584358825,7680252
2024-05-21,489.7760314941406,495.99954245789417,483.3286536227341,487.98509623291693,7571632
2024-05-22,480.1496276855469,491.07434082543284,476.4781785764499,490.71613200576746,7138229
2024-05-23,481.1794738769531,490.04462462667294,479.7019851886683,480.8660820914086,7812219
2024-05-24,496.13385009765625,504.59603048397946,480.86613730239037,482.65707263684993,20225424
2024-05-27,518.4757690429688,529.5795897583964,497.52180418337406,498.7754807546348,28217127
2024-05-28,519.55029296875,522.86353389551,500.0738733990826,520.2666560908866,17209174
2024-05-29,509.29718017578125,521.833726149339,507.73011192908655,513.3267842387105,15012657
2024-05-30,490.492431640625,512.3418653365522,488.02989547081813,509.29725330096846,11582851
2024-05-31,481.5377197265625,499.5814143965434,470.6577661217838,497.0740612997171,25890354
2024-06-03,541.3101806640625,544.2652129029394,509.1181085339329,517.5802885423128,42463764
2024-06-04,404.930419921875,531.907702212693,399.3785104155911,531.907702212693,103902126
2024-06-05,411.4674072265625,422.6607534514418,365.61945015845475,422.6607534514418,80984751
2024-06-06,438.86871337890625,460.5390147369523,417.46704139260066,419.97433995386064,54149649
2024-06-07,444.8682556152344,449.2560683509796,428.03347707145747,438.8686395925321,32416015
2024-06-10,457.7630310058594,467.29972779775056,444.4205424006747,451.31565359493123,31958560
2024-06-11,457.22576904296875,463.53883211636264,451.4499920033216,458.97191449326704,21774755
2024-06-12,462.4642333984375,465.6431323130356,453.3752157807109,458.479391815912,17569720
2024-06-13,466.9863586425781,470.70257108629977,461.34492363024606,466.4490999385486,15418171
2024-06-14,476.9708251953125,480.7765623851493,465.1954047341691,468.32954124344644,15848193
2024-06-18,472.76214599609375,480.552725304908,467.4788651192525,477.3290090452228,12102131
2024-06-19,461.7030334472656,474.553025207853,459.1509728662258,474.37392077207824,9448370
2024-06-20,453.7334289550781,462.06126643067694,447.062184623092,462.06126643067694,16910479
2024-06-21,457.13616943359375,467.7026752495407,452.3454127311305,456.24070191266605,15471249
2024-06-24,466.9863586425781,469.2250276677103,447.7338050264412,454.62891655484947,12996888
2024-06-25,467.0311279296875,469.8518728046536,458.47942305948163,468.9564051814906,15576222
2024-06-26,461.7030334472656,466.5385799381836,459.3748397471942,465.6431124143099,8590831
2024-06-27,469.9861755371094,477.28425876674675,459.8226395435731,461.16584102227876,19899609
2024-06-28,475.0038146972656,479.5242162258628,471.02583927982704,472.8339998912659,10184740
2024-07-01,497.8318176269531,499.95638416732714,475.77223719359114,480.0666184319181,22872490
2024-07-02,487.48016357421875,501.7194298992832,479.61465304423587,501.7194298992832,17455154
2024-07-03,508.3642883300781,510.0820627921688,496.6112456628884,497.28930581676474,25695583
2024-07-04,520.4338989257812,525.270706943259,509.9013403029227,512.3423683937019,24852433
2024-07-05,524.7734375,530.7403455933935,517.4956018946791,521.6543493318098,14361260
2024-07-08,549.3191528320312,556.5066020519878,526.1747198721275,527.0336071692234,29744866
2024-07-09,553.2520141601562,559.8065970879267,543.0811096170642,551.9410865384644,15885713
2024-07-10,569.43505859375,576.0800831174156,544.6180939833902,556.2806988690872,31225972
2024-07-11,583.8551025390625,585.8440904254098,567.310442503001,572.2376916453399,14945910
2024-07-12,576.2155151367188,591.2684731068949,569.2541414786267,585.3919515851903,12973355
2024-07-15,572.9609375,582.8606286396877,570.6103505979158,578.611439842209,6897803
2024-07-16,558.4503784179688,575.8087301595136,557.4106640638628,573.1868753765292,8288646
2024-07-18,551.5343017578125,561.298360188397,540.6401426945054,558.450539702353,17723265
2024-07-19,541.001708984375,561.8859432083398,539.1935482660859,552.1670793475358,13057169
2024-07-22,559.4448852539062,561.0722187771137,534.6731178478572,537.927784894272,13035918
2024-07-23,538.1539306640625,564.2366316487488,512.2068086492445,562.6997389060667,21847141
2024-07-24,546.561767578125,556.9134986789934,539.0127186861629,540.6400522890228,14297279
2024-07-25,549.680908203125,551.850723334098,535.260814131066,539.7360233507659,7184870
2024-07-26,565.8638916015625,568.7117114872686,549.2287917223889,555.1956997330254,11447407
2024-07-29,582.7701416015625,584.4879162505968,556.5518127983648,560.5297882062954,23006702
2024-07-30,580.6004028320312,588.1946445462389,572.5992587497905,581.3236560647151,12687462
2024-07-31,582.4537353515625,586.0700565644554,579.1086271935001,580.3743616902856,6874000
2024-08-01,565.2310180664062,584.894764712133,564.100917684468,578.6113955524194,10556749
2024-08-02,552.4382934570312,564.598185346508,549.4096463204813,554.0204340885067,12658405
2024-08-05,523.5528564453125,539.9167422582071,517.7215829133957,531.68957878456,19358145
2024-08-06,511.2122497558594,550.9917855303182,509.4944750024152,533.4074115211532,13961254
2024-08-07,533.814208984375,536.4360086713766,519.3037316183277,527.7116671329894,13508638
2024-08-08,527.5760498046875,537.20452710437,526.0843504130759,529.7910575832798,7233983
2024-08-09,533.8064575195312,539.8093701804432,532.1692490541493,536.716926983218,6604483
2024-08-12,526.4392700195312,532.3967179550704,522.2099621784181,530.5776464930032,7486860
2024-08-13,517.4801635742188,529.9862750013793,516.0703948433382,523.8923768759634,7635406
2024-08-14,512.7052612304688,521.0730003821171,509.3854338751658,519.5722443417965,4468230
2024-08-16,527.2123413085938,528.8494943124554,512.9780867319379,520.4362898758056,6950751
2024-08-19,531.4415283203125,537.8082761826457,527.5305371647493,532.4420505782892,6715017
2024-08-20,545.6304321289062,547.0856668927379,528.8949547766036,533.8519349309797,10518490
2024-08-21,540.446044921875,550.223552265456,538.7633708150249,548.3134942668947,6820599
2024-08-22,541.491943359375,543.8567689921903,537.8538013214825,541.3555463411392,3337019
2024-08-23,533.62451171875,543.0381823399089,532.760441854158,540.3550413977098,4656124
2024-08-26,536.489501953125,544.7208427845444,533.9882792839106,543.9477042876928,7437582
2024-08-27,561.5017700195312,564.184911092397,533.4880851628701,536.6259940272844,16554285
2024-08-28,562.5931396484375,569.5965736931811,559.6371494456386,563.4572094258294,9811133
2024-08-29,569.5966186523438,578.4645899607036,563.0934174874228,572.0978413290607,15661951
2024-08-30,563.6846313476562,574.8264413258875,562.0929442079089,571.3702174965931,8931237
2024-09-02,561.3199462890625,566.1859397910436,555.9991294503059,563.8211693162518,4617697
2024-09-03,572.4617309570312,573.8715000395018,557.8181744348288,562.5477706750038,7628972
2024-09-04,568.141357421875,569.3692081093066,561.3198413502779,562.0929242996029,4002544
2024-09-05,573.5531616210938,577.9189771743668,568.5507155204815,568.6417023941377,7738087
2024-09-06,552.497314453125,573.8259316362984,549.3594060805664,569.050870573512,8074544
2024-09-09,536.6714477539062,551.1785510840115,528.0308599068796,549.8142477397441,11883819
2024-09-10,524.9384765625,542.5834333167342,522.3462668791631,540.2641287153822,8925317
2024-09-11,511.841064453125,528.5765386104902,509.0669924877369,525.7114797937028,7761933
2024-09-12,520.98193359375,523.0738541823656,503.60982740587116,514.7971031742437,10234653
2024-09-13,516.3433227539062,524.8019919371668,513.1599484527276,522.0733853932994,6979913
2024-09-16,509.9765319824219,518.6625843261025,506.7931579444712,516.3432800583232,4136798
2024-09-17,495.5603332519531,512.0684227264753,493.4684129652113,509.9765024397335,11277058
2024-09-18,496.6518249511719,512.2958459067099,493.96868425159585,504.79217839010033,15318568
2024-09-19,481.7810363769531,504.7922768117687,463.72674849277087,502.0636699100835,25364529
2024-09-20,491.103759765625,495.69690345639043,479.55264650895754,482.0538694163063,15317549
2024-09-23,493.423095703125,499.24414613439194,487.23826431593585,493.01379355326776,9807891
2024-09-24,498.7437744140625,501.01761318774504,490.7398730334285,491.1491751154198,8069962
2024-09-25,495.742431640625,500.4720284735925,489.37568161915266,499.6989453193042,5716466
2024-09-26,494.8782043457031,497.06111157913585,489.284594769692,493.96866891737903,6013480
2024-09-27,509.5218505859375,510.70423575476855,495.6968984618857,496.3335844800708,13432979
2024-09-30,504.3373718261719,513.3417943581885,500.3353939200235,507.5207456789971,9512274
2024-10-01,506.4294128417969,517.9350604296163,503.24603823007664,504.7922598584989,8117456
2024-10-03,489.0572814941406,511.8866018343855,487.60199129061,501.4724085743538,12464107
2024-10-04,476.6421203613281,490.87637471527006,473.50421143672855,486.601546289993,9321624
2024-10-07,454.9042053222656,484.19123373491385,449.58341673858934,479.3252406885996,16722359
2024-10-08,476.823974609375,478.7794980936296,440.30613069852365,453.8582037769731,14115751
2024-10-09,484.23675537109375,487.3746086487979,479.05239156542683,481.14431225511134,7063437
2024-10-10,495.01470947265625,500.5628539696028,486.2376694511015,488.3751112430001,10161095
2024-10-11,489.23919677734375,495.96972656979267,486.1922193627881,491.1491992355798,4344046
2024-10-14,491.46746826171875,495.19659699123196,488.46601231801066,491.14915305315856,3672179
2024-10-15,497.7887878417969,498.834775913847,492.6499453706361,495.5149490013779,5661760
2024-10-16,502.1545104980469,505.2924189705032,496.6063663396349,497.470436138375,5230563
2024-10-17,493.28656005859375,507.0660451962905,486.01027600196534,505.70174193567266,9728282
2024-10-18,496.8338623046875,498.8803175727617,482.96344326551775,490.14879730110584,4184490
2024-10-21,484.3276672363281,499.1076195228827,481.00784036342947,496.8792463831044,4104466
2024-10-22,462.08953857421875,483.87292673582584,459.5883157386482,482.96339115925474,10870662
2024-10-23,459.9521179199219,468.22886884485166,450.03815866817797,462.0895041602243,7639646
2024-10-24,474.140869140625,479.8709319790685,460.58879505334374,460.58879505334374,7417598
2024-10-25,462.0440673828125,480.37123123741173,455.44993453138454,474.77756530281124,8410014
2024-10-28,476.2782897949219,484.37312248797093,462.49880467725205,464.77264344164365,13625032
2024-10-29,497.97076416015625,499.60791721356924,472.32184794451956,479.3707491723574,13616872
2024-10-30,485.91937255859375,500.10810507829075,483.8729175501579,499.33502205833963,8607740
2024-10-31,475.3232421875,487.3745878691048,470.22986546337313,485.60103800989606,8005076
2024-11-01,479.1432800292969,481.2807217166766,477.09682519815215,477.50612726710915,985145
2024-11-04,471.457763671875,480.2348045591445,460.99813185970265,480.2348045591445,6918061
2024-11-05,478.4156494140625,480.82594057569145,454.40391894920725,469.77506259004423,12106685
2024-11-06,484.6005554199219,487.8749168802903,478.68857403404115,481.00787870577255,6152359
2024-11-07,480.8260192871094,486.6015481673752,476.9604929698919,486.6015481673752,5628160
2024-11-08,471.5696105957031,482.0632029110882,469.46174085780405,482.0632029110882,7465928
2024-11-11,484.2169189453125,495.810287222783,468.6369563725618,471.9820663950707,13676304
2024-11-12,471.5238342285156,490.03654017083284,469.9658239776028,486.64558984517356,6039729
2024-11-13,465.9791564941406,476.15195054756003,457.63927436924627,472.44025844357657,8600781
2024-11-14,460.3887634277344,470.8823293623017,458.50998292901886,467.3997541462383,7471948
2024-11-18,459.15142822265625,467.5371223659684,454.11084368128974,463.0922376767113,6676581
2024-11-19,473.4483642578125,481.78827454924516,465.70420979024317,467.3996848288995,10710390
2024-11-21,449.94097900390625,471.20309519860405,429.8244503634821,469.96582707785313,25802873
2024-11-22,463.9629211425781,469.2326234567901,449.1160964786381,456.2187387282282,16581026
2024-11-25,476.0145568847656,489.76160736156606,474.548171271772,482.9797067515879,12550563
2024-11-26,476.6102600097656,481.2842910396567,470.14915705054364,475.6479776008424,5950832
2024-11-27,482.3838806152344,484.4001254619207,475.0521218541061,477.98483654593343,4437672
2024-11-28,484.1252746582031,490.9987996178558,480.5968875536705,482.1548417950136,6527682
2024-11-29,488.1118469238281,490.67800739627165,481.51330838578383,483.8502954460815,5533795
2024-12-02,487.470458984375,493.0609041097462,485.8207680872802,488.47855369980437,4645093
2024-12-03,494.61883544921875,498.101410017252,487.92861610646537,489.39494562872596,7125362
2024-12-04,498.23895263671875,509.4657104693483,495.9935898828146,497.5516001163537,9007471
2024-12-05,499.4761657714844,501.1716129502641,493.2441807620809,501.1716129502641,4207860
2024-12-06,512.3983764648438,515.5143969724115,499.0637485838691,500.0260309375059,10625077
2024-12-09,516.6141967773438,520.555006945361,510.42802371945436,511.34449380210464,6419159
2024-12-10,522.5252685546875,525.4121148057105,515.0560174570281,515.9724872389801,7525312
2024-12-11,522.15869140625,524.8164763173392,518.951046965843,522.3878088662791,4434214
2024-12-12,512.8107299804688,523.762556656999,511.89426006505846,522.158734305031,4133386
2024-12-13,510.4280090332031,513.6356542301874,497.1850055325609,512.2151368303302,4178618
2024-12-16,513.0399169921875,516.8432900313695,510.56543669783366,511.1611645983438,2395022
2024-12-17,504.5626220703125,518.7220968556057,501.8590239823604,513.223276040882,4961225
2024-12-18,492.3276672363281,504.51670635693864,487.7911298065042,503.9209785160042,5013701
2024-12-19,484.9042053222656,491.2278700540584,474.91471690008774,478.5805965273568,4751460
2024-12-20,470.3782653808594,488.9367843754281,467.6746674757532,484.8126690433017,7709581
2024-12-23,469.59918212890625,478.3056458636144,464.23779984593074,475.6478608751088,4380134
2024-12-24,465.016845703125,473.8607751015811,463.4130232952231,469.64503571842215,2702189
2024-12-26,475.739501953125,477.02258218582296,464.696050863193,466.71229582733974,4475677
2024-12-27,465.06268310546875,476.83929948162074,463.59632560505247,474.731429803077,2951162
2024-12-30,455.0273742675781,470.33243510303015,451.0407240050793,466.3915971550933,24912615
2024-12-31,458.8765563964844,461.992548912863,453.6984783388209,454.2025536376935,3906855
2025-01-01,463.3213806152344,464.4669680739492,457.36432582991745,459.380570944633,3238928
2025-01-02,475.1438293457031,477.52662870344403,458.4182537233877,463.7337679392674,8546733
2025-01-03,493.106689453125,499.20123753972877,476.42692368595453,478.4431689434176,14567780
2025-01-06,469.73663330078125,496.1768233227363,467.445458564228,496.1768233227363,8631065
2025-01-07,472.3944091796875,477.25168833930735,464.7876924212513,472.8984564245465,4660352
2025-01-08,461.5342712402344,474.5481277160806,454.8898641196279,473.35672797148703,6585994
2025-01-09,450.1700439453125,462.5882003961072,448.5662215566187,461.9466602532525,4468056
2025-01-10,420.98046875,451.086511602173,416.4897716780394,449.1619191517777,14067540
2025-01-13,409.4329528808594,429.2745218364054,406.591890423308,414.3360727396015,11872696
2025-01-14,436.37713623046875,439.17238619973847,411.95321904853216,414.2443937929623,12167491
2025-01-15,438.6683654785156,448.1538356926942,434.86502052389244,440.8678879127662,7700238
2025-01-16,444.6254577636719,451.49898342620963,442.10516502074137,444.48799284411064,5120861
2025-01-17,442.059326171875,447.0082587581842,436.23973586652113,441.73855606651927,4195700
2025-01-20,449.7576599121094,454.20254507905105,438.072667219538,443.57148731015985,5000936
2025-01-21,436.65216064453125,449.9867885055348,434.5901030597299,449.9867885055348,5395660
2025-01-22,423.4549255371094,438.9891022422445,415.34418892471587,438.9891022422445,10288459
2025-01-23,425.0129699707031,428.49554484454046,418.9642622706925,423.4549597559391,5320651
2025-01-24,408.9747314453125,427.3041311739539,407.8291439622724,425.01295620787374,6738912
2025-01-27,392.7073974609375,408.6998102485334,390.41622244657964,408.6998102485334,7413044
2025-01-28,384.59661865234375,404.34656335549283,375.9818064981171,403.24678820029624,14396638
2025-01-29,398.5269775390625,400.68068759192494,384.96320501511553,386.750332668616,5834329
2025-01-30,403.56756591796875,406.5460933871499,394.21956082731475,396.8315058939779,8302923
2025-01-31,412.2740173339844,416.67306195710694,397.7479628660405,405.99619251072795,7224298
2025-02-01,392.1116943359375,421.7595043723324,389.8663316528987,416.99384919416406,9470953
2025-02-03,371.62860107421875,391.74512963170594,368.420955935477,391.74512963170594,16185807
2025-02-04,391.6534118652344,392.798999224166,373.0032440681391,378.50206339101095,11302969
2025-02-05,403.4759216308594,406.91268416604555,392.7532113337004,393.1656340253008,9545772
2025-02-06,397.88543701171875,409.20384688083493,389.2248124646243,406.9584842380081,10865131
2025-02-07,404.3465576171875,414.1527694100084,391.47013789564346,394.26538805524757,14726471
2025-02-10,388.0792236328125,405.2630357318842,383.3135685566256,403.24679059154874,10014839
2025-02-11,375.7068786621094,389.9121633208686,372.5450460506853,389.9121633208686,11422600
2025-02-12,373.965576171875,379.3269313208921,360.1727137169132,378.5021139060691,13329877
2025-02-13,375.4319152832031,385.28396739946476,373.23239296256367,375.2027977921273,8280995
2025-02-14,362.74310302734375,382.19313566436097,358.2973925877949,375.5245700050377,8558606
2025-02-17,360.3813171386719,365.1049020478719,347.97034984410834,358.57523141113927,8661753
2025-02-18,356.8617858886719,364.03977428280405,348.29450941825604,362.18739018109255,8959200
2025-02-19,366.4478759765625,367.9760871937202,350.7489378146506,356.12084035530745,8706790
2025-02-20,379.2293395996094,380.3407530812454,359.73298032625314,363.99346933536896,11040968
2025-02-21,373.7647705078125,383.4434882194053,370.893597918279,377.8863362162255,6099522
2025-02-24,362.7893981933594,369.5042898321977,360.52021660935304,369.5042898321977,4949143
2025-02-25,355.2873229980469,365.2901871542586,354.31480425790784,363.0673315934495,5352036
2025-02-27,350.5636901855469,357.8806017120855,349.26702697130963,352.8791703056628,4757498
2025-02-28,333.70697021484375,348.2481960917509,330.97472074182315,347.7388017918205,13486063
2025-03-03,349.91534423828125,352.4623723688978,333.5217619566687,338.1063956326955,12981608
2025-03-04,358.3436279296875,362.6504144611004,338.9862235494271,345.9326625565875,11737034
2025-03-05,372.5144348144531,374.18156911335893,356.6765459143009,357.5101130637538,9788815
2025-03-06,382.65625,387.24091207570945,377.88636646843844,378.812558543116,11770195
2025-03-07,376.2192077636719,384.3696861888505,373.81110287187096,381.68373499863054,7026343
2025-03-10,365.1048889160156,382.7025364923456,363.5766495406992,376.21919264843456,7602276
2025-03-11,372.8848876953125,375.10774274000397,355.65771163496674,360.196046573115,7841686
2025-03-12,372.5144348144531,376.26550111955953,364.91964908580053,374.3204922607449,5810339
2025-03-13,376.6359558105469,381.4058387632923,372.3754671310045,374.45939904614784,7901302
2025-03-17,382.4246826171875,384.2770666727468,377.00645360164907,380.6649234174337,5584100
2025-03-18,382.4246826171875,382.4246826171875,382.4246826171875,382.4246826171875,0
2025-03-19,397.7994384765625,399.00347669325487,390.38990295197,393.63157474397923,8219861
2025-03-20,397.3826904296875,404.56067886565535,393.1685278797876,401.7821026968936,5413493
2025-03-21,397.29010009765625,403.6808197335014,393.26115893642594,397.7994944305688,9605751
2025-03-24,411.64605712890625,414.2393834948143,400.20757995847026,401.0411471285737,10013355
2025-03-25,410.0715026855469,416.7863945985231,407.5244747185559,415.86020261052636,15383870
2025-03-26,397.41876220703125,413.90005597279406,396.0180851986631,410.16491728381226,10098135
2025-03-27,404.70220947265625,410.7718089157069,395.6445166326707,397.41870153973235,8843621
2025-03-28,400.7803649902344,410.8652273538175,398.7260274547274,405.1691355479524,4744923
2025-04-01,389.2947998046875,403.72178348703704,387.5672925697404,397.6521834971681,5586002
2025-04-02,396.43829345703125,397.41878451603657,382.38484474958904,392.14290652105905,7091444
2025-04-03,397.2786865234375,402.9747500304871,389.3881949159703,391.2557641961428,7494342
2025-04-04,376.6886901855469,396.85844261549113,374.5409970713063,396.81176478568557,9757931
2025-04-07,358.90008544921875,361.3746087243192,342.2787039188322,343.58602504244027,20170600
2025-04-08,369.6386413574219,375.70824128612554,363.94254957111565,364.1759957222196,8299658
2025-04-09,363.6624755859375,370.71253891980393,359.0402297598605,369.4986301659092,6447517
2025-04-11,375.6148986816406,378.83646732202465,370.1989587755854,378.13612879123224,9084693
2025-04-15,395.2710266113281,396.62502573771724,380.47056286862147,383.78548694102835,7317427
2025-04-16,396.67169189453125,398.25913713413206,392.3295991468341,395.5511674579114,5841975
2025-04-17,400.2200927734375,402.83467830378817,393.3100923030723,395.9246778334229,6325350
2025-04-21,413.2930908203125,414.9272139539809,399.2863211031545,403.3949678541516,8148218
2025-04-22,411.23876953125,416.4679694660678,407.78378329522275,414.973908270856,4790660
2025-04-23,411.6123046875,418.3355662582471,401.01387061660614,411.0053503018969,6888145
2025-04-24,410.8185729980469,415.4407899718031,408.06389684940956,409.46457384088353,6904893
2025-04-25,394.243896484375,413.8533744256312,391.39583616146564,410.86525210251074,8944833
2025-04-28,404.37542724609375,405.44930238034794,393.96373420192316,396.39157996705046,4586239
2025-04-29,401.9009094238281,412.07915645411236,399.7532161181443,405.0757715483875,4863017
2025-04-30,392.2829284667969,403.81517433797677,387.9875134726642,400.12671365351775,6432452
2025-05-02,391.2091064453125,403.72181556543006,390.3686774286155,390.788891936964,3694616
2025-05-05,395.2710266113281,396.858471897657,388.6411784665144,394.24388630506957,5223773
2025-05-06,377.9026794433594,396.57837344111675,376.2218498854527,395.2710520637957,5570959
2025-05-07,383.7388000488281,385.6530471164064,369.6853244541063,370.4323692463855,7011398
2025-05-08,366.4170837402344,389.85508369274834,363.2422216921655,385.1861605347513,9925780
2025-05-09,358.8067626953125,368.8449479886752,354.88485564707395,356.70574716879474,13849773
2025-05-12,385.32623291015625,386.07327773366717,373.7939866998755,375.2880478500511,10515316
2025-05-13,375.14801025390625,386.16665852161657,372.90693263128617,384.53253526599906,12251914
2025-05-14,363.7091064453125,380.0970149903877,359.55375352235984,373.5138448732349,38611956
2025-05-15,368.23797607421875,370.0588390121986,362.35511578259917,365.4833000055026,12564868
2025-05-16,379.53680419921875,382.52489815280546,368.93834211336764,368.93834211336764,14416578
2025-05-19,380.0970153808594,384.719260614652,378.36953664402193,383.78547600150966,11577637
2025-05-20,367.5376281738281,382.75830591719813,366.51045940351935,382.75830591719813,12359431
2025-05-21,373.70062255859375,375.334745670862,364.6429001947116,368.8449310548299,10997125
2025-05-22,375.19464111328125,376.0817478825676,369.40519368780775,373.42045607155296,8377384
2025-05-23,375.84832763671875,378.18278929905864,373.5138659743789,376.3152199691867,4958319
2025-05-26,379.86358642578125,381.6844779025871,376.31521613392687,378.1361076107327,5102219
2025-05-27,378.3228454589844,381.451029737597,374.82115301953274,380.42386092265536,6898898
2025-05-28,376.5486755371094,382.66495384641286,375.6615686845323,379.11658342979894,4215068
2025-05-29,381.21759033203125,383.0384818315597,375.10131216145004,378.18279016404813,7429958
2025-05-30,375.66156005859375,383.4586677258197,374.3542672244302,380.93746622354286,8825796
2025-06-02,377.1556396484375,379.6768697707198,371.6463155445091,373.6072691399678,5157877
2025-06-03,373.9340515136719,384.5324838424407,372.72011444515846,377.71586771504775,6903210
2025-06-04,374.3542785644531,376.7354466350553,370.80590812182885,375.38144742842775,4209879
2025-06-05,376.315185546875,382.61823145864025,375.61484711223443,377.66918458591766,6165279
2025-06-06,387.5205993652344,389.6682924930994,371.73964571695865,376.31518444383,17153248
2025-06-09,397.9790344238281,400.3134960793014,389.3882041329478,390.3219887951371,10499689
2025-06-10,395.0376281738281,400.12676647404635,393.35682701795105,400.12676647404635,6883130
2025-06-11,391.535888671875,399.3797024557412,388.50108858785524,394.94422540986614,7624681
2025-06-12,378.2762145996094,391.2558171542837,376.7354754342906,391.2558171542837,8770060
2025-06-13,376.0350646972656,377.0622049458008,366.3703885195264,369.7786965637375,9310007
2025-06-16,374.91455078125,377.01556632112,367.4909511416371,376.03510380125283,6381409
2025-06-17,372.72015380859375,377.24901526047137,370.8992907587865,375.05461553669073,4877511
2025-06-18,366.510498046875,373.4204991896631,364.50286662318524,370.24563688047374,8395144
2025-06-19,358.2464599609375,366.6505214517306,355.77193644357294,365.29655086520967,11175647
2025-06-20,368.33135986328125,374.3075758147502,363.4756683732371,365.57668379735986,22119958
2025-06-23,370.99267578125,372.860245311479,362.63531923158496,364.36282674641666,5395161
2025-06-24,372.2065734863281,378.64968198096284,371.6462969874802,376.26854248191734,6492412
2025-06-25,372.1131591796875,375.80161970956635,370.8525442835995,375.24134325610015,6960473
2025-06-26,376.8288269042969,377.9960578493565,370.75922598998704,373.9807947970912,7658791
2025-06-27,376.2218322753906,382.66494070366065,374.8211552911212,379.5834627370064,6165251
2025-06-30,375.75494384765625,379.95697484408174,375.3814356806766,377.99602134638053,6335483
2025-07-01,373.9340515136719,377.85592970457196,370.29226880497595,377.71586771504775,6863628
2025-07-02,369.3118591308594,376.64207492928654,368.09795038580575,374.0274605983927,7742629
2025-07-03,367.117431640625,371.0860164268261,366.463799479829,370.6658304299243,8508913
2025-07-04,367.5843505859375,370.805919279696,364.36281038902723,368.19130495664393,5668163
2025-07-07,365.6700439453125,369.31179807525734,364.45610690410183,367.86444338798555,4590018
2025-07-08,368.93829345703125,370.7124784606226,364.4561103724992,366.0435555580959,3726258
2025-07-09,365.6234130859375,369.63870467078993,365.0164586884742,369.1251059522829,6328142
2025-07-10,371.2260437011719,374.8678263147444,368.84490445092234,371.6462581556129,14143421
2025-07-11,374.4942932128906,377.71586140232785,369.4985685233386,371.6462616517342,10835505
2025-07-14,372.44000244140625,374.4476336807244,369.91877256152617,374.30757168669663,6624993
2025-07-15,374.77447509765625,375.6615534173346,372.6734596344791,373.3270917915822,3198569
2025-07-16,373.8873596191406,376.45526734797653,372.67345100061084,374.77446641511295,5176743
2025-07-17,374.6343994140625,376.68870847157297,373.14033832878994,374.8211392391935,2785521
2025-07-18,374.3542785644531,378.5563096923833,371.6463086480454,375.00793924975903,6376775
2025-07-21,372.25323486328125,374.7277584188753,368.8916045156605,374.44763443025903,6036729
2025-07-22,367.2574768066406,374.8678441982529,366.5104605151566,373.51384511098763,8818666
2025-07-23,373.51385498046875,374.44763961791995,366.4170860364707,368.7048697969644,17860000
2025-07-24,378.0893859863281,379.81689322834603,373.00027691825323,373.5138470592217,8886939
2025-07-25,374.2142028808594,381.2175878380807,371.31946473250525,380.98414167284,15105541
2025-07-28,366.6038513183594,376.73542024993947,365.2031743738141,374.2141903510198,7692522
2025-07-29,373.6072692871094,375.1013305269448,365.1098227013403,366.0436074141315,4454042
2025-07-30,373.0936584472656,376.87550350902376,372.11319592950264,375.1946739826267,5784866
2025-07-31,369.0317077636719,372.86020205904975,366.2770316273915,369.3118317619716,7169233
2025-08-01,367.2366638183594,371.25198610344523,363.92992781887693,370.8268227991033,9859016
2025-08-04,371.8187561035156,373.1414732990377,366.29180727092296,368.2758253993183,7536898
2025-08-05,372.7163391113281,375.8341068408779,369.88199432721154,372.2911758607322,4844402
2025-08-06,367.8979797363281,374.7949032868774,367.378361346281,373.1887629009067,8191081
2025-08-07,363.69366455078125,367.94518147136864,359.5366027180292,367.3783067821348,8126214
2025-08-08,360.2924499511719,365.63045994354866,359.1114730133697,365.1580691684278,3841685
2025-08-11,365.9139099121094,366.4807846506283,360.15076509576625,361.0482903353449,3428071
2025-08-12,364.16607666015625,368.1341420524363,363.50471801188655,366.57525819002467,3870319
2025-08-13,365.7721862792969,367.2366150411717,364.1660748780597,365.63047480748855,2043770
2025-08-14,362.9186706542969,367.1513860683712,362.3955390985737,367.1513860683712,3287588
2025-08-18,359.87493896484375,368.29279374206766,359.1139860481414,368.1025482560456,5688308
2025-08-19,363.6320495605469,364.2027570053203,359.732278247266,361.44437155419973,3627812
2025-08-20,362.25286865234375,365.2490464308697,361.63461435318544,363.86983920188203,2969056
2025-08-21,362.01507568359375,364.821007968004,361.444368244047,362.87112232922084,3166345
2025-08-22,357.2591857910156,362.77595597962625,356.97381759185,362.30037134173284,3478895
2025-08-25,356.73602294921875,359.87489895529916,356.4506837792944,358.54326778334797,1964197
2025-08-26,345.7975769042969,357.16406130511984,344.37082299761863,356.3555616191924,7126523
2025-08-28,337.57000732421875,346.60611643870766,336.8566302888644,346.22565449199584,8466993
2025-08-29,332.90924072265625,338.4260108151074,331.5776095652421,337.7602097500914,7976387
2025-09-01,343.2770080566406,344.1330546548099,333.86043742200957,334.57381442504806,3343204
2025-09-02,346.9389953613281,351.8375113546475,342.56361086178134,344.3232798376992,4912033
2025-09-03,349.840087890625,350.3632484683559,346.70124053378385,347.4621644301738,3329064
2025-09-04,346.510986328125,353.8350020130042,345.65493970937706,353.8350020130042,3479726
2025-09-05,348.2706604003906,351.2192912645546,344.9415675921958,348.03286805694813,3791077
2025-09-08,350.9814758300781,353.16915363486766,348.8413448798947,349.03159035308676,3293782
2025-09-09,350.1254577636719,352.6935976965668,348.27066584487045,352.6935976965668,2283407
2025-09-10,352.8363037109375,354.4057274295604,351.0766344996508,351.79001155606,3779353
2025-09-11,356.3555908203125,357.78234484390435,352.883828501716,353.8349978507772,2902056
2025-09-12,355.0715026855469,357.1165399865799,352.8838248165062,356.4031629822339,3124840
2025-09-15,359.9700622558594,364.58321051136596,354.8813002845737,355.07151674349956,4832470
2025-09-16,361.9199523925781,362.68087629256735,359.3517834321888,361.3968208397588,2547626
2025-09-17,365.6294860839844,367.1038159677113,361.82480874902643,362.5857616324487,4438340
2025-09-18,365.6294860839844,371.4316248252722,364.583194011394,367.6744943460474,5539743
2025-09-19,365.724609375,369.00615519230945,364.4881008502256,365.2490247074122,4225670
2025-09-22,365.2489929199219,368.2927461385407,363.9173617720444,365.2489929199219,2174660
2025-09-23,367.8172302246094,370.3853702694049,365.2015142918771,365.81976861595456,5784348
2025-09-24,363.3467102050781,368.48301915119094,362.4906635519571,366.91359544923796,3170894
2025-09-25,356.92626953125,364.8685387626717,356.02264711135706,363.3466621210859,4361621
2025-09-26,349.4596252441406,356.7360652131043,347.17682453214616,355.73734897266485,4501242
2025-09-29,353.8349914550781,355.5470846414877,349.3169371287028,349.5547294616699,4447861
2025-09-30,354.6435241699219,356.2129479079642,351.45710080638924,352.40827022670425,4700628
2025-10-01,359.1139831542969,371.2413925921381,353.9301275169058,353.9776743743353,11972697
2025-10-03,361.7772521972656,362.5857519147524,356.73603744712574,359.82733769892883,3340921
2025-10-06,359.5895690917969,363.29915286056615,357.68723034981696,361.7772760615051,2781104
2025-10-07,359.3042297363281,361.87239864784647,357.7348060803494,360.3980687070172,3154623
2025-10-08,354.31060791015625,360.77854833621905,353.835023201552,359.54203970480285,3907994
2025-10-09,353.45452880859375,355.97512172743944,351.83752933675385,354.3105754000566,4882301
2025-10-10,354.7386169433594,360.017595169099,354.0252399384008,354.3105791294304,3649004
2025-10-13,352.9789733886719,355.16665141781783,350.7912663321392,354.6910667134481,2862235
2025-10-14,352.218017578125,355.73735597276743,349.6498776118658,354.12035638011844,3501314
2025-10-15,357.4494323730469,360.3029404410405,352.59849187936584,352.8362842183653,4289079
2025-10-16,359.06640625,361.3492067359141,357.5445295835962,358.6859443402448,2414522
2025-10-17,356.6409606933594,359.5420156104793,352.9313769929305,359.5420156104793,7935534
2025-10-20,356.4031677246094,362.01506109466095,355.7848844240414,360.968769002221,7044875
2025-10-21,358.7335205078125,359.5420202742237,357.639681542614,358.9713128492637,1149313
2025-10-23,356.5933532714844,363.01374583955453,355.8799763194766,361.44432235061385,10209878
2025-10-24,354.4057312011719,358.44820123051085,353.0265239331485,357.59215455918707,7429746
2025-10-27,359.8951416015625,361.67677714802204,354.69459975605076,357.872711927222,5088563
2025-10-28,355.3206481933594,362.97695000542365,353.92420081500416,360.6656141638614,9956081
2025-10-29,371.307373046875,373.95578520666794,356.04291192897773,357.2948768302434,13697186
2025-10-30,364.3251953125,373.1853495614036,363.2658539614107,373.1853495614036,9480446
2025-10-31,361.002685546875,366.54027500424667,360.1840794881742,364.51784515046506,6011939
2025-11-03,365.19195556640625,366.01053213924337,360.18403740785374,361.0507845610039,5995360
2025-11-04,356.9577941894531,365.6253247455235,356.4281235226729,364.9993423056304,6215083
2025-11-06,349.301513671875,358.9321037439948,348.62736061073525,358.739480186461,9880195
2025-11-07,351.4683837890625,354.6946078349308,344.9677357243343,346.9901360545122,6342222
2025-11-10,349.0125732421875,353.587103459685,348.62735552297016,351.7572972507316,2951020
2025-11-11,348.67547607421875,350.0719232877156,343.33051073471967,349.5903938196445,4740197
2025-11-12,348.86810302734375,354.1167860367098,348.1458088181774,350.07192670928765,8852954
2025-11-13,345.7863464355469,350.93871832480386,345.30481690178885,348.8681472076904,5159178
2025-11-14,344.8232421875,349.2533191956682,343.4749655476818,345.78630112883104,5905363
2025-11-17,348.04949951171875,350.2645527363265,345.6418521307713,346.4604581183388,4493041
2025-11-18,345.7863464355469,349.0607707772857,345.06405213490984,349.0607707772857,3554141
2025-11-19,346.17156982421875,346.94200526928057,344.1491400431461,345.78632271145955,3569363
2025-11-20,348.04949951171875,350.50531747442125,346.6049110831503,347.18275233262307,4168805
2025-11-21,344.96771240234375,347.8568891246742,344.34170060032517,346.7012066796518,5875570
2025-11-24,342.70452880859375,345.9789233182508,341.45253455563056,344.96772318990384,19478651
2025-11-25,338.7560119628906,342.84901281816366,337.35956462088234,341.40442428100846,6515065
2025-11-26,343.2342224121094,346.5086171406477,338.75600393115053,338.75600393115053,6349414
2025-11-27,348.86810302734375,350.89053269105483,342.8489846176242,343.2342023178009,5683705
2025-11-28,347.5679931640625,350.1682642646087,346.4123399784421,348.86812871433557,3053285
2025-12-01,344.96771240234375,349.3977598644034,343.8120299573214,348.53101272574935,3297383
2025-12-02,344.24542236328125,346.5085873108206,341.9340574454292,342.8489751745978,7352239
2025-12-03,337.3595275878906,345.9307754796357,336.2038745191635,344.7750930206828,6490892
2025-12-04,339.71905517578125,341.500720166726,337.16695475697117,337.3595489188237,8305258
2025-12-05,340.2487487792969,341.21180782411824,335.33717116289165,339.09309555964904,6012088
2025-12-08,329.9440002441406,340.77841336912184,327.53635288303366,340.2487133155424,11238507
2025-12-09,330.1847839355469,331.72568421316083,324.0693534092144,328.40311890800035,5469753
2025-12-10,329.9440002441406,335.1445126660863,329.1735354544505,330.1847649802513,3749704
2025-12-11,331.29229736328125,332.4479799241282,327.6808260984199,330.32923835931825,4041253
2025-12-12,331.677490234375,333.98882579265324,328.4512369347949,333.98882579265324,3316506
2025-12-15,329.84771728515625,330.61815275192043,324.2619866755431,329.1735642090657,6075999
2025-12-16,323.0099792480469,330.32923344737543,322.43213797621576,329.8477039525542,6230737
2025-12-17,321.6135559082031,324.8397799567625,320.21710864074646,324.5990152134236,4532037
2025-12-18,324.5508728027344,325.5139317724754,318.7243777918919,322.5284430882327,6827303
2025-12-19,326.6695861816406,327.9215509784788,324.0211742427542,325.51390376130934,3443420
2025-12-22,331.5812072753906,333.0739663835296,327.0548475367484,327.92159477263914,3206025
2025-12-23,341.1155090332031,344.2935919722402,330.6663130211748,333.0257899334211,8591989
2025-12-24,341.6451721191406,344.9677373461578,340.7302543348236,341.98224863916414,3790465
2025-12-26,343.9083557128906,347.13460906208337,340.489478818285,341.74147308301553,5271033
2025-12-29,342.80084228515625,346.12337800212384,340.1042596124436,344.77510136088074,5665134
2025-12-30,338.4189147949219,342.7526801421853,337.0706381204854,342.7526801421853,4931091
2025-12-31,343.61944580078125,348.6273644495178,338.56338595724543,338.61155654227355,5847158
2026-01-01,354.1167907714844,354.98353795602765,346.075242590533,346.70122503546827,13409679
2026-01-02,366.58837890625,369.81463222689973,355.8502776245819,356.33180709362733,24228761
2026-01-05,366.92547607421875,372.4149240865384,363.6029107946208,370.1998707700638,12532845
2026-01-06,368.70709228515625,373.47421603202,364.6140921095516,368.8515452368386,9931356
2026-01-07,371.01849365234375,372.8964705288043,367.4551634627318,368.7071578437819,9531582
2026-01-08,357.6800842285156,373.1371978406006,355.6095133867733,371.7407506223277,10208126
2026-01-09,350.1682434082031,359.89514477319733,348.62734319559155,356.3318148684223,7858619
2026-01-12,356.8133239746094,357.72824168960875,344.919540630744,350.5534410978618,7377850
2026-01-13,353.3463439941406,359.31732159707735,350.1682610252982,358.8357920932995,5886522
2026-01-14,356.2354736328125,359.2209620371717,350.84233802981277,353.20184404057034,4870804
2026-01-15,356.2354736328125,356.2354736328125,356.2354736328125,356.2354736328125,0
2026-01-16,357.2948913574219,363.5547748987244,356.13920879370545,356.33183235106765,8728064
2026-01-19,356.4281005859375,360.37664790765274,354.8872004859724,357.1985359408076,8850224
2026-01-20,345.641845703125,356.09104102016636,343.86018079631083,356.09104102016636,13205286
2026-01-21,342.6563720703125,346.36415500774996,338.1300125150615,343.95650756658637,12973950
2026-01-22,352.6722412109375,354.7909535189093,346.26787491919373,346.6531220572161,9495251
2026-01-23,348.0013732910156,356.9578101773503,347.1827672682321,353.6834154764445,9232847
2026-01-27,350.50531005859375,352.4795691131095,346.5567625593361,349.49408054585484,8191822
2026-01-28,363.5547790527344,364.46969687531623,350.07195280971905,351.46840014098,7509050
2026-01-29,361.43603515625,370.53695456840757,359.22101118652637,365.9624242650939,10070972
2026-01-30,350.6497802734375,361.1471172707278,345.73817360051004,358.78761101513464,21086535
2026-02-02,349.68670654296875,354.7427659714756,341.6451585262506,346.7012179547575,14465153
2026-02-03,358.73944091796875,364.9993237796246,354.50198762812374,362.110147074245,10441929
2026-02-04,367.5032958984375,368.3219018721781,355.85027689343536,358.73945370177177,16212031
2026-02-05,367.98486328125,372.2223171586977,364.903062612072,368.56270458049954,13810435
2026-02-06,363.11083984375,368.1310240288309,358.72426593959733,368.1310240288309,12996880
2026-02-09,350.82843017578125,368.42348351261074,345.4183342104504,364.5730344843551,23301540
2026-02-10,346.831787109375,351.7545159898526,345.46708108992897,350.82844954003565,9568613
2026-02-11,345.0284423828125,348.8788618848621,343.71246417391546,347.0267587289582,8989825
2026-02-12,341.8603820800781,347.8066036709023,340.44691840781616,346.0519857831775,5630751
2026-02-13,338.1561279296875,339.7158047188147,331.2350826299334,339.325892958623,8552636
2026-02-16,344.5897521972656,345.22336248218585,334.54938376384564,337.3762810146607,6203921
2026-02-17,349.56121826171875,350.14610075178996,343.8099382307964,344.7847324647954,3611823
2026-02-18,355.1175231933594,357.359567753089,349.36624323293796,350.8284345660125,6009021
2026-02-19,344.63848876953125,355.26376969533135,342.3964739356309,355.26376969533135,3754213
2026-02-20,345.2721252441406,347.46541224308413,343.6636909795617,343.9073895349998,2080938
2026-02-23,343.3225402832031,347.85532751066063,340.3006722154451,347.7578421378247,4210986
2026-02-24,345.0771484375,346.8805236657292,338.7409861074329,342.1527658236229,7079250
2026-02-25,345.0771484375,348.48892815369,341.51915554028784,347.22170758701986,5564761
2026-02-26,345.17462158203125,348.4889158106993,342.2989668808938,345.95444501876824,3258960
2026-02-27,340.9830017089844,345.27212001846766,339.52081039848554,344.1023550707252,7542283
2026-03-02,330.4065246582031,335.7191354993651,326.21489151234965,330.9913774125624,5951923
2026-03-04,320.4635925292969,327.77454901285495,316.02829082861484,326.55605626559526,11242119
2026-03-05,333.2333984375,334.7443175264738,321.1946842905938,322.0232652983746,11657520
2026-03-06,330.6014709472656,341.9578182508718,329.9678606210037,331.4300520270052,5579379
2026-03-09,316.2232666015625,324.80147433482983,312.90897191413796,323.6317092694511,7988489
2026-03-10,325.97119140625,327.823294532464,318.4652935266755,324.41151465583204,8247861
2026-03-11,324.65521240234375,332.06365463693635,322.99808002973253,326.45858771084505,6075561
2026-03-12,334.841796875,340.6418340768356,319.05011944618116,322.65686976892283,10658407
2026-03-13,323.144287109375,336.3527370209877,322.1694928797841,333.1846557748174,6561611
2026-03-16,324.07037353515625,326.945998840977,318.46530636894806,323.631704205413,8088028
2026-03-17,329.1880187988281,330.8451511177997,322.0232753581549,325.53254048709266,10022642
2026-03-18,339.2771301269531,340.3494097620982,330.84516573176813,333.1846660049466,10611550
2026-03-19,324.99639892578125,335.3292239866704,323.24178116472984,334.35442973089516,6669467
2026-03-20,325.29168701171875,336.6104597821719,324.061385623626,330.50815288256996,10305459
2026-03-23,311.4631042480469,322.2897562138147,305.6560578007207,322.2897562138147,11748371
2026-03-24,315.7445068359375,320.6657119302423,307.13239792090405,317.417728582662,8845151
2026-03-25,322.5357971191406,323.9629285887619,318.15591252677154,319.7799042167935,6889607
2026-03-27,313.43157958984375,320.8625876260306,312.5457386008171,320.8625876260306,8875060
2026-03-30,300.2919616699219,312.6934053742329,299.2584905065143,309.29776160920756,16723499
2026-04-01,317.0240478515625,318.598839537101,307.42769762498295,314.7602754171467,9592156
2026-04-02,319.6814880371094,320.8133892987586,306.345033531754,312.5457402680966,8100516
2026-04-06,322.3881530761719,323.07713384541626,315.15400518237607,318.4511887642704,6505082
2026-04-07,324.1597900390625,325.3900913296035,319.87833554064946,320.7641464625084,8232651
2026-04-08,337.2502136230469,339.41555610082537,332.27980798373727,339.41555610082537,6840941
2026-04-09,341.33477783203125,344.3367310011751,333.36244950334236,337.250183557171,6287331
2026-04-10,344.2875061035156,348.7165908134407,340.44897202891116,343.5001252808568,6438338
2026-04-13,341.5316467285156,342.36825763417266,332.4274169526114,335.7738305385861,5524253
2026-04-15,347.0926208496094,350.6358948469729,344.6320180787534,345.0749385921695,5663934
2026-04-16,358.4606018066406,366.7282206050558,348.42133109928807,349.4055721475911,21771221
2026-04-17,367.41717529296875,371.7478599816903,356.9842440973762,358.4113756108678,14949943
2026-04-20,376.6690673828125,378.4898893227373,360.67515008536685,367.46640742279766,12043689
2026-04-21,377.3088073730469,381.3442016302781,374.01159389323647,376.66905670661265,8374408
2026-04-22,377.3088073730469,380.16310037174367,373.0273528566753,374.01159389323647,5284649
2026-04-23,370.5175476074219,380.0154675357273,369.9269969823316,375.8324431599291,6915475
2026-04-24,368.10614013671875,372.78128496465837,363.2341350908366,371.0588631859438,4834153
2026-04-27,372.0923156738281,375.9308797851109,370.0746335428435,370.0746335428435,4948268
2026-04-28,369.8777770996094,377.4564452509921,365.6455525703874,371.0588783823312,10991705
2026-04-29,357.8208312988281,366.58060090782413,352.45673545461636,362.24991614248296,16891422
2026-04-30,348.7165832519531,355.40944024603874,347.19102167738674,355.40944024603874,9031675
2026-05-01,348.7165832519531,348.7165832519531,348.7165832519531,348.7165832519531,0
2026-05-04,347.92919921875,355.4586369851775,345.8622870774468,350.38980175919374,5034010
2026-05-05,350.78350830078125,352.16143977950935,345.61624272806074,347.9292152298473,6734583
2026-05-06,353.4409484863281,355.4094304828695,346.3052012488657,353.24408827201336,9798302
2026-05-07,354.0807189941406,361.5117269333522,351.9646067364611,354.3267792575139,7776265
2026-05-08,353.7362060546875,357.8700302303399,350.53742283487236,354.0806964087671,5059153
2026-05-11,346.0099182128906,353.14566560060143,344.9764771576072,352.35828480006666,4773107
2026-05-12,338.92340087890625,348.0768303403762,338.13599004176393,344.6319867740904,5222169
2026-05-13,341.0887145996094,345.56702927747995,336.61042995839114,340.00607350333405,4765260
2026-05-14,342.8111267089844,345.02566894880124,336.3151601681762,343.50010742047687,5287354
2026-05-15,340.3997802734375,344.73043497673524,338.77578851428257,343.9922541737872,3222539
2026-05-18,328.4412536621094,339.56316562292346,326.42354146757526,339.56316562292346,6159707
2026-05-19,328.9825744628906,331.8368675309298,327.5554129105443,328.4412538942922,2521354
2026-05-20,327.75225830078125,329.72074033261777,322.97868336624725,328.1459486998181,3723835
2026-05-21,328.4412536621094,333.4608590376472,327.7522729056044,331.09868650151407,4807537
2026-05-22,331.6400451660156,332.67348628923475,327.1617302132065,330.2128835799948,4613260
2026-05-25,336.80731201171875,339.56317504086695,334.6419696054921,334.6419696054921,3489013
2026-05-26,332.27978515625,339.0218423696532,331.00025376668225,338.5789218816003,3913330
2026-05-27,334.3467102050781,335.28172121835456,331.29555681950086,331.6892472480728,3232759
2026-05-28,334.3467102050781,334.3467102050781,334.3467102050781,334.3467102050781,0
2026-05-29,332.3290100097656,338.23445676262384,329.72077703458433,337.1025854756571,10274190
2026-06-01,326.177490234375,334.49433943443927,325.7837998068939,334.29747920237156,4076940
2026-06-02,319.92755126953125,325.1932470586508,315.9413869073248,324.75035659432456,6501043
2026-06-03,320.5180969238281,322.33894890205596,317.5161736891727,320.66572707629985,4526029
2026-06-04,329.9176330566406,330.9018741695344,319.97679180908295,320.5181124065125,8844070
2026-06-05,338.48046875,341.33476159930325,330.9018311871363,331.49235174884296,11008792
2026-06-08,337.9883728027344,340.94109597230397,333.11639759493653,334.64195921788615,11062037
2026-06-09,346.55126953125,347.24022022401795,338.0375907061979,338.82497150840476,6850589
2026-06-10,343.3032531738281,349.20869924931816,342.31901216124646,346.4528364287503,4341800
2026-06-11,331.5415954589844,344.04143846129455,330.409724286949,343.00799739914316,5830091
2026-06-12,342.5650939941406,343.25407476101066,334.54353524361557,335.8722667016341,2634728
2026-06-15,346.3052062988281,348.864238938979,344.9764749244563,348.1260581795116,3911854
2026-06-16,350.9311218261719,353.0964640734784,346.8465276219206,347.43707823815436,3407173
2026-06-17,353.09649658203125,354.32679796385014,348.71661164809393,351.8661952002123,2690056
2026-06-18,353.0472717285156,359.1003480943108,348.1752665842655,354.12991283910213,4640982
2026-06-19,349.75006103515625,352.3090937571973,347.24022835066,349.60243088586896,2926136
2026-06-22,364.0215759277344,364.9073869081779,349.75008001359123,349.75008001359123,9413420
2026-06-23,356.19683837890625,365.4486984595297,355.4586575740163,365.15343815223525,5760725
2026-06-24,357.91925048828125,359.5924722816927,354.8680972373472,356.4428889187957,5365537
2026-06-25,358.90350341796875,362.2007170396551,354.32678840835825,360.3306649970529,6473908
2026-06-26,358.90350341796875,358.90350341796875,358.90350341796875,358.90350341796875,0
2026-06-29,359.19879150390625,362.1515147220669,357.2795093974403,359.7893121182153,10623804
2026-06-30,358.0668640136719,362.0038280161824,356.7873627275166,359.19876519371496,10340613
2026-07-01,364.2676086425781,365.10421951951133,356.29525034844545,359.24797341763144,7320424
2026-07-02,363.7754821777344,365.1534135801404,361.21644955232216,365.1534135801404,4706399
2026-07-03,359.3956298828125,366.48217778247783,358.11612847379314,366.13768739184815,7114745
2026-07-06,359.0019226074219,362.05307586652225,356.5413199850269,359.39561301967444,3202704
2026-07-07,350.6358642578125,360.03535400781715,349.5039930892932,358.2637321820176,4139869
2026-07-08,343.25408935546875,352.8504402406754,341.039546843498,348.175294937626,7750983
2026-07-09,346.4528503417969,348.3721324080675,340.25214372818164,343.5985572980161,5543794
2026-07-10,346.40362548828125,351.02954007980395,345.22252429570256,348.42130748589796,4023218
2026-07-13,345.5177917480469,347.0433833231847,341.82688799043353,343.5985398160789,3848578
2026-07-14,346.8957824707031,348.0276537112782,341.38402638661296,342.51589762718805,3710161
2026-07-15,346.1575927734375,350.83273780785373,345.0256915252561,348.4213351964935,3884183
2026-07-16,344.0906677246094,350.04531390042195,343.54931713984763,347.6339414155274,4094233
2026-07-17,349.5040283203125,351.37408044419703,341.9253596686187,344.48439259235005,7268772
2026-07-20,357.7716064453125,358.95270766969645,346.45283485213207,347.4370758602347,6786498
2026-07-21,356.3444519042969,358.1653038120557,351.42324676800416,356.7873723812242,3426706
2026-07-22,354.9665222167969,356.29525361745215,351.7677388624965,354.622031848234,2248543
2026-07-23,352.8012390136719,356.6397733475213,350.7835267097763,352.4075185390986,3028005
2026-07-24,355.9015808105469,358.7558739374233,349.3071535547858,349.3071535547858,4578306
2026-07-27,362.3483581542969,363.03733894503694,351.2756456816137,351.86619635415445,9400642
2026-07-28,362.6436462402344,366.236120257122,359.4940626974904,362.20072572943593,4252211
2026-07-29,368.35223388671875,372.732118822679,363.2341681213262,364.16920918660236,6301213
2026-07-30,368.991943359375,371.3049157070941,365.301039624712,366.92503126063343,4027680
2026-07-31,371.28167724609375,372.3269680789171,368.3448614684474,370.93323684146515,3604289
2026-08-03,366.453369140625,375.0149044815861,365.4080479203612,372.32697035069344,3512873
2026-08-04,366.35382080078125,369.1412833718401,365.1591766240055,366.5031437276123,3526856
2026-08-05,364.3627624511719,370.634568340939,361.9735045113112,367.7973416267024,3267609
2026-08-06,359.8829040527344,365.35830093320476,359.8829040527344,364.41253841051605,3944657
2026-08-07,365.3582763671875,367.0506838052369,359.8828798548727,360.3308789946687,4061190
2026-08-10,342.2122802734375,364.66139370695026,340.47010866477274,364.66139370695026,12493406
2026-08-11,343.1580505371094,345.4477496938946,339.62391267903865,343.4566963815379,9711188
2026-08-12,344.4522399902344,345.6468841888689,337.4835530540158,343.15806742593367,11330857
2026-08-13,344.9499816894531,345.64686249175566,340.5198759770916,344.3526596276313,8279525
2026-08-14,335.0,344.5,334.5,344.1499938964844,7298422
2026-08-17,340.0,340.20001220703125,333.20001220703125,335.5,5176231
2026-08-18,338.5,341.8500061035156,338.5,340.0,5976016
2026-08-19,337.0,340.70001220703125,336.29998779296875,339.20001220703125,5097595
2026-08-20,328.1000061035156,338.6000061035156,327.5,338.0,7840724
2026-08-21,326.6499938964844,330.45001220703125,325.29998779296875,328.5,4327678
2026-08-24,327.8999938964844,328.6499938964844,323.54998779296875,326.6499938964844,5668109
2026-08-25,326.0,329.0,323.45001220703125,327.8999938964844,4219283
2026-08-26,322.20001220703125,329.45001220703125,321.95001220703125,326.1000061035156,3061499
2026-08-27,320.8999938964844,324.54998779296875,317.29998779296875,323.1499938964844,6223407
2026-08-28,316.79998779296875,321.95001220703125,316.0,320.8999938964844,4333649
2026-08-31,323.29998779296875,323.29998779296875,311.1000061035156,316.8500061035156,8007477
2026-09-01,314.04998779296875,318.3999938964844,313.0,318.3999938964844,6496998
2026-09-02,316.45001220703125,318.5,310.3999938964844,312.0,4975534
2026-09-03,313.6000061035156,320.70001220703125,312.20001220703125,318.0,4295735
2026-09-04,318.70001220703125,320.20001220703125,313.20001220703125,313.6000061035156,5894088
2026-09-07,316.3999938964844,321.3999938964844,316.04998779296875,319.0,3769684
2026-09-08,317.8500061035156,318.0,314.0,316.79998779296875,4604418
2026-09-09,314.5,317.3500061035156,313.6000061035156,316.54998779296875,3145078
2026-09-10,313.79998779296875,316.8999938964844,312.6499938964844,313.8999938964844,3526950
2026-09-11,312.70001220703125,315.04998779296875,311.25,312.0,4509899
2026-09-14,312.70001220703125,312.70001220703125,312.70001220703125,312.70001220703125,0
2026-09-15,308.5,314.79998779296875,308.5,313.0,4665696
2026-09-16,312.6499938964844,315.5,308.70001220703125,308.70001220703125,4651938
2026-09-17,310.5,315.04998779296875,310.5,314.0,3222931
2026-09-18,312.0,313.3999938964844,309.04998779296875,311.0,4686436
2026-09-21,310.20001220703125,313.45001220703125,310.20001220703125,312.0,3372052
2026-09-22,307.1000061035156,311.0,307.1000061035156,310.29998779296875,4641953
2026-09-23,311.5,313.3999938964844,307.6499938964844,308.0,5448840
2026-09-24,308.25,310.8500061035156,307.20001220703125,309.8500061035156,5871620
2026-09-25,312.95001220703125,312.95001220703125,307.25,309.20001220703125,3896789
2026-09-28,303.25,311.6000061035156,303.25,310.1000061035156,6245559
2026-09-29,292.45001220703125,303.1499938964844,292.20001220703125,302.20001220703125,39781303
2026-09-30,299.0,301.75,293.0,294.0,6842344
2026-10-01,287.75,298.20001220703125,286.20001220703125,298.04998779296875,9069239
2026-10-02,287.75,287.75,287.75,287.75,0
2026-10-05,295.6499938964844,296.79998779296875,287.29998779296875,288.0,8639552
2026-10-06,300.0,300.95001220703125,294.8500061035156,295.54998779296875,5488691
2026-10-07,298.8999938964844,306.8500061035156,297.45001220703125,300.0,6950416
2026-10-08,295.0,301.3500061035156,292.8999938964844,300.1000061035156,4537164
