Date,Close,High,Low,Open,Volume
2020-10-06,2326.952880859375,2345.5561166791226,2271.91465419209,2345.5561166791226,9846367
2020-10-07,2345.512939453125,2374.7038353177113,2317.265150492337,2350.699608823525,9656101
2020-10-08,2422.45556640625,2473.2931414687678,2400.423152898631,2400.423152898631,19839329
2020-10-09,2411.524658203125,2426.0130496362312,2383.276868119102,2408.9956832426897,7739245
2020-10-12,2426.14208984375,2446.7171464360645,2401.0662396218668,2413.7113264858936,4623203
2020-10-13,2423.18408203125,2447.48823818637,2410.8818310130396,2439.0011124116168,4209878
2020-10-14,2418.922119140625,2446.8167794884343,2399.93815381297,2446.8167794884343,4395936
2020-10-15,2359.5166015625,2434.548212916701,2347.8076126333103,2420.1273190730603,6629355
2020-10-16,2379.060546875,2386.2493453117218,2351.510177333232,2367.6960614775485,5273773
2020-10-19,2334.50634765625,2388.272571696471,2330.244692063234,2388.272571696471,3331194
2020-10-20,2358.139892578125,2376.1336470387982,2340.016869619995,2346.086603605473,3406273
2020-10-21,2303.38330078125,2366.749243094682,2292.7507047607205,2358.1397514864802,4570143
2020-10-22,2299.72412109375,2313.0688322406895,2271.269921286172,2290.985571742331,5262294
2020-10-23,2313.197509765625,2326.283890798957,2298.8197054028337,2314.058458651931,3499091
2020-10-26,2314.403076171875,2333.12871705465,2299.1643208023493,2315.909736932558,2672752
2020-10-27,2264.42529296875,2340.1888171708038,2259.2167188339877,2324.3474370965296,3537502
2020-10-28,2257.580078125,2286.6371024006153,2243.6327485112233,2281.5144986779515,3569445
2020-10-29,2266.577880859375,2285.8201800111174,2238.6832101973287,2245.3555666549883,3105968
2020-10-30,2294.300537109375,2302.4795544288513,2257.064484575969,2269.548247853065,3427003
2020-11-02,2242.427490234375,2294.2996591743195,2238.5101308734206,2290.1239731162245,2571196
2020-11-03,2267.39599609375,2294.4297180758053,2239.372056372899,2241.91181458514,2879269
2020-11-04,2284.226806640625,2343.374172424832,2247.07694053225,2247.07694053225,4893928
2020-11-05,2312.25048828125,2333.1715892194147,2296.150785405232,2311.647866071634,2816502
2020-11-06,2330.976318359375,2335.9698645772232,2308.4625861796503,2323.7013413780246,3884421
2020-11-09,2347.463623046875,2362.4440515415527,2320.343729598056,2351.337893539563,3646592
2020-11-10,2281.1708984375,2335.884047483179,2271.48522072707,2322.151950901146,4760020
2020-11-11,2314.05859375,2318.3633384328473,2275.8323348507474,2296.968673282051,3242441
2020-11-12,2299.63818359375,2335.754957054083,2291.6313147580927,2312.5093308688784,2437505
2020-11-13,2287.411865234375,2294.3423348048073,2269.460998976518,2286.4647374931287,2548093
2020-11-14,2299.034912109375,2315.091524548824,2290.1670966596052,2305.577997442895,298819
2020-11-17,2295.333251953125,2320.2576848595636,2281.5580671821594,2320.2576848595636,2827273
2020-11-18,2261.412109375,2293.7407935486212,2244.5376313401994,2290.985798174845,2893762
2020-11-19,2270.236572265625,2304.0288240618443,2265.0279984231297,2270.3227512517196,4167501
2020-11-20,2290.33984375,2303.8997920778124,2262.1868502126913,2285.8198609740625,2711471
2020-11-23,2345.44091796875,2350.3913759951133,2294.429676566658,2315.953407116064,3706418
2020-11-24,2343.54638671875,2361.5832271478666,2328.867163483405,2354.1789812941174,3120516
2020-11-25,2325.681640625,2352.9305931581944,2314.403124333279,2349.5298865518403,3302249
2020-11-26,2342.2978515625,2351.2085472853,2307.3432393078774,2312.508933127224,2341099
2020-11-27,2307.041748046875,2339.800897324147,2297.9158153784547,2328.8668878007215,6086808
2020-12-01,2347.636474609375,2355.470986727733,2259.518234131527,2306.4830581110723,3605017
2020-12-02,2367.222900390625,2371.6567046663813,2326.6721092420767,2340.920860453286,2509032
2020-12-03,2332.698486328125,2388.1866135317773,2325.2513607241167,2388.1866135317773,2852548
2020-12-04,2348.281494140625,2358.010259908781,2323.7013580772364,2333.8605983467037,2686527
2020-12-07,2357.02001953125,2362.4440402335767,2329.857036724004,2337.4765194002043,1996400
2020-12-08,2408.333251953125,2415.4360828907415,2352.5006119603636,2359.000820493324,4277818
2020-12-09,2419.9560546875,2445.0957293023553,2404.7601751838006,2423.5719992908907,3659996
2020-12-10,2397.14013671875,2434.1609405370345,2393.6532515299014,2426.154073486651,2127801
2020-12-11,2396.53857421875,2417.287326394699,2380.1374478874955,2404.3730867941367,1795408
2020-12-14,2408.677734375,2414.101756822948,2372.991429116709,2412.3798582802788,2483658
2020-12-15,2377.553955078125,2406.0943327769764,2371.9146966102685,2398.6041178788414,2365509
2020-12-16,2422.8828125,2427.70421133273,2376.6068003361715,2392.577447502868,2565149
2020-12-17,2443.5458984375,2456.8906106062614,2414.962427959719,2420.128122992788,2863460
2020-12-18,2463.17529296875,2495.030408606584,2450.4332046750874,2469.2019364677994,6076692
2020-12-21,2428.00537109375,2485.1294244456963,2397.743096165343,2463.175223744721,2705195
2020-12-22,2473.07568359375,2482.675179628832,2426.7135018451613,2439.9291513680373,2881737
2020-12-23,2504.285888671875,2513.110617630667,2467.006747714737,2476.132892958945,2790988
2020-12-24,2504.8017578125,2515.133144577525,2482.2878180381554,2504.5003416214795,1807144
2020-12-28,2522.063720703125,2539.541026084665,2498.4738040117604,2505.3613954769894,2108994
2020-12-29,2523.011474609375,2541.521881264929,2513.9715085682906,2513.9715085682906,1994151
2020-12-30,2504.7587890625,2537.8191442271013,2498.473819772311,2526.3684813054047,2637968
2020-12-31,2464.681884765625,2501.056982008258,2449.4000391784834,2496.7522367724437,4040956
2021-01-01,2521.07421875,2531.1903707419106,2478.6724752945443,2479.533424400239,2681440
2021-01-04,2616.811767578125,2626.5405346980588,2532.008279036698,2539.7999106315733,5113293
2021-01-05,2662.915283203125,2681.2104496331494,2616.940690227785,2616.940690227785,5801309
2021-01-06,2627.186279296875,2680.5651255418056,2614.8746646566897,2668.942312246538,3726716
2021-01-07,2611.08642578125,2652.4550713343,2583.062491039336,2647.418435112393,3717827
2021-01-08,2686.935546875,2693.0483686173875,2634.5038388648354,2660.332307873314,5879039
2021-01-11,2734.76171875,2780.865584960239,2709.019424811484,2780.865584960239,9508039
2021-01-12,2733.38427734375,2763.6465535020798,2711.9896085768073,2734.761669759502,3611458
2021-01-13,2719.6953125,2735.235486908283,2691.5423169490145,2733.513588584765,3572801
2021-01-14,2804.0126953125,2817.641617749543,2691.61751993429,2721.4631268941703,6931542
2021-01-15,2789.04736328125,2824.1114607421646,2768.905861020876,2790.4705484120045,4131692
2021-01-18,2779.040771484375,2809.231328480403,2749.4108120240853,2803.4088639168835,4160906
2021-01-19,2812.63916015625,2828.4245543162547,2787.8829397835116,2788.7455273267615,2975735
2021-01-20,2854.12939453125,2870.647859949267,2818.1595400118395,2820.660959377902,3453446
2021-01-21,2823.98193359375,2854.4311013086226,2813.846531321214,2850.851447721759,2778546
2021-01-22,2849.212646484375,2868.1032271116046,2796.422126882678,2796.422126882678,3052459
2021-01-25,2839.034423828125,2880.869919684752,2828.1225650480674,2854.259009732699,2272887
2021-01-27,2812.940673828125,2852.1020574249364,2783.5695308342033,2846.5384108313824,2786662
2021-01-28,2757.30419921875,2824.9741485361455,2746.3062082588003,2786.1577098539697,3083938
2021-01-29,2683.811767578125,2774.8147510394783,2674.0213149781584,2768.9491137784144,5445659
2021-02-01,2707.9638671875,2730.089149995435,2625.8024164648887,2674.020968399952,3985846
2021-02-02,2763.25537109375,2780.981583042147,2717.150119907805,2737.852216059484,2881837
2021-02-03,2760.3232421875,2791.333221488159,2728.062342505683,2771.493708480054,2505866
2021-02-04,2750.31689453125,2792.9288406332607,2739.5777229687446,2774.1243922298722,2057261
2021-02-05,2724.008056640625,2765.3261227769435,2699.0361915221556,2759.3741428830053,2366135
2021-02-08,2772.44189453125,2782.706599050783,2721.592205284063,2751.2221629486894,2526592
2021-02-09,2740.353759765625,2799.7861565268718,2729.226466814964,2755.9666755606227,2658751
2021-02-10,2771.752197265625,2777.013854169125,2723.4473017724445,2747.3409311746523,2127983
2021-02-11,2765.455810546875,2776.928267599993,2747.3846426744685,2773.2190988484726,1165882
2021-02-12,2752.34423828125,2799.5277324326526,2744.753426159513,2746.6510765417843,2777404
2021-02-15,2708.39501953125,2768.0428515244666,2701.2355022903666,2768.0428515244666,2630853
2021-02-16,2681.611572265625,2732.374711012076,2674.0207615337163,2717.150128655228,3435770
2021-02-17,2650.817626953125,2702.357228065124,2627.0533001377667,2678.4204258750324,3678426
2021-02-18,2637.23193359375,2672.2096876641276,2614.5026691089115,2643.830643622175,4189909
2021-02-19,2649.739501953125,2662.9369222580963,2601.6932096230908,2637.792580814729,3725028
2021-02-22,2551.921630859375,2670.570568892352,2538.724001627138,2670.570568892352,5366696
2021-02-23,2570.682861328125,2611.914580107528,2560.159337436969,2561.8845121926547,3832829
2021-02-24,2542.994140625,2590.6520971446007,2519.7472404187038,2563.6098964027583,3774549
2021-02-25,2583.708740234375,2613.5541455299563,2560.5481784009316,2565.3355818103378,4224073
2021-02-26,2496.587158203125,2563.9121577933784,2484.2521142672244,2553.2591174413137,5553153
2021-03-01,2522.378662109375,2557.5722789261185,2503.0567837670387,2523.9313619351847,3265871
2021-03-02,2593.239990234375,2609.3271627195363,2542.907925850312,2553.258975752009,3306469
2021-03-03,2638.740966796875,2642.9675604469694,2585.0878667758557,2617.952528053705,3509857
2021-03-04,2630.632568359375,2658.0197164010424,2601.606588608952,2607.6015285026997,3916760
2021-03-05,2594.70556640625,2642.2771680336355,2584.8289847142937,2601.649435745231,3203686
2021-03-08,2593.757568359375,2616.2280159561988,2584.3122768891435,2601.5640277362004,2003125
2021-03-09,2631.711181640625,2645.469409575345,2580.9480357307766,2593.7573332178704,1942397
2021-03-10,2648.962890625,2668.155461410439,2639.517600154739,2652.456411920203,3053778
2021-03-12,2637.749267578125,2688.685098946833,2623.430442171593,2652.456425813767,2938317
2021-03-15,2644.82275390625,2673.1588393934207,2623.128761082734,2623.128761082734,3097083
2021-03-16,2682.690185546875,2709.387225449249,2639.5176408388097,2639.5176408388097,4894756
2021-03-17,2685.19091796875,2721.4627536823045,2661.340464919156,2678.3333915003345,3838390
2021-03-18,2619.246826171875,2714.0882754209074,2576.591918330186,2696.4052324647,3656306
2021-03-19,2631.064453125,2673.158766887321,2592.0755387210065,2613.6402270631115,5776626
2021-03-22,2699.596923828125,2708.050323567808,2603.8497099558917,2629.7705068209143,2821646
2021-03-23,2710.76708984375,2733.539311642476,2693.730989684413,2708.5242784971206,3305973
2021-03-24,2692.2216796875,2719.134365061862,2683.638766387938,2683.6819378774467,2207104
2021-03-25,2643.70068359375,2700.631443519209,2630.8911783734834,2684.5440645483513,3179786
2021-03-26,2645.3828125,2689.5472407882653,2624.8963638249775,2665.955393550723,3697370
2021-03-30,2724.525634765625,2750.3169153067583,2640.2938438418096,2659.357110741005,4694008
2021-03-31,2741.173095703125,2764.592256320721,2701.623384335881,2721.4628919475426,3530069
2021-04-01,2730.08837890625,2773.21773718281,2712.836635595626,2752.601988163642,4285076
2021-04-05,2793.8349609375,2814.6234068370836,2718.0135933017623,2735.265345718784,5317862
2021-04-06,2816.089111328125,2824.973803883292,2786.157369936804,2824.973803883292,2291562
2021-04-07,2821.86865234375,2827.1736918038127,2790.298076321503,2811.1726516221984,2491268
2021-04-08,2861.504638671875,2876.72922333794,2817.2538591748644,2820.6610375757314,2578118
2021-04-09,2865.73095703125,2893.4200964931333,2853.4390867211605,2893.11810666952,2911129
2021-04-12,2800.434326171875,2879.404277487899,2771.666940222763,2865.732177294723,3791828
2021-04-13,2677.514892578125,2772.3563503735863,2650.7746788688587,2772.3563503735863,8654596
2021-04-15,2776.625732421875,2792.411124320326,2663.195486735529,2726.035064495398,6062760
2021-04-16,2756.096435546875,2800.8216827812294,2745.271130624356,2785.29510739162,3224657
2021-04-19,2727.328857421875,2750.7911923595366,2704.297816180099,2733.539444524105,2679106
2021-04-20,2712.449462890625,2782.1465723791703,2696.750413101551,2781.8445825285053,3141893
2021-04-22,2690.23779296875,2715.425304500609,2678.549690851498,2715.425304500609,1988980
2021-04-23,2682.215576171875,2690.410156642572,2666.3008804288893,2678.3339327910185,1615309
2021-04-26,2674.711181640625,2719.7382039838667,2663.7131917577217,2675.78941594287,2490260
2021-04-27,2701.624267578125,2705.1609608500166,2676.6092280635125,2679.196990771921,1471417
2021-04-28,2694.8095703125,2718.013088769156,2684.372177800576,2717.1073298168585,1639037
2021-04-29,2687.175048828125,2723.490057888426,2678.7648227704813,2713.3546572548553,1621395
2021-04-30,2618.513427734375,2701.6669817097545,2605.014018794562,2673.1584252464727,3072305
2021-05-03,2619.677978515625,2635.20455198065,2591.212593829746,2609.2405865604173,1545831
2021-05-04,2630.67578125,2665.3949222272317,2617.952617786294,2641.932588331327,1990777
2021-05-05,2670.311767578125,2673.503298834241,2632.961691102309,2648.14331355387,1939289
2021-05-06,2683.897705078125,2703.349094381819,2651.5938468824866,2678.765351819636,1791671
2021-05-07,2702.400390625,2725.6472930509076,2684.1999200832834,2702.4867336151315,1912540
2021-05-10,2713.268798828125,2729.3991418750993,2695.585756267013,2713.6569210585,2137153
2021-05-11,2693.515625,2698.25985592109,2666.387081531657,2695.585750619421,2415625
2021-05-12,2663.324951171875,2691.272698807051,2648.6609653129904,2691.272698807051,1978558
2021-05-14,2632.185546875,2672.7271561501516,2622.2657914140586,2672.7271561501516,2043935
2021-05-17,2647.927001953125,2652.6280599765255,2618.81468456053,2635.2038410185837,2890462
2021-05-18,2664.359619140625,2694.7226491249216,2655.0436344451055,2674.0205545093654,2098538
2021-05-19,2658.494384765625,2689.5475313754764,2645.641916655821,2660.2195595772832,1986041
2021-05-20,2639.517578125,2664.3601386258806,2632.7032215557847,2645.64203321326,2329027
2021-05-21,2657.2001953125,2663.8420754481285,2635.290561983907,2640.379742850694,1685566
2021-05-24,2658.063232421875,2678.3340375368884,2649.8686516306993,2658.063232421875,1652260
2021-05-25,2699.236328125,2711.5883248095797,2671.585276336339,2680.1665788575788,1841613
2021-05-26,2737.809326171875,2743.4435704714215,2690.3950356987057,2704.4372637822544,1923753
2021-05-27,2756.4453125,2789.167265502162,2740.669472847345,2740.7994092035597,5959785
2021-05-28,2724.893798828125,2772.0480016365095,2718.0025158298026,2764.680144221278,1763701
2021-05-31,2738.3720703125,2748.0804738304973,2711.8912971628347,2730.440874326636,1652799
2021-06-01,2733.041748046875,2747.7340804858504,2714.8388058619767,2746.5640183190408,1377441
2021-06-02,2712.62841796875,2738.6326212021613,2700.1031024025397,2731.1782099155653,2240078
2021-06-03,2722.85693359375,2734.3855066677797,2706.7342420318428,2734.3855066677797,1281706
2021-06-04,2725.024169921875,2736.379424869507,2708.7715406778084,2711.3719613568587,1836060
2021-06-07,2759.21923828125,2765.5035872962007,2716.2257499250245,2726.107262347712,2559821
2021-06-08,2773.911865234375,2800.652941291355,2762.686758815591,2772.048315150032,2574057
2021-06-09,2773.998779296875,2791.11821555689,2761.8201000379795,2775.5156913705473,1710925
2021-06-10,2788.34423828125,2794.5852050996004,2767.714193512104,2782.449909543957,1874324
2021-06-11,2837.75244140625,2868.2640016376467,2783.316926339826,2783.7937124543178,3452954
2021-06-14,2839.96240234375,2868.003473953107,2834.7615618028526,2842.2593556002153,1847360
2021-06-15,2828.17431640625,2858.7292607486975,2818.46612109576,2858.7292607486975,1304985
2021-06-16,2838.228759765625,2855.8681501125543,2819.722351048015,2827.6103771033627,1635552
2021-06-17,2875.848388671875,2891.7109961422934,2825.7902937443487,2830.557731356494,2273413
2021-06-18,2858.12255859375,2910.737697398462,2838.7927215544855,2904.5832834904045,3380431
2021-06-21,2837.145263671875,2848.3269861198405,2818.5954722116307,2830.124044333925,1130569
2021-06-22,2861.50244140625,2883.9094808610066,2847.460214181411,2863.9295426652607,1708688
2021-06-23,2827.0029296875,2885.599139856037,2822.6688967348778,2885.599139856037,1467104
2021-06-24,2924.259521484375,2932.4074208008446,2841.8261096942265,2846.593547120891,4155204
2021-06-25,2930.50048828125,2946.839669579688,2903.8027963662275,2925.689668189585,2722861
2021-06-28,2892.3173828125,2939.7750517145705,2889.0668575452346,2939.7750517145705,1355238
2021-06-29,2895.871826171875,2917.9320187641097,2883.4330628958146,2896.8685694266683,1497322
2021-06-30,2900.119140625,2931.5408902618997,2893.83479069762,2900.335842346634,1693146
2021-07-01,2896.434814453125,2914.2043531921013,2888.503617177266,2910.7371261210815,990310
2021-07-02,2882.5224609375,2894.874457109893,2856.3015567820694,2887.3332807186644,1682274
2021-07-05,2878.665771484375,2924.606538087408,2862.196440060646,2896.8687167421804,1972858
2021-07-06,2827.7841796875,2884.733350441063,2822.4100192558253,2871.73124699857,2159420
2021-07-07,2838.7490234375,2845.4667764595783,2809.841142245182,2838.792406104131,2640710
2021-07-08,2824.490234375,2858.7291063276816,2801.433086588135,2858.7291063276816,2485811
2021-07-09,2780.84619140625,2844.8599591707584,2774.648607344789,2817.122141165437,6365067
2021-07-12,2767.800048828125,2804.985964762582,2763.6827177611835,2804.1191582221736,1892226
2021-07-13,2762.990234375,2785.9172333767738,2752.1117660147033,2785.9172333767738,1809339
2021-07-14,2786.393798828125,2792.851467065225,2760.779615953675,2762.5132295272724,2044279
2021-07-15,2782.397705078125,2807.503217958564,2774.6228962360215,2803.81124948361,2232968
2021-07-16,2775.31787109375,2797.0788098448206,2772.8854729987643,2791.1281405842824,1256526
2021-07-19,2766.457763671875,2779.661940534714,2758.986870561315,2762.4616651086217,1597058
2021-07-20,2784.87353515625,2792.8655184842964,2741.7425298362173,2766.4571704217306,1811945
2021-07-22,2794.038330078125,2801.5090094588377,2771.148041204873,2771.148041204873,2859334
2021-07-23,2790.998291015625,2815.929897607345,2785.612190203211,2805.8963866869444,1776193
2021-07-26,2777.70654296875,2800.900747260953,2771.8863062489186,2779.8348115794524,1259611
2021-07-27,2765.024169921875,2788.522509498278,2746.0864980011934,2779.8355234873798,1121367
2021-07-28,2777.923828125,2783.700587738903,2721.1108246514436,2769.410541258795,1660654
2021-07-29,2776.186279296875,2801.943101003976,2771.408438285911,2780.0519446070157,1731997
2021-07-30,2751.559326171875,2800.2499249067837,2747.1290905819374,2796.3407812238056,2999943
2021-08-02,2796.688232421875,2801.4660747977546,2751.168509892799,2762.461591872151,2608669
2021-08-03,2853.587890625,2858.0183382323976,2796.2972614898176,2805.027724666387,3804735
2021-08-04,2844.075439453125,2871.22226784343,2832.9995334698806,2866.7050780162026,2929598
2021-08-05,2852.7626953125,2879.735828978224,2834.129152953682,2844.9878853404775,2534521
2021-08-06,2875.218505859375,2887.5539828638334,2836.300768366551,2842.859484842023,2292362
2021-08-09,2886.425048828125,2898.8474823140036,2875.392618057942,2887.467444822578,1510489
2021-08-10,2896.153564453125,2910.052739110011,2880.2565531069713,2880.2565531069713,2040777
2021-08-11,2905.1015625,2918.8270416006376,2890.2469449854716,2910.1400563577786,1929707
2021-08-12,2911.66015625,2925.776506675617,2889.2911701909447,2889.2911701909447,1310205
2021-08-13,3008.650146484375,3023.0706256820945,2916.6550648642624,2919.4783348451433,4363584
2021-08-16,3016.946044921875,3035.536317803578,2985.282030878575,3005.6964431368747,2083489
2021-08-17,3086.52880859375,3093.261221010651,3008.302477384328,3024.8947012069034,4336019
2021-08-18,3093.04443359375,3122.9710539890493,3072.2391472921595,3104.5981658626997,2631309
2021-08-20,3092.132568359375,3105.5973962311464,3040.44500330322,3045.657194737454,2836148
2021-08-23,3159.804443359375,3190.7302007075746,3094.2176940663117,3109.9412247571786,3744176
2021-08-24,3138.781494140625,3185.821646910204,3122.449919318279,3176.830532268057,2511141
2021-08-25,3178.56787109375,3212.229938599867,3133.4390255895655,3136.001643795692,2123263
2021-08-26,3189.73095703125,3203.412959628608,3168.925456429799,3179.4367940527254,1902533
2021-08-27,3231.688720703125,3239.811136714947,3171.7052574467757,3184.648780586405,3944728
2021-08-30,3215.31396484375,3249.2366854199036,3203.4128372022465,3227.2150924852535,2033114
2021-08-31,3289.282958984375,3304.615612737441,3217.180992996099,3222.3497059723213,3207480
2021-09-01,3227.17138671875,3315.5614573561893,3220.2652761964287,3297.5794411765964,2643336
2021-09-02,3332.97900390625,3352.437765671095,3233.295850013439,3243.720232119877,3403717
2021-09-03,3337.58349609375,3350.483543043497,3305.007298617694,3322.772142557713,1746812
2021-09-06,3346.2265625,3368.4653285384056,3313.216020086968,3344.228513568609,1723693
2021-09-07,3314.8662109375,3361.819402883082,3308.2207528685676,3356.65068970896,1585039
2021-09-08,3278.598388671875,3314.084807552508,3262.831595587738,3309.7413150131206,4147175
2021-09-09,3293.58349609375,3308.612022962336,3270.649939914643,3292.1067510211997,1441148
2021-09-13,3340.44970703125,3346.573861504816,3272.3870978760497,3272.3870978760497,1691473
2021-09-14,3375.675537109375,3384.883826372717,3322.771881400139,3344.4458673337895,1991188
2021-09-15,3435.311767578125,3457.4201024494814,3358.388471374295,3372.3746023512094,2461369
2021-09-16,3390.791015625,3458.9403729078654,3381.0616345028816,3413.985223966324,2946666
2021-09-17,3325.247802734375,3427.0157522153695,3305.3979561925175,3405.2982886398604,6477148
2021-09-20,3321.46875,3362.7319291879166,3307.873703164557,3308.87262161632,2002008
2021-09-21,3355.73876953125,3363.2096613345666,3319.8614796911293,3351.438754448293,1568129
2021-09-22,3355.0439453125,3385.187953993705,3346.6176119821243,3355.348074632068,1744067
2021-09-23,3361.21142578125,3369.681235538016,3331.458504327995,3361.8629496086937,2003869
2021-09-24,3362.99267578125,3426.494411341155,3348.832847265645,3379.237295943802,2320754
2021-09-27,3333.153076171875,3391.3993601612406,3303.5738462002655,3387.9245657348456,1673362
2021-09-28,3282.94140625,3344.4887714625593,3258.7048062205004,3344.4887714625593,2253075
2021-09-29,3294.018310546875,3306.267046287889,3233.4265799954874,3266.1332112643263,2489161
2021-09-30,3279.814697265625,3305.3978259324667,3257.706362633929,3305.3978259324667,2252412
2021-10-01,3240.41943359375,3309.741623398387,3235.902243348817,3285.2008882642654,1578374
2021-10-04,3277.85986328125,3286.8507648768555,3220.655986222067,3235.727988977081,1356860
2021-10-05,3329.981689453125,3335.801926439112,3250.3220869079396,3261.093862461569,1877966
2021-10-06,3310.523193359375,3350.9611529611852,3296.710971356703,3332.32761162696,1678154
2021-10-07,3381.75634765625,3387.055493405651,3318.4717883990315,3327.115296164053,1647233
2021-10-08,3418.8935546875,3466.0204536607403,3387.9245344817896,3409.6419994464163,2934339
2021-10-11,3201.675048828125,3264.1343817040797,3179.436283975231,3261.962635608468,11845402
2021-10-12,3173.22509765625,3220.2650321071796,3153.89655787627,3219.396333690102,5752877
2021-10-13,3175.266845703125,3192.857991053429,3166.4061630547076,3170.749655733795,3545655
2021-10-14,3143.28076171875,3194.2406932053873,3140.4520744563747,3155.0742541878826,6442299
2021-10-18,3174.35302734375,3179.1835977264323,3134.577371767137,3136.31810253628,3590107
2021-10-19,3163.03857421875,3211.7356920493535,3155.2488457940203,3193.370895714602,3135441
2021-10-20,3141.01806640625,3159.426208492171,3114.4283625664993,3143.759632251714,2933693
2021-10-21,3074.56591796875,3139.799765223235,3056.0706523617196,3136.8841684930644,4871211
2021-10-22,3045.278076171875,3099.8935052260636,3033.223430340186,3098.5008355842356,2691670
2021-10-25,3040.14306640625,3058.943045805129,3002.7609114704615,3048.8902819945,2595594
2021-10-26,3031.134521484375,3071.5193896414444,3024.519659678101,3041.491784387086,3878763
2021-10-27,3037.357177734375,3056.0700308961455,3031.482212206842,3031.482212206842,2510813
2021-10-28,2978.085693359375,3061.9454848556675,2972.297848431525,3061.9454848556675,2424942
2021-10-29,2957.283935546875,3012.334545192476,2947.0135816838533,2959.2858183959333,3960501
2021-11-01,3025.738037109375,3034.963994875041,2970.513397796722,2992.2725316859896,2020718
2021-11-02,3032.527099609375,3058.1159699944874,3019.9503620137025,3041.056723071079,3087414
2021-11-03,3039.532958984375,3063.5984724746827,3016.7294325728367,3049.9337809315916,1537639
2021-11-04,3053.807373046875,3057.811138748893,3050.630624440296,3057.549986639362,328991
2021-11-08,3048.67236328125,3088.0563970942476,3029.915946668684,3088.0563970942476,2526082
2021-11-09,3051.239990234375,3076.7417393701817,3042.7974882144713,3053.241873185459,1782692
2021-11-10,3032.614013671875,3063.4248618840948,3029.0454307612417,3044.5379763984556,1516489
2021-11-11,3036.00830078125,3055.0258682331873,2990.5752730659246,3028.8713475755,1284514
2021-11-12,3068.951904296875,3076.0017364113014,3033.832576061058,3051.5010358519503,1747259
2021-11-15,3092.66943359375,3106.856432182133,3070.6491463666757,3070.6491463666757,1809157
2021-11-16,3095.36767578125,3112.0353020442994,3082.834497996638,3106.334365711463,2013204
2021-11-17,3065.339599609375,3100.9812302018886,3051.8489368672776,3090.3192548089405,1632914
2021-11-18,3025.128662109375,3064.425783307155,3004.152985656586,3059.4645310524397,2136598
2021-11-22,3010.071533203125,3060.1611031208754,2994.3180473828165,3027.4788407337737,3167936
2021-11-23,3015.163330078125,3029.6983897266873,2966.0312458584126,2998.4087961663104,2153461
2021-11-24,2996.928955078125,3040.229629838049,2980.130861868933,3022.082427881749,2161746
2021-11-25,2999.19189453125,3014.075227111931,2988.8781925600256,2997.4511638196636,1849619
2021-11-26,3000.01904296875,3037.5752247190135,2969.599602458624,2981.0014741153645,1941251
2021-11-29,3048.019287109375,3071.8238631118234,2964.8558400184647,3000.2796653058103,2981745
2021-11-30,3071.6494140625,3101.764136483824,3038.4450650200015,3038.4450650200015,5588446
2021-12-01,3113.992919921875,3124.6113337667334,3076.741243695098,3076.741243695098,2102118
2021-12-02,3170.654052734375,3175.0930013018956,3110.7730827907844,3123.9154729273373,3152938
2021-12-03,3168.52099609375,3190.7153090177285,3160.165617546686,3173.74318736998,2486263
2021-12-06,3077.959716796875,3183.796220721799,3065.4265416572375,3168.5212674324416,1849642
2021-12-07,3119.82470703125,3131.574639670369,3067.428753612896,3100.6766686563897,1484458
2021-12-08,3156.727783203125,3173.7434671096034,3134.1854072037404,3134.1854072037404,1428660
2021-12-09,3134.838623046875,3163.560681646319,3103.7230595641445,3142.019137696736,1567957
2021-12-10,3165.3447265625,3169.8705838544292,3111.6432273189575,3120.259759230678,1510718
2021-12-13,3141.714111328125,3187.2778211020996,3134.7947494906152,3176.8334371989795,1883864
2021-12-14,3154.03076171875,3163.778813501371,3113.036458808519,3137.667846677426,1747007
2021-12-15,3107.509033203125,3153.333684191236,3096.890405868701,3150.72258812373,1603233
2021-12-16,3117.30029296875,3140.6694726505343,3107.203970979604,3117.648354075334,2072320
2021-12-17,3119.694091796875,3178.0085695838147,3110.4245734298493,3135.4911377231397,4333992
2021-12-20,3095.802001953125,3138.5370197477364,3055.1124274458575,3123.7408108360028,2312310
2021-12-21,3140.539306640625,3169.1742414013142,3104.0708713088916,3118.2143081191102,2340989
2021-12-22,3160.079345703125,3165.3450991541345,3138.7553922583197,3154.2043789377194,1224328
2021-12-23,3187.88720703125,3194.676099434365,3159.4263018517217,3175.0928785551187,1792861
2021-12-24,3195.024169921875,3224.7037142044237,3172.3077611305043,3207.2964067053445,2209923
2021-12-27,3216.957275390625,3220.351615069357,3179.5315674317108,3195.1110213296242,1534135
2021-12-28,3226.052734375,3242.110932603277,3214.9991369151708,3229.0554523377605,1456218
2021-12-29,3215.7392578125,3237.7159859183944,3207.2967552562723,3213.60690491044,1456923
2021-12-30,3249.726318359375,3255.1661012826416,3202.9441852192836,3204.1192633273176,1966475
2021-12-31,3253.730224609375,3272.573548475662,3247.5941067076774,3257.6033077203024,1207141
2022-01-03,3322.83740234375,3333.4993781616295,3259.5183214661365,3263.870148330577,2346158
2022-01-04,3381.15185546875,3384.9813780824193,3317.571622986017,3334.456838580845,2488606
2022-01-05,3360.43701171875,3368.3138605317376,3318.180732029534,3363.9620338385444,1733031
2022-01-06,3313.872314453125,3337.8509209336266,3283.0179071086413,3317.8325190610126,1810293
2022-01-07,3353.952880859375,3363.874960866469,3304.2549343090877,3324.7956415940866,2460591
2022-01-10,3376.887451171875,3462.3137344601323,3360.4809775642457,3462.3137344601323,3937092
2022-01-11,3408.26318359375,3416.18359233309,3356.128390327744,3356.128390327744,1906106
2022-01-12,3359.522705078125,3419.6650281622883,3339.199804217831,3416.1835672020825,3203744
2022-01-13,3392.596923828125,3414.4431785370202,3356.999066942974,3410.091351901108,6684507
2022-01-14,3453.739990234375,3461.4428081583696,3359.653628525893,3375.146173409217,3348123
2022-01-17,3498.128662109375,3518.886959817252,3448.6485215692674,3475.10754208303,3442604
2022-01-18,3473.280029296875,3517.755570912798,3464.0540716471287,3511.0102394918767,2389041
2022-01-19,3413.16259765625,3498.0416342208123,3409.5443196960337,3498.0416342208123,3102539
2022-01-20,3336.34912109375,3417.82764835201,3322.791114252426,3409.1087002694794,6176776
2022-01-21,3342.408203125,3358.1459444240563,3288.0020610960582,3319.3029944689906,3112358
2022-01-24,3288.220458984375,3356.4896498685425,3260.973747148441,3348.0759503995805,3258414
2022-01-25,3286.955322265625,3321.395158492782,3245.365992989606,3286.6066495763694,3330501
2022-01-27,3181.761962890625,3255.1318220283392,3160.7057895166804,3253.0393597437615,5718297
2022-01-28,3217.335205078125,3251.9930207471753,3178.928199480695,3178.928199480695,3143862
2022-01-31,3257.61669921875,3276.5804096792403,3244.668977275617,3268.7333570748997,2739393
2022-02-01,3313.7666015625,3320.1751129374843,3257.74736547893,3287.0431133861125,2105169
2022-02-02,3362.20068359375,3369.0015056035154,3313.766884903713,3337.5260181924546,1984212
2022-02-03,3334.648681640625,3385.1313015453898,3327.1939390990083,3357.6666174504307,1960538
2022-02-04,3326.191162109375,3334.7357731436837,3286.1712786456783,3326.5400477247117,2307366
2022-02-07,3294.890380859375,3340.9264679175108,3274.967499946627,3305.353118242363,1919149
2022-02-08,3263.89453125,3312.9386135210448,3244.3205356543667,3305.832756080194,2946443
2022-02-09,3278.8037109375,3293.974593822682,3266.204874886914,3269.605179127238,1638721
2022-02-10,3287.348388671875,3304.3066986400545,3276.580403583315,3304.3066986400545,2112459
2022-02-11,3221.607177734375,3271.7847587121223,3217.2913416782762,3271.7847587121223,3851488
2022-02-14,3255.4365234375,3307.314253104599,3234.729026301473,3246.935550929026,5951745
2022-02-15,3328.719970703125,3343.716518513038,3267.8616718088306,3300.9936738175647,3931683
2022-02-16,3324.621826171875,3360.3695095219214,3318.431288543338,3351.5632877458197,3256906
2022-02-17,3299.42431640625,3343.716615581994,3294.890505941162,3334.9976674318455,3134372
2022-02-18,3307.881103515625,3327.1064235629706,3276.231497285131,3286.1710113776135,3688883
2022-02-21,3242.92578125,3337.4393154101585,3230.8501646958202,3321.919543735201,7465922
2022-02-22,3126.963134765625,3198.0225543570805,3112.6641465214116,3182.415724034496,5408531
2022-02-23,3107.2578125,3158.786652232301,3100.151744261149,3148.411192324621,2426203
2022-02-24,2965.88037109375,3037.550282100594,2956.682052765938,3028.962034594024,5039136
2022-02-25,3069.7236328125,3077.7886597537813,3018.499813050309,3023.731181877086,2549723
2022-02-28,3098.887939453125,3107.2145759792743,3013.1806523150753,3042.9123451891032,3288942
2022-03-02,3091.86962890625,3114.3645570939316,3056.863138182847,3097.4062459767724,2761341
2022-03-03,3090.343505859375,3120.162475048833,3077.8755818754444,3106.4301334512893,1928039
2022-03-04,3072.862548828125,3104.991744753714,3040.340829947351,3052.939667338102,2370257
2022-03-07,3038.466064453125,3093.4827107743718,2991.9506051879243,3008.037021468879,3054130
2022-03-08,3138.777099609375,3146.6677887571,3016.7554860347927,3016.7554860347927,3300992
2022-03-09,3167.2451171875,3185.903580652901,3136.2492146549575,3143.180735701617,2719654
2022-03-10,3157.0869140625,3212.059914730972,3151.8991834290077,3212.059914730972,2005441
2022-03-11,3138.079345703125,3173.5656260031114,3132.5865800478423,3141.6541986877323,1623423
2022-03-14,3176.312255859375,3180.9769774502593,3121.382892115444,3121.382892115444,1765688
2022-03-15,3133.50244140625,3190.262874496947,3126.091336067845,3190.262874496947,3651133
2022-03-16,3187.559814453125,3198.109825687102,3152.9892740297114,3174.1327209416286,3090475
2022-03-17,3202.2509765625,3234.7290512686336,3191.3959310793352,3223.0457484666144,3600452
2022-03-21,3162.100830078125,3238.1736514139975,3151.8997034863028,3222.523182319606,2413831
2022-03-22,3226.839111328125,3235.601696895942,3160.61874191533,3173.697164295669,2907611
2022-03-23,3236.82177734375,3251.9928727405686,3217.291421341195,3232.9855258355424,1596195
2022-03-24,3269.47412109375,3276.7543134409916,3221.650616111868,3226.010089205389,1879046
2022-03-25,3232.506103515625,3295.3261619554955,3201.5974776294693,3278.2369399463614,1690133
2022-03-28,3232.723876953125,3237.3449613508205,3192.1807741513976,3221.6508570404744,1760990
2022-03-29,3230.67529296875,3245.1922553919017,3218.163518176117,3221.433123484478,2689063
2022-03-30,3253.51904296875,3259.1427217856817,3231.416424918209,3259.1427217856817,1583455
2022-03-31,3260.8427734375,3273.6595838693274,3243.622851883413,3260.8864107485983,2168110
2022-04-01,3277.234619140625,3280.9401720854466,3250.467491029845,3267.861749927253,1387014
2022-04-04,3287.348388671875,3295.7620876915726,3258.3578888264396,3280.067982512089,1472994
2022-04-05,3326.104248046875,3344.239702036937,3288.7871089041378,3288.7871089041378,2314947
2022-04-06,3274.26953125,3321.308203208905,3253.1695112514726,3321.308203208905,2051729
2022-04-07,3212.190673828125,3265.6814971533327,3207.7005014089204,3265.6814971533327,2494829
2022-04-08,3213.4990234375,3230.370273168039,3175.87684750731,3217.291851009464,2296773
2022-04-11,3222.87158203125,3236.778473211479,3187.734394843684,3217.2915409273724,2291660
2022-04-12,3218.25048828125,3260.014157655668,3180.9769912928095,3211.1880563374766,4483476
2022-04-13,3192.834716796875,3234.5986001579863,3187.2546759280217,3232.113615146046,1621672
2022-04-18,3076.08837890625,3147.5401125729736,3071.2493203707204,3147.5401125729736,3820792
2022-04-19,3027.13134765625,3107.04063053991,2998.5767941194913,3095.2264139082035,3170014
2022-04-20,3101.155029296875,3111.922800837386,3034.193475539571,3051.631369077155,2640370
2022-04-21,3163.80078125,3177.184450731517,3110.3972281195647,3121.383187052368,2280996
2022-04-22,3149.76416015625,3153.644050130415,3113.9728297043894,3122.3431064127954,1581465
2022-04-25,3093.65673828125,3124.8706111779416,3080.491256003329,3102.2013489316732,1960694
2022-04-26,3092.0,3128.270689253386,3067.456038200025,3117.1540326092236,1943469
2022-04-27,3104.99072265625,3111.311957927482,3057.123798644869,3091.7379685226415,1727648
2022-04-28,3125.13232421875,3142.65728057788,3084.8071929445496,3128.358292147701,1703660
2022-04-29,3092.348876953125,3159.092458531303,3083.7608419130784,3136.2052227522518,2051115
2022-05-02,3088.599853515625,3093.4389119139187,3045.3103646568115,3068.9822217914025,1324161
2022-05-04,3033.975341796875,3091.2587764725636,3021.376506953671,3085.1991513609432,2305825
2022-05-05,3063.31494140625,3080.4041637186206,3038.8584638656703,3062.18164851879,1612262
2022-05-06,2992.8662109375,3029.398518342552,2985.803777828197,3015.884148783102,2010812
2022-05-09,3003.7646484375,3013.2682159401834,2918.1009903888535,2962.6983211124834,2481830
2022-05-10,2998.22802734375,3020.9409278192593,2983.6237904966374,2994.08652734233,1622685
2022-05-11,2974.905029296875,3006.685551881528,2948.8788846185103,2994.958609506086,1841769
2022-05-12,2971.98388671875,3007.7752079636566,2920.934620561456,2945.2603983861713,2807195
2022-05-13,2977.432861328125,2999.2302268913486,2948.878312440302,2994.958028386916,2187823
2022-05-16,2944.214111328125,2990.5988675166236,2935.32082782278,2977.520446813198,1195813
2022-05-17,3009.431396484375,3022.858487776771,2921.1954953118748,2938.2847141066395,1754076
2022-05-18,3006.990966796875,3047.2724658323123,3001.977571466822,3021.1156206320347,1866781
2022-05-19,2844.076904296875,2968.8014850294667,2816.2199109090097,2961.826327355389,4642963
2022-05-20,2871.149658203125,2889.372174896334,2851.139714546002,2885.971870225431,3065125
2022-05-23,2896.216796875,2911.169708813808,2848.4805525372544,2881.4382213379504,2293690
2022-05-24,2866.790283203125,2898.9196937554434,2855.978872147246,2890.4621433700886,1711510
2022-05-25,2780.461669921875,2890.3583930021523,2768.5241539139447,2890.3583930021523,3548046
2022-05-26,2832.5126953125,2845.284259373515,2791.7843560328024,2800.956986475671,2813186
2022-05-27,2862.6640625,2878.1126466259984,2834.4876314487365,2855.554057865002,3103153
2022-05-30,2962.685791015625,2972.648541346063,2884.6523186812783,2894.0004601077003,2094624
2022-05-31,2953.1181640625,2969.83946910257,2918.5779156420817,2944.1647611228614,4840965
2022-06-01,2945.0869140625,2973.8777450085313,2931.7888156507142,2973.8777450085313,1493835
2022-06-02,3004.599365234375,3012.499275922984,2937.274613670097,2944.911151142661,2657939
2022-06-03,3019.653076171875,3052.262281379866,3011.7970965329273,3036.550107803173,1913622
2022-06-06,3011.577392578125,3030.9322154409138,2964.3534420465703,3000.2103424202264,1084210
2022-06-07,2951.669921875,3000.9567154912565,2945.7889201087964,2985.3324048192408,2308256
2022-06-08,2988.053466796875,2996.6556349491925,2937.450233831093,2966.987037508978,2185707
2022-06-09,3008.197998046875,3016.8878132150094,2943.2431833311603,2971.243889360723,1279197
2022-06-10,2949.21240234375,2978.266606743859,2942.2781213691173,2968.6111594481968,1527582
2022-06-13,2826.061279296875,2890.4893497484964,2802.229755076651,2887.8560463627555,3030921
2022-06-14,2818.11767578125,2843.0022662978668,2786.6496119457593,2800.0795032064775,2611493
2022-06-15,2814.386962890625,2838.7010882886284,2809.73475065303,2825.0956872779684,1404536
2022-06-16,2757.94677734375,2848.2252927417594,2750.090797397265,2843.968032652371,2032028
2022-06-17,2711.337158203125,2737.5386155213027,2654.2385282186283,2714.058324390178,5240434
2022-06-20,2731.964599609375,2755.0938684218168,2693.869560234665,2715.813756717515,1502769
2022-06-21,2819.346435546875,2841.9928891984864,2743.375584391192,2747.4134022673966,2964461
2022-06-22,2829.00146484375,2853.2279399309514,2793.934686861493,2808.7688757910482,3336315
2022-06-23,2904.3583984375,2912.433820057707,2829.0019403695915,2829.0019403695915,3692578
2022-06-24,2890.5771484375,2936.1332102856513,2876.883885414416,2930.8666036304303,2132118
2022-06-27,2909.536865234375,2951.8452300646477,2902.3392121800593,2940.5221112364125,2037686
2022-06-28,2912.5654296875,2922.9670648721058,2872.5832738577947,2902.778403463079,1400046
2022-06-29,2888.295166015625,2925.600300358632,2871.1786926111868,2871.1786926111868,2133994
2022-06-30,2867.755615234375,2906.2016781293732,2857.1345378380965,2872.0565922599853,2719603
2022-07-01,2909.888427734375,2925.600387299179,2854.5451192222854,2861.5233311117086,1502879
2022-07-04,2839.62255859375,2912.3894182241925,2830.8448812294623,2907.166743052194,2622535
2022-07-05,2823.1650390625,2872.0566699547176,2814.9578231889177,2857.134615129158,2170627
2022-07-06,2862.181640625,2868.9843417565935,2810.832219180068,2825.0959473592156,2182144
2022-07-07,2885.968505859375,2913.6619042777047,2865.955360218419,2871.1780349704322,1989921
2022-07-08,2866.30712890625,2901.022892001612,2852.7456577928106,2896.634052528085,2136916
2022-07-11,2733.193359375,2830.8010937637823,2726.3467278233516,2814.255085372196,6974600
2022-07-12,2707.650146484375,2752.855185791673,2703.7441228408766,2734.1586897815223,3734815
2022-07-13,2667.31689453125,2729.8578501002676,2664.0252652907757,2724.591243315508,3863530
2022-07-14,2639.154541015625,2690.419485413844,2611.2118460002866,2689.539400531471,4764908
2022-07-15,2635.502197265625,2665.688935952516,2598.8905812888142,2656.580186606266,4574806
2022-07-18,2696.139892578125,2707.976990638422,2652.839761660094,2660.4964567532797,3202795
2022-07-19,2705.601318359375,2709.7376748973434,2666.7016042300606,2666.7016042300606,1865074
2022-07-20,2785.29248046875,2791.5850009840688,2726.54681875147,2735.1276457438817,3402251
2022-07-21,2796.293701171875,2802.1902268295585,2767.0308792365477,2787.228784035556,2420640
2022-07-22,2790.74951171875,2813.63172152786,2766.547174420653,2803.070701615963,2075886
2022-07-25,2787.0087890625,2804.3464181965073,2771.475376902359,2785.468640525085,1797504
2022-07-26,2742.255859375,2788.9003489613156,2725.1823019627623,2785.2040361556637,2639367
2022-07-27,2806.45849609375,2811.078941286618,2737.063723775086,2741.4641477682935,1389808
2022-07-28,2869.516845703125,2872.597142884527,2817.723762864332,2830.353067253872,2106333
2022-07-29,2905.951416015625,2919.504848526208,2882.277224907949,2895.478494640352,2430257
2022-08-01,2903.223876953125,2928.0422261586746,2878.7574757334005,2928.0422261586746,1306913
2022-08-02,2897.0634765625,2915.6331387759437,2879.3296371550764,2895.4792807916037,1269114
2022-08-03,2939.04345703125,2947.4042633920217,2884.082199243072,2886.6784066664172,2895824
2022-08-04,2952.640380859375,2981.6391313007757,2910.7484743753057,2948.284004184291,2150567
2022-08-05,2961.529541015625,2972.0465119063037,2952.684645379227,2958.141128427601,1106933
2022-08-08,2969.80224609375,2973.718580659818,2935.96302696034,2961.4854873266017,1068836
2022-08-10,2952.024658203125,2979.0872677998295,2935.0830245531556,2979.0872677998295,1878359
2022-08-11,3012.09033203125,3017.5468150068145,2970.3303498018386,2992.2884233473337,1449248
2022-08-12,2993.65234375,3009.0097797642084,2975.7865802362476,3009.0097797642084,1472354
2022-08-16,2985.86376953125,3005.3577774981677,2981.2873713731783,3001.969364945804,839942
2022-08-17,2993.25634765625,3008.085646866667,2966.853804993196,2979.1749915692876,1622326
2022-08-18,2975.787109375,2985.248022181146,2958.845474815157,2983.4878523567468,1430659
2022-08-19,2979.747314453125,3011.2103481950435,2966.986083984375,2980.847420528017,1398410
2022-08-22,2952.288330078125,2978.294877316551,2945.9955952204223,2961.4851727084474,1536532
2022-08-23,2890.7265625,2941.155248644901,2877.877238729922,2921.8374306422184,1849256
2022-08-24,2864.984619140625,2911.3210056702032,2860.4520527433338,2897.2396465133943,1691923
2022-08-25,2832.2890625,2885.0501070521514,2829.252812696223,2883.158010542912,1946930
2022-08-26,2835.8095703125,2866.436568329258,2831.0571977170034,2846.4586837304396,1457962
2022-08-29,2756.90966796875,2765.842442693576,2711.5412538067208,2750.264984792601,2539173
2022-08-30,2826.084228515625,2839.5936161841482,2765.314544774919,2776.6675527850575,3431525
2022-09-01,2756.161865234375,2807.4708583776205,2746.7449996854402,2807.4708583776205,3546935
2022-09-02,2755.017578125,2783.708430697643,2746.1288498985514,2783.708430697643,2052900
2022-09-05,2757.657470703125,2770.4627467931514,2739.043764179659,2749.076644387517,2147912
2022-09-06,2752.069580078125,2764.214794894149,2733.85186528633,2759.506254646854,1936453
2022-09-07,2771.9150390625,2782.73990969169,2730.022918646201,2730.022918646201,1291534
2022-09-08,2789.560791015625,2801.7500518374727,2781.156152794095,2789.868906651418,1346113
2022-09-09,2831.8046875,2845.7541171155735,2788.5486067978027,2811.8708533119707,1561185
2022-09-12,2854.071044921875,2877.7014084575,2838.2735652602178,2851.386743228349,1785928
2022-09-13,2842.102294921875,2872.1130614855856,2838.2738396110262,2872.1130614855856,1972678
2022-09-14,2746.216552734375,2764.698333727928,2740.408121912217,2759.065876894723,5090269
2022-09-15,2732.091552734375,2761.4863014530865,2728.2630976032406,2754.6656437090783,2138023
2022-09-16,2647.9111328125,2723.2905259336594,2640.2544379154365,2707.140883675961,5322221
2022-09-19,2665.600830078125,2677.2179062249493,2629.5173540244687,2671.93739753417,2072220
2022-09-20,2675.721923828125,2710.61720102937,2666.6570072003938,2684.258703617558,1544295
2022-09-21,2641.310302734375,2676.6896666312164,2638.626001280077,2664.8966169537493,2253818
2022-09-22,2646.76708984375,2666.6130461683933,2622.036834497055,2631.453699411689,2017983
2022-09-23,2624.457275390625,2660.056667387396,2621.772973415071,2643.7750963876715,2652374
2022-09-26,2635.326416015625,2663.005260925755,2575.2167829099085,2604.9196514115106,2925489
2022-09-27,2655.61181640625,2662.256499568145,2619.1323446991073,2648.527090847732,2227447
2022-09-28,2671.62939453125,2684.214650414333,2622.652760305555,2622.652760305555,2739767
2022-09-29,2637.878173828125,2689.407181056036,2631.453511913106,2687.7789382550586,2493902
2022-09-30,2644.259033203125,2657.5922330079447,2596.3384551119543,2632.2019134840502,2817353
2022-10-03,2627.0087890625,2658.471817168587,2617.371904545549,2635.853683293181,1763331
2022-10-04,2720.473876953125,2726.502543409668,2660.4961874523647,2666.6127334648536,2145875
2022-10-06,2729.9794921875,2749.385408482111,2721.6186850874424,2737.9443040294004,1790816
2022-10-07,2697.371826171875,2732.663312710145,2691.387421404363,2725.9745822630443,1939879
2022-10-10,2744.5888671875,2752.0255417803355,2644.6551816597084,2649.055606254816,3064063
2022-10-11,2701.46435546875,2767.8667110161023,2687.2070246042927,2728.2628948012457,4730645
2022-10-12,2728.9228515625,2736.9755412651284,2694.8636139240957,2714.973422007187,1665247
2022-10-13,2731.16748046875,2737.064006255312,2686.3271983230893,2728.9232210277037,2054781
2022-10-14,2727.5146484375,2772.2670452567086,2702.740347931223,2767.866621375349,2245977
2022-10-17,2745.69189453125,2760.3831460488755,2710.1326377090127,2711.19142977343,1517005
2022-10-18,2774.765625,2784.1629159418735,2760.5155551789203,2779.442189863882,1793722
2022-10-19,2754.603515625,2787.3831970318834,2745.9121586461606,2787.3831970318834,1194289
2022-10-20,2785.88330078125,2788.2656365638254,2739.735696686924,2739.735696686924,1587601
2022-10-21,2768.323974609375,2788.6183117668575,2759.1474909324643,2786.324298557894,1021913
2022-10-24,2789.765869140625,2804.1484230161673,2783.8540826356225,2797.177844444988,260949
2022-10-25,2790.11865234375,2809.66289628552,2780.4566102689723,2806.354036786087,2069643
2022-10-27,2785.97119140625,2800.6184946542526,2765.632908701152,2788.8830306568198,2438421
2022-10-28,2791.13330078125,2804.589329497575,2775.0301844485994,2779.4419971424763,1355739
2022-10-31,2817.515869140625,2822.677776187459,2803.9717333524763,2822.677776187459,1919414
2022-11-01,2876.237060546875,2878.7960411046947,2826.604168845417,2836.3543177659885,2991060
2022-11-02,2860.3544921875,2885.325394187665,2843.0161551154115,2885.325394187665,1405955
2022-11-03,2829.515869140625,2848.3102329584,2819.1481100504548,2848.3102329584,1422652
2022-11-04,2838.913330078125,2841.251720209756,2793.692247035101,2838.5604712079626,1464013
2022-11-07,2853.2958984375,2861.325484271074,2819.2368313071347,2849.1488372988474,1474498
2022-11-09,2837.72216796875,2867.501904513535,2825.0160177906464,2867.501904513535,1162267
2022-11-10,2828.5458984375,2845.619702822668,2797.0897544024365,2797.0897544024365,1573092
2022-11-11,2925.8701171875,2948.502846331555,2872.1343229110385,2884.972741372326,3265394
2022-11-14,2943.1201171875,2955.032010931176,2919.737510949914,2932.972948442887,1342074
2022-11-15,2940.5615234375,2947.0467589345967,2904.737517701037,2930.326031678355,1400708
2022-11-16,2960.635009765625,2971.7084864646695,2930.72279268046,2946.1199747492524,1748235
2022-11-17,2955.032470703125,2964.738459708122,2927.4586383025658,2947.0912069717638,1417986
2022-11-18,2950.135498046875,2967.1651410782993,2930.3264987052357,2955.915016760777,1164540
2022-11-21,2897.237548828125,2941.5321075260067,2887.972741682489,2931.6496896547724,1304194
2022-11-22,2924.98779296875,2928.517243290538,2872.310790000173,2894.1492638662367,1149739
2022-11-23,2919.1201171875,2938.2673417659494,2903.855201727249,2938.2673417659494,1150011
2022-11-24,2982.517822265625,2993.8121065011505,2919.120199429745,2926.1349389357706,1296591
2022-11-25,2990.900146484375,3002.988685816619,2954.149832260228,2985.032521665577,1588981
2022-11-28,2995.841552734375,3015.032938868525,2969.635427166336,2970.032447243622,2195437
2022-11-29,2997.6943359375,3025.6210229911208,2985.0323478503824,2985.0323478503824,1576028
2022-11-30,2991.914306640625,3013.179110074334,2977.9729383930853,2985.0318372100173,3410702
2022-12-01,3066.783203125,3070.6215662510285,3017.679815108769,3022.0916277039573,2180856
2022-12-02,3034.576904296875,3060.827188659679,3011.5032111008086,3051.297846000532,2411749
2022-12-05,3022.885986328125,3034.5772909373013,3006.2094191292977,3029.1508470416434,1475065
2022-12-06,2987.106201171875,3007.047465925803,2971.797124472303,3000.0768878174986,1166999
2022-12-07,2982.91455078125,2994.4733694927418,2959.4436237094437,2972.061449685332,1167505
2022-12-08,2956.39990234375,2982.9149402110297,2946.605591813029,2964.7381854060955,1285619
2022-12-09,2905.399658203125,2977.1799469967655,2890.928996700097,2977.1799469967655,1797896
2022-12-12,2899.840087890625,2908.266692538365,2855.4132669095334,2872.531012608813,1527610
2022-12-13,2940.120361328125,2943.958509197416,2883.3844058485947,2891.6785277132994,1378016
2022-12-14,2969.458740234375,2979.7381772420185,2947.8848046662138,2954.8555977030205,1213311
2022-12-15,2916.296875,2968.929720801703,2910.870215460734,2963.6797061285474,1415694
2022-12-16,2859.075439453125,2904.7377043992556,2845.7958391238103,2889.7375400691258,2703680
2022-12-19,2825.369140625,2863.707751618169,2818.7072600660117,2847.384043898269,2120965
2022-12-20,2862.33935546875,2866.795328503278,2791.485614361008,2822.588887777364,1529971
2022-12-21,2884.046630859375,2896.8408899414576,2858.855132823986,2866.7963970818305,1432566
2022-12-22,2876.237060546875,2906.502138037383,2863.3546970197967,2906.502138037383,1384101
2022-12-23,2848.5751953125,2882.54615313989,2838.56029430426,2838.56029430426,1360281
2022-12-26,2870.23681640625,2887.090025891861,2845.6631506643457,2848.574989923709,870157
2022-12-27,2876.06103515625,2888.67886403657,2851.354881149692,2884.6199097101226,835883
2022-12-28,2873.943603515625,2881.88486772493,2846.502037690796,2867.502312795073,910795
2022-12-29,2884.22314453125,2886.6496420142207,2848.2668636472276,2851.002274250811,1037927
2022-12-30,2873.590087890625,2910.9140670266365,2864.3252810692306,2899.487515031026,1163131
2023-01-02,2877.78125,2882.546136946802,2854.6192334296225,2877.3842299429016,709547
2023-01-03,2921.811279296875,2929.443629089992,2863.531190519576,2869.4429764459805,1245178
2023-01-04,2924.72314453125,2935.929322035629,2899.6199713139727,2917.708404852759,1231668
2023-01-05,2921.5908203125,2944.708676788832,2895.8698218927307,2938.4438163122472,1826057
2023-01-06,2833.751220703125,2913.163842641352,2823.559891136948,2911.7961377349775,2488376
2023-01-09,2929.3994140625,2935.6201129314486,2842.221953738348,2849.148585709542,2885060
2023-01-10,2899.796630859375,2910.032124134933,2850.1197842180327,2898.561409273273,3864655
2023-01-11,2937.1201171875,2955.473300937228,2886.3401103867363,2903.061052704587,2720512
2023-01-12,2942.105712890625,2955.914600902742,2925.5172535387624,2937.3849869866353,2250391
2023-01-13,2977.57666015625,2981.5031305171833,2916.208300195114,2949.6497555026567,1742837
2023-01-16,3008.709716796875,3025.8105105428135,2976.2226370534986,2993.323430799437,1843607
2023-01-17,3048.732421875,3051.8007788267178,2996.933656676586,3005.0554281038935,1688475
2023-01-18,3059.2001953125,3076.3009900989787,3043.182259186601,3050.1760059457965,2421189
2023-01-19,3043.94921875,3056.492753081922,3033.029862151857,3050.175820908443,1585044
2023-01-20,3034.92529296875,3063.3964349074176,3028.157150767711,3036.6398008661617,1529349
2023-01-23,3081.67041015625,3085.370416009231,3028.1571422247093,3057.3954283238595,1067916
2023-01-24,3100.982421875,3115.1051909529156,3083.8364610513177,3090.7850432164355,1387863
2023-01-25,3095.072021484375,3099.8097219327437,3072.737147942065,3091.0563004058586,874110
2023-01-27,3078.1962890625,3109.7357881786565,3052.251743528508,3091.6874086767493,1785879
2023-01-30,3098.590576171875,3120.970609015345,3055.1843591556817,3086.272646280671,1953798
2023-01-31,3030.95458984375,3112.4430679566062,3024.0060077479234,3112.4430679566062,2820375
2023-02-01,3075.760009765625,3085.3706843730665,3027.6158660636556,3034.835218352332,2205161
2023-02-02,3122.730224609375,3130.4911151548795,3086.362919761668,3092.5895219474696,1813847
2023-02-03,3142.494140625,3162.076591434319,3115.9628863490348,3162.076591434319,1804469
2023-02-06,3122.32470703125,3134.236594271582,3101.4789594399563,3134.236594271582,1138714
2023-02-07,3133.69482421875,3152.149246830875,3123.6327212004912,3130.4008630130397,1455647
2023-02-08,3176.605224609375,3194.4729446376878,3138.658461421749,3138.658461421749,1986946
2023-02-09,3195.330322265625,3201.421650359285,3163.249283575588,3172.0027035874955,1655427
2023-02-10,3192.351806640625,3196.683461129444,3165.820560594796,3176.51431195934,1187821
2023-02-13,3142.583984375,3202.6851807113194,3134.462212995343,3202.6851807113194,1087939
2023-02-14,3158.556640625,3180.8915095356965,3153.9542158741274,3162.978405332995,1579818
2023-02-15,3177.1015625,3181.929592578164,3122.505209592746,3146.7352493817516,1429449
2023-02-16,3210.851806640625,3226.147763863208,3182.831654026723,3183.012093754283,1618931
2023-02-17,3159.504150390625,3193.570467173406,3149.442266805479,3182.0646250812088,1061369
2023-02-20,3147.005615234375,3178.319508405955,3135.9509832133717,3160.271129596154,1296082
2023-02-21,3114.248046875,3166.498020154709,3108.607927983963,3153.0520648453344,1139541
2023-02-22,3069.623046875,3110.6379417299486,3063.7121590290617,3081.7153719826138,1218430
2023-02-23,3080.677734375,3115.510972284333,3075.443660607491,3087.1751064959585,1441570
2023-02-24,3068.63037109375,3098.861404900383,3052.2515558298396,3088.5287523343754,977592
2023-02-27,3006.72509765625,3059.2006789935385,2992.421667121703,3059.2006789935385,1128022
2023-02-28,2989.578857421875,3061.0052327901076,2977.892355176233,3003.701626574845,4116217
2023-03-01,3055.3203125,3058.298339602881,2991.5193259910147,2998.7386788139193,1669307
2023-03-02,2997.33935546875,3041.0615092127086,2994.22605417747,3033.0300687433623,1556538
2023-03-03,3016.019287109375,3030.322715031711,3006.047734357381,3026.7130393735433,1043190
2023-03-06,3042.821533203125,3072.6914693231265,3031.22536115521,3033.8422880766893,1334132
2023-03-08,3059.560791015625,3064.614424719153,3005.8219245743644,3035.7370214238013,1844590
2023-03-09,3011.236572265625,3054.6879538516177,3005.8220589057696,3054.6879538516177,1648500
2023-03-10,3005.957763671875,3011.5978825619827,2968.9585837527675,2989.623891239265,1024404
2023-03-13,2961.69384765625,3040.9714410429538,2952.7148231102783,3007.7623794090946,1901233
2023-03-14,2901.231689453125,2981.9530185255367,2896.223220337673,2959.934084802029,2670334
2023-03-15,2886.747802734375,2942.2016217694713,2880.521200296672,2932.861497795797,1780522
2023-03-16,2874.203857421875,2905.6080755004514,2862.4724131058674,2894.959489673273,1901060
2023-03-17,2869.060791015625,2907.0524989935184,2837.2053560273353,2843.0710795687405,6739966
2023-03-20,2836.57373046875,2860.3523392948427,2793.0320130478685,2860.3523392948427,2289468
2023-03-21,2803.00341796875,2848.7108468749984,2795.1973623365025,2836.5733568003143,1815297
2023-03-22,2825.29345703125,2836.7541342993322,2803.003751733395,2824.616642779389,1123939
2023-03-23,2819.743408203125,2839.326076534462,2798.4012872223343,2810.944823053039,1372218
2023-03-24,2815.99853515625,2860.668276380488,2802.9134594440998,2841.6271470449155,1329577
2023-03-27,2817.623046875,2845.1016629132937,2802.913572280926,2829.0837247587583,1524217
2023-03-28,2811.8466796875,2842.213204809798,2806.657771534179,2821.8636165972694,1303530
2023-03-29,2832.6025390625,2842.619476774167,2801.1985382394446,2823.6686802623394,1740616
2023-03-31,2893.06494140625,2899.472204338833,2844.424646148771,2878.671402631456,2382581
2023-04-03,2887.74072265625,2910.256032039784,2864.0522245407105,2910.256032039784,1521830
2023-04-05,2923.65673828125,2945.811165900153,2874.6553489199614,2874.6553489199614,2655065
2023-04-06,2906.4208984375,2939.494687765259,2901.277154078457,2910.3013442933197,1703464
2023-04-10,2944.953857421875,2952.7147483714607,2901.276869197508,2905.78896386189,2203187
2023-04-11,2900.194091796875,2953.572085045166,2880.656589162442,2945.4954794330633,2348779
2023-04-12,2925.326416015625,2942.7431464979895,2886.8383344135827,2912.963319978562,2417727
2023-04-13,2877.6787109375,2914.8131620108825,2869.6922152305283,2896.7647832987404,4174070
2023-04-17,2833.14453125,2854.7122578378658,2770.6520137188445,2828.2715566379666,5505048
2023-04-18,2825.248291015625,2848.801515098883,2807.064636248936,2847.086786804494,2617302
2023-04-19,2788.11376953125,2833.595598009388,2771.779897861731,2825.2482224420037,3298034
2023-04-20,2801.830322265625,2809.230113386837,2777.6454510133904,2788.4744781128575,2419999
2023-04-21,2852.411376953125,2855.6599533822787,2798.22106827922,2806.5232795765946,1929184
2023-04-24,2864.999755859375,2870.5495443318514,2821.09694130206,2843.612470588807,1640676
2023-04-25,2866.082763671875,2879.7994885025946,2840.3638219953486,2872.3996967152325,2024090
2023-04-26,2886.0712890625,2895.3210839802464,2870.5948910586885,2870.5948910586885,2000029
2023-04-27,2876.8662109375,2887.018423289877,2861.2543203233117,2874.2041193174095,2434446
2023-04-28,2905.1123046875,2912.331656535757,2884.3566681237626,2888.101618768192,2931312
2023-05-02,2905.247802734375,2919.325628047492,2896.765151787465,2919.325628047492,2321159
2023-05-03,2869.601806640625,2902.179217450923,2863.5104789920574,2902.179217450923,2468285
2023-05-04,2906.4208984375,2909.8049697680735,2867.8876502834637,2869.827763052802,1953253
2023-05-05,2915.44482421875,2927.447040179334,2896.809961242115,2905.788985628069,1710027
2023-05-08,2933.403076171875,2937.238356642924,2915.9863466752167,2928.349442012585,928235
2023-05-09,2962.8671875,2976.177867775832,2929.2520796847634,2935.208133223178,1107375
2023-05-10,2966.07080078125,2983.8484109430083,2947.3456066100516,2968.9584975056696,1559987
2023-05-11,2961.8740234375,2986.7357075154237,2952.7145599800533,2986.1040583661356,1719623
2023-05-12,2954.790771484375,2968.95870665941,2941.886134866163,2959.1673717339913,1027479
2023-05-15,2937.418701171875,2970.7630356526083,2931.372538570999,2963.5436844116543,1150390
2023-05-16,2940.216064453125,2964.4461001565937,2933.267482954537,2938.4563916534416,986306
2023-05-17,2895.591796875,2959.93431554151,2886.161562402632,2938.2310945607733,1588815
2023-05-18,2887.605712890625,2913.865975306526,2883.228892329398,2911.1587181306295,1369364
2023-05-19,2908.361572265625,2918.87466697079,2890.4936294833715,2896.7653983540686,1152449
2023-05-22,2976.80908203125,2985.6076660126437,2903.1266694318583,2914.8129497334676,1333243
2023-05-23,2975.32080078125,3003.205461561012,2969.049032388337,2983.397407291097,1687418
2023-05-24,2981.005859375,2993.5042301988665,2956.324611866416,2956.324611866416,1016555
2023-05-25,2972.1171875,2983.3974258008197,2948.2934123355303,2972.568397032033,1374917
2023-05-26,3004.062255859375,3012.8608403328844,2969.8606669045807,2972.1167142054805,1791115
2023-05-29,2996.346923828125,3042.9567756365113,2988.8116372799896,3032.84972720672,1210372
2023-05-30,2992.601806640625,3002.3028107703726,2979.201016847023,2991.518947917476,1344224
2023-05-31,2968.50732421875,3002.9796862307608,2946.5333332663195,2986.1044948593535,5815424
2023-06-01,2999.64013671875,3014.0788377378535,2975.72603815586,2990.6159485818102,1177314
2023-06-02,2983.036376953125,3010.379496788302,2975.6815298082374,3001.671241441304,2030661
2023-06-05,2967.96630859375,3002.3485669644892,2964.4921269930105,2991.5195369664207,1861468
2023-06-06,2916.888671875,2967.920505036819,2906.3304147456515,2959.9340095974917,2022849
2023-06-07,2955.331787109375,2958.8965182829807,2924.739872252775,2935.568899857537,1567196
2023-06-08,2920.6337890625,2950.9099891306146,2917.520487724549,2942.7882185183284,1759366
2023-06-09,2896.13330078125,2932.8617095107734,2892.5687898438873,2928.3496145730646,1775689
2023-06-12,2930.064208984375,2936.8323515906563,2897.6674545025,2901.2771305591828,2324605
2023-06-13,2927.17626953125,2946.3978370029945,2922.9349445796934,2941.885742306206,1371928
2023-06-14,2933.809814453125,2938.141470425903,2911.068895992508,2927.176945590073,1658544
2023-06-15,2924.0361328125,2952.3554558246337,2918.3085669348598,2950.4009142583286,2273810
2023-06-16,2886.39794921875,2908.6716434866084,2869.2154738515223,2906.489819361,4156189
2023-06-19,2918.67236328125,2922.763450383881,2886.4892335228265,2900.126190531596,1468186
2023-06-20,2934.400146484375,2938.7640167937166,2910.171910116586,2921.9451044006205,1528452
2023-06-21,2962.128662109375,2965.0378350347974,2930.990945518115,2954.6738371268343,1645987
2023-06-22,2944.21875,2970.7198119240816,2936.5821435529915,2963.7650532654006,1529603
2023-06-23,2924.08154296875,2954.1281240159633,2917.535626765662,2943.1277797551047,1119505
2023-06-26,2899.807373046875,2921.8537828251756,2884.6704423318647,2913.76261193622,1978803
2023-06-27,2906.808349609375,2917.990476643383,2893.1258918679814,2911.035717443629,863542
2023-06-28,2923.26318359375,2937.354704231224,2903.2168146828576,2916.4902067752564,1575872
2023-06-30,3002.176513671875,3009.222275797988,2922.0367403358537,2927.4005220753843,2672406
2023-07-03,2974.947021484375,3017.2215789622455,2971.719564640637,3013.13049275471,1687264
2023-07-04,3008.17578125,3013.766843625605,2979.4926768539303,2991.038586886347,1656681
2023-07-05,3018.267333984375,3026.495008241709,3004.6758793147633,3018.312834894104,1453008
2023-07-06,3020.94921875,3025.9949366964006,3001.9484827926003,3006.0850703686824,1848238
2023-07-07,3026.72216796875,3051.8595329506525,3001.9483663386086,3001.9483663386086,1789326
2023-07-10,2974.62890625,3022.6310315390187,2968.492276589758,3022.6310315390187,1407431
2023-07-11,2975.038330078125,2995.5847665765177,2964.4925502644905,2995.5847665765177,1110172
2023-07-12,2963.674072265625,2990.266136197233,2954.764772000077,2982.811311383607,1515240
2023-07-13,3036.995361328125,3061.4508783669453,2975.356280703942,2985.583996893055,4585146
2023-07-14,3195.275146484375,3204.5484543463,3047.4051722401337,3059.2238677171986,6306101
2023-07-17,3174.410400390625,3227.3217423976093,3161.0917295383088,3191.0475301955958,2743228
2023-07-18,3179.0927734375,3203.775575367843,3150.1368810015824,3160.1373155444444,2600090
2023-07-19,3154.727783203125,3197.2751275399046,3132.5448697161914,3181.9561925165294,2405370
2023-07-20,3156.779052734375,3170.9982338938335,3131.940826772371,3147.4818530276434,1715404
2023-07-21,3070.1865234375,3130.8919148107307,3061.7552005357065,3102.7724470849726,3770223
2023-07-24,3094.295654296875,3111.3405552900845,3073.6503948838067,3081.762606135278,1680132
2023-07-25,3098.306640625,3105.2797075197404,3081.033863241791,3096.8027636160755,1272980
2023-07-26,3088.41650390625,3118.085690977951,3085.4085278953876,3099.4000558754824,1066803
2023-07-27,3096.255859375,3109.700404471625,3085.454782088273,3094.4784894450686,1701769
2023-07-28,3058.42822265625,3093.338502704607,3036.1878482954903,3085.4085459262187,2599831
2023-07-31,3118.633056640625,3123.3727839050766,3063.4420158387807,3066.6322468385074,2743678
2023-08-01,3146.5244140625,3153.770750326194,3112.753500683223,3112.753500683223,1956167
2023-08-02,3136.13330078125,3141.374393886134,3111.477553853232,3130.937826905583,1914899
2023-08-03,3099.035400390625,3129.3882090010948,3069.913198256954,3117.3109079687597,2026351
2023-08-04,3138.77685546875,3163.7973343932103,3100.220594527487,3100.220594527487,2248493
2023-08-07,3175.692138671875,3179.2924970791487,3136.6801334786755,3148.2560679609046,1853889
2023-08-08,3163.4326171875,3181.06990066204,3150.67169533121,3175.6921726071587,1634225
2023-08-09,3156.0498046875,3160.1515300654332,3121.9143791043803,3158.2373025425936,1794589
2023-08-10,3137.455322265625,3158.237218937404,3126.4717689822373,3144.656039836463,1096701
2023-08-11,3143.56201171875,3159.8320536556635,3111.8419612799826,3133.8090658955844,1679974
2023-08-14,3144.519287109375,3149.213394617888,3109.1076379281085,3136.178979187144,1190425
2023-08-16,3152.3125,3159.2399472355787,3131.1658720380547,3144.6560351883286,1328445
2023-08-17,3131.6669921875,3154.499972197025,3111.112748256115,3149.2132599891765,1843241
2023-08-18,3069.09326171875,3108.1962872876197,3059.431330874163,3108.1962872876197,2526749
2023-08-21,3100.584716796875,3107.967910164372,3073.558997895524,3076.293480989737,1375579
2023-08-22,3082.81103515625,3109.1077405028673,3067.2246127209246,3099.0813009996327,1222012
2023-08-23,3097.486083984375,3100.9041882483175,3077.2053320183186,3088.143265662933,1330046
2023-08-24,3087.91552734375,3110.9763829614676,3079.1196943322775,3106.373291177773,1152881
2023-08-25,3082.0361328125,3086.137857710432,3053.734186510207,3076.2936734488317,1158046
2023-08-28,3076.795166015625,3093.6121942799687,3062.712621128665,3093.6121942799687,1037485
2023-08-29,3077.342041015625,3089.556200731551,3067.178966440109,3081.8084975473785,944517
2023-08-30,3090.83203125,3106.464294438142,3083.6313141767887,3097.2581115677926,1188200
2023-08-31,3059.704833984375,3114.941268101216,3047.7185475864435,3099.9928470608975,3417652
2023-09-01,3080.121826171875,3089.0545157816123,3059.7044406634573,3068.0901446211,1277950
2023-09-04,3115.943603515625,3129.023637156642,3071.7817443830672,3079.028080349797,1828332
2023-09-05,3125.833251953125,3141.9210382883625,3103.7749105597304,3117.310690729968,1501842
2023-09-06,3126.334716796875,3139.095639063221,3097.349371389577,3130.071933045149,1314818
2023-09-07,3149.44091796875,3153.770516220787,3119.4072230217057,3127.15492515693,1885092
2023-09-08,3137.2724609375,3158.3280704200915,3131.0288578677555,3149.4410000920693,1518917
2023-09-11,3172.593017578125,3177.1961089834826,3140.098329969077,3155.5937353709564,1783604
2023-09-12,3263.879638671875,3272.174105327243,3174.7354296463814,3182.938880368982,4476016
2023-09-13,3252.075439453125,3271.2168221792035,3231.2477030451937,3255.0377963035894,1754929
2023-09-14,3244.966064453125,3279.283743631725,3231.79501333232,3254.081009523971,2604721
2023-09-15,3279.830322265625,3288.079391037457,3247.153159229306,3252.0753624763356,2952897
2023-09-18,3286.98583984375,3298.9721261758623,3258.820748484001,3263.1959666407256,1395753
2023-09-20,3286.89501953125,3304.167797025683,3263.1505416143295,3263.1505416143295,1649396
2023-09-21,3267.98095703125,3285.937352425598,3215.7522827621383,3270.9433138676945,2004073
2023-09-22,3284.70703125,3312.143104423616,3249.523477440977,3266.7962535271386,1989083
2023-09-25,3260.552490234375,3299.6101189147753,3243.6898418366063,3283.658965024994,1238778
2023-09-26,3268.345947265625,3276.7772718114297,3223.044712861221,3251.8480295119207,1726062
2023-09-27,3271.626953125,3294.1408207023737,3241.000651722388,3272.264954709884,1541134
2023-09-28,3223.72802734375,3283.9322808574702,3215.160068443675,3281.38005186612,1755753
2023-09-29,3216.299072265625,3252.6219888175337,3195.2890828619466,3224.1377902043046,2243791
2023-10-03,3202.8544921875,3221.403268582757,3172.0915580533924,3221.403268582757,1948148
2023-10-04,3224.6396484375,3233.982467007632,3169.5398507426544,3177.7433011944777,1788138
2023-10-05,3271.6728515625,3303.2560467713934,3236.8992030912727,3239.451432181438,2990768
2023-10-06,3300.885986328125,3313.2367809094894,3258.638351141779,3273.176643439127,2075691
2023-10-09,3316.3359375,3353.388098061812,3309.636364246382,3322.4429058385053,4233074
2023-10-10,3307.72216796875,3325.13180122624,3282.610673537835,3317.885464751515,1848148
2023-10-11,3290.40380859375,3326.954825968897,3285.937574689828,3326.954825968897,2426417
2023-10-12,3229.014892578125,3271.0346556007717,3224.958786550778,3258.5928446615626,4241281
2023-10-13,3254.810546875,3260.4161495923545,3213.018430895457,3217.575903847082,2890357
2023-10-16,3212.15185546875,3258.27333816753,3207.640002736549,3250.389000692715,1671104
2023-10-17,3196.656494140625,3221.3578589700005,3193.2840093522973,3217.5752462064243,1672065
2023-10-18,3178.609130859375,3210.9215657245095,3175.6467737942685,3200.2571247966926,1408245
2023-10-19,3157.955810546875,3177.3296712861907,3154.5288620352453,3170.6127629599455,1514545
2023-10-20,3193.504638671875,3198.028165823499,3147.355068054905,3153.1578999999892,1481211
2023-10-23,3116.37548828125,3179.2486146541296,3108.288023694424,3173.811234327899,1106272
2023-10-25,3098.052490234375,3129.9458639550335,3086.263655158993,3098.4179421137346,1518537
2023-10-26,3049.298828125,3083.065649974906,3043.1303207181386,3077.9024700555783,1984471
2023-10-27,3062.275634765625,3072.3737549352513,3049.5274301662507,3061.4075190461313,1108851
2023-10-30,3087.498291015625,3091.427903783305,3046.557629431455,3061.407741610911,910972
2023-10-31,3078.5419921875,3106.1860427295915,3061.4529873832034,3106.1860427295915,999811
2023-11-01,3043.723876953125,3081.146329295186,3025.7667578631294,3065.9762828845664,1563475
2023-11-02,3070.6376953125,3085.122132161333,3055.1934450392946,3055.1934450392946,1245384
2023-11-03,3062.229736328125,3096.0422952066797,3056.1984407717223,3090.6506520884154,1402598
2023-11-06,3089.05126953125,3100.063241613325,3069.631895379179,3084.253541799562,1099852
2023-11-07,3080.095703125,3110.8925036423684,3076.0291020236123,3086.99533768145,1191144
2023-11-08,3090.2392578125,3108.8817673622384,3079.273023228274,3081.009254460664,992899
2023-11-09,3059.0771484375,3099.3324172908847,3054.14243153224,3098.0531123476367,2112352
2023-11-10,3046.282958984375,3059.076899811592,3036.139325479398,3050.441034374945,1338557
2023-11-13,3044.547119140625,3066.890781193562,3040.389043215429,3066.890781193562,1030990
2023-11-15,3111.029541015625,3118.9800168000415,3066.936137613749,3091.6559037281313,2059802
2023-11-16,3196.520751953125,3225.307120972767,3120.076815913559,3134.5614749653105,3951984
2023-11-17,3200.724609375,3220.875113994912,3191.6775533131577,3196.5210191589413,2021292
2023-11-20,3216.396728515625,3229.464646386725,3190.4889097792343,3190.4889097792343,1475621
2023-11-21,3207.806640625,3234.171387970376,3199.39923794906,3216.396992381275,1807236
2023-11-22,3226.037841796875,3228.3224741290987,3181.2135339255397,3198.485265113703,1798051
2023-11-23,3206.0244140625,3238.69465500962,3198.4851276900877,3225.9007144988595,2729804
2023-11-24,3159.281005859375,3202.6432821116277,3155.5341196594813,3193.230552452981,1989733
2023-11-28,3171.20654296875,3181.350399374295,3137.25699707058,3159.2809411434473,1689195
2023-11-29,3211.050537109375,3214.9344118251956,3176.3698651510044,3181.121855475698,1441634
2023-11-30,3187.153564453125,3213.7008135539186,3181.1220458782195,3197.982587796699,3266235
2023-12-01,3209.131591796875,3213.9750570070746,3189.3925021316686,3198.4852942750963,1172141
2023-12-04,3209.863037109375,3242.1678310288294,3196.6579054208332,3239.2890601133026,1625213
2023-12-05,3227.36328125,3233.21185109275,3201.0442707403495,3233.21185109275,1377656
2023-12-06,3293.617431640625,3301.613644771774,3221.468564387526,3228.276947197519,1896572
2023-12-07,3303.48681640625,3317.788748405097,3282.2854733793333,3294.4397617823906,1967653
2023-12-08,3314.2705078125,3330.9940617152665,3291.74412143969,3320.027826121142,1641155
2023-12-11,3329.074951171875,3338.304955567598,3303.5785421234236,3310.797891464415,1102503
2023-12-12,3355.759033203125,3379.7931839082994,3318.199593016971,3325.4646783221265,2236866
2023-12-13,3283.97607421875,3335.563024872104,3256.0578240052896,3329.6687183950803,3850968
2023-12-14,3351.327392578125,3361.151312264597,3315.093210605896,3317.286368548256,3290396
2023-12-15,3528.38623046875,3560.3253463636993,3350.824558139156,3350.824558139156,8531230
2023-12-18,3526.74072265625,3590.5276934688904,3500.1932538820056,3525.7356184295736,2521612
2023-12-19,3487.4453125,3522.9943233611416,3463.502411689987,3513.7643200390503,2004435
2023-12-20,3454.41015625,3562.930202481097,3442.0731404679386,3497.5439742144413,2586083
2023-12-21,3461.21826171875,3478.764194819794,3420.8717407298955,3432.6603552689257,1517562
2023-12-22,3494.57373046875,3514.632758384625,3437.9148467634514,3472.6412593570217,2413058
2023-12-26,3468.57470703125,3503.712309330165,3463.639767096589,3490.7813789656334,1285231
2023-12-27,3482.87646484375,3489.273435762688,3443.3980603657433,3471.7275030067567,1293976
2023-12-28,3472.550048828125,3507.3679386085805,3465.4221736618024,3494.5739961540417,1682889
2023-12-29,3466.609375,3493.294057192247,3441.021494734587,3465.330070230173,1574996
2024-01-01,3482.784912109375,3501.884348671573,3447.9670270192705,3463.5025264784085,825907
2024-01-02,3457.28857421875,3482.785206409597,3442.7126637044803,3482.785206409597,1344068
2024-01-03,3373.71630859375,3446.916012198502,3369.4212447573177,3442.4837365673884,1803075
2024-01-04,3350.91650390625,3398.619589854675,3336.4775806828225,3382.8556242926975,3598144
2024-01-05,3415.890625,3424.892165201283,3358.2723788278463,3358.4093675177683,1963127
2024-01-08,3361.425537109375,3417.5817593808756,3356.0336705400387,3415.891042086117,1067805
2024-01-09,3372.02587890625,3429.09617357813,3365.4919196193155,3390.3486750012953,1370944
2024-01-10,3393.181884765625,3407.986258562806,3370.289822773917,3372.11752875156,1292227
2024-01-11,3413.743408203125,3447.9671563203865,3387.6528620407294,3403.188362082459,1777909
2024-01-12,3548.308837890625,3568.824795228531,3492.38107316136,3516.506705598716,6813450
2024-01-15,3567.4990234375,3623.4267767315314,3550.3185441619166,3618.85751219593,2801505
2024-01-16,3528.66064453125,3563.1128581170137,3523.4059897648553,3563.1128581170137,1432672
2024-01-17,3549.952880859375,3573.11891681027,3484.1097382002936,3490.0040444785163,3458696
2024-01-18,3566.40283203125,3572.068676049219,3529.3003107278364,3562.1990189583394,2239110
2024-01-19,3628.471923828125,3647.3364255507404,3602.705775133821,3630.2663071081665,2941975
2024-01-23,3550.436767578125,3620.051280568456,3536.173365803367,3588.8559304230384,2618854
2024-01-24,3535.29931640625,3573.8103676439687,3501.9874154730123,3570.4516563375996,2657709
2024-01-25,3506.31201171875,3552.9670901927334,3477.232988921668,3533.5503710597345,2205154
2024-01-29,3497.75439453125,3515.2385654063073,3479.212061073679,3497.5703955598956,1646747
2024-01-30,3497.33984375,3540.8202098796714,3484.8708260966287,3503.689267668841,1411621
2024-01-31,3511.511962890625,3528.1219717224376,3493.567680561833,3507.1409197592525,2459358
2024-02-01,3546.66357421875,3593.364709605868,3501.4809356666156,3515.2381710106256,2363107
2024-02-02,3649.86669921875,3666.522537605696,3563.089954213246,3565.896668660393,2826510
2024-02-05,3656.308349609375,3701.12299635316,3646.0019356759444,3665.234434230392,1691523
2024-02-06,3806.02783203125,3818.818793148955,3671.675785736143,3678.1173222023467,4474396
2024-02-07,3757.62451171875,3823.512322961572,3748.928481692986,3821.6718838169454,2124267
2024-02-08,3804.279296875,3826.272451742055,3760.062707616723,3763.697529491343,2345173
2024-02-09,3803.9111328125,3850.8881536905233,3772.8995591447865,3806.533398655103,2100596
2024-02-12,3791.94873046875,3827.745179692485,3778.007045373113,3800.5065922172184,1013716
2024-02-13,3818.45068359375,3837.3151826933213,3755.875759751269,3796.3195851121786,1257415
2024-02-14,3772.99169921875,3786.6107667795436,3726.428507128435,3779.341123293365,1391283
2024-02-15,3775.8447265625,3815.505826442883,3757.2561134518432,3798.665989794075,1091582
2024-02-16,3798.941650390625,3817.0243214473626,3772.9917323521654,3785.0925278553214,1307556
2024-02-19,3776.396484375,3798.941861408623,3731.489953932272,3794.110709187132,772291
2024-02-20,3709.082763671875,3771.059638965151,3690.0803202172415,3756.4282382838423,1193648
2024-02-21,3673.055908203125,3739.1737650742916,3663.0256061355944,3692.8406262355356,1885939
2024-02-22,3761.02880859375,3768.25239610325,3654.1912461332404,3654.1912461332404,2982052
2024-02-23,3728.821533203125,3800.5065425299695,3723.5761023123614,3800.5065425299695,2538072
2024-02-26,3681.843994140625,3726.8886902919344,3665.0039336444943,3714.0056182761105,1379284
2024-02-27,3776.948486328125,3794.984876771557,3679.9574496143205,3679.9574496143205,2960475
2024-02-28,3790.33837890625,3823.4200011181556,3762.777624498999,3768.8511632078385,1939225
2024-02-29,3768.390869140625,3807.9603066412583,3740.278119193048,3771.979635234801,3772719
2024-03-01,3767.700927734375,3809.7088594718166,3760.7532253406666,3779.525838576427,2043265
2024-03-04,3755.139404296875,3789.371522353806,3750.722306075315,3777.500781504877,1749271
2024-03-05,3692.012451171875,3739.7717495452293,3662.473317714078,3737.9313106921068,2070859
2024-03-06,3740.048095703125,3747.1337408010263,3642.642773405773,3675.4026769184316,1744204
2024-03-07,3780.8134765625,3794.984765306861,3715.5697869974592,3740.6918212833148,2688905
2024-03-11,3793.46728515625,3821.6719254900136,3762.7778722197604,3762.7778722197604,2304068
2024-03-12,3857.7900390625,3892.482492505704,3792.270233646347,3793.4667885423355,4039801
2024-03-13,3817.990478515625,3902.6506674824695,3802.2546361359555,3869.522767451965,2837260
2024-03-14,3871.915283203125,3887.9270110877537,3760.0165129714937,3822.0854919676153,2919608
2024-03-15,3882.635986328125,3900.8103208022567,3843.7567138454883,3858.1122273965675,3373143
2024-03-18,3821.211669921875,3915.3041186273567,3789.326152475134,3878.9554465113024,1526904
2024-03-19,3659.989013671875,3734.250681402964,3650.142710085243,3728.0391998604628,8931209
2024-03-20,3654.099365234375,3697.441791681991,3644.2530619412323,3667.994768950826,1817913
2024-03-21,3655.986083984375,3688.6078209191865,3633.0266519750294,3671.7219275853204,3829582
2024-03-22,3598.885986328125,3623.824022104687,3547.4458113797787,3586.095026445395,5852485
2024-03-26,3568.150634765625,3631.8297707294355,3562.583262601489,3565.850086322836,3440925
2024-03-27,3534.470703125,3584.254663932085,3523.888179726998,3578.273237663649,1968575
2024-03-28,3567.046875,3602.659324539871,3534.102972131641,3542.937169152786,4311783
2024-04-01,3604.26953125,3619.499208082045,3577.8592779642013,3586.73930579266,1569676
2024-04-02,3573.9482421875,3597.920003104046,3564.0098274803727,3579.653557681035,2142666
2024-04-03,3632.38232421875,3663.3936751293795,3543.7651451703696,3543.7651451703696,3973090
2024-04-04,3683.91455078125,3707.241978924869,3621.2935725878497,3658.7004031789797,3394637
2024-04-05,3661.783203125,3682.7181953650183,3644.529088641468,3660.632928826098,1636819
2024-04-08,3655.61767578125,3710.9227277310406,3644.068877210029,3665.2339237190768,2302538
2024-04-09,3631.6923828125,3695.4636403269888,3611.9076631803105,3666.1545588206272,1876992
2024-04-10,3666.75244140625,3671.859704425388,3605.419903259126,3640.756241235992,2101965
2024-04-12,3682.166015625,3693.162817777665,3630.725838259486,3654.1914342233986,4354821
2024-04-15,3626.768798828125,3739.95578953719,3606.386028171306,3682.165963982411,4200329
2024-04-16,3563.825927734375,3615.2661050786087,3554.669789147579,3590.6962907179723,3051420
2024-04-18,3553.887451171875,3621.9836892316157,3542.844817972998,3567.5067437164125,3476284
2024-04-19,3520.943603515625,3545.191475811575,3497.6620065717075,3531.8022379238537,2957749
2024-04-22,3556.2802734375,3568.6111245390066,3507.876639180684,3530.8821260588365,1728883
2024-04-23,3565.57421875,3584.254718312047,3552.599259445536,3567.7368242988855,1807586
2024-04-24,3525.40673828125,3587.015384991863,3519.3332000987416,3579.6536294557072,1317312
2024-04-25,3544.869873046875,3564.6085383942886,3506.9568707283547,3507.140869714452,2856271
2024-04-26,3516.481201171875,3567.5073322299504,3499.181028040457,3547.584443415964,2039178
2024-04-29,3561.43310546875,3568.426862829934,3514.5019156929066,3531.802085484041,1110693
2024-04-30,3515.836669921875,3572.0621732698455,3506.0364217577408,3563.0900328204652,2203078
2024-05-02,3555.083740234375,3562.261496663186,3476.63503445836,3476.63503445836,2491044
2024-05-03,3536.771728515625,3582.9669296548414,3494.625852857069,3579.7919924770404,2962234
2024-05-06,3608.2265625,3625.6186204477826,3545.605583246127,3545.605583246127,2053831
2024-05-07,3661.507080078125,3669.8351109068294,3601.278762922236,3617.198604098228,2062112
2024-05-08,3659.666748046875,3666.4304509643703,3624.3764664424393,3644.9892925462136,1247685
2024-05-09,3644.2529296875,3654.1913444311836,3598.104015290975,3645.909369588605,1726486
2024-05-10,3583.242431640625,3656.584101641413,3575.0986242941894,3646.461687676862,1672489
2024-05-13,3632.842529296875,3639.4680646589845,3561.2494084020914,3574.5925909400316,931326
2024-05-14,3589.9599609375,3631.001836986879,3582.322094809196,3621.9836417268198,1058317
2024-05-15,3570.81982421875,3613.656088871118,3566.3108383239633,3592.9972050666793,1115021
2024-05-16,3615.82080078125,3623.745907431527,3562.569994938758,3606.6908950730917,2599399
2024-05-17,3553.857177734375,3633.4784647992665,3550.0567653523444,3632.5515570276343,2765804
2024-05-21,3540.97314453125,3563.728776359017,3531.5651208470945,3550.613121462056,1908117
2024-05-22,3551.910888671875,3560.4847863024115,3538.517115470372,3554.691612227725,1311168
2024-05-23,3608.868896484375,3619.5747261448155,3545.885560785401,3560.2062401149506,2095742
2024-05-24,3568.131591796875,3599.924574735908,3563.3117164748414,3594.7801911641072,1309452
2024-05-27,3565.86083984375,3622.680335515065,3560.577510431646,3573.229711889253,1841538
2024-05-28,3559.233154296875,3587.1331694666214,3550.056857637509,3576.0102759178876,1801993
2024-05-29,3525.63330078125,3567.5758851295227,3522.2501773135,3567.5758851295227,1568095
2024-05-30,3463.020263671875,3517.058806463482,3443.8794821472993,3500.9307015339277,2919230
2024-05-31,3402.632080078125,3475.718849271696,3386.6893114728173,3466.6351077409063,10956800
2024-06-03,3432.200439453125,3477.340801445973,3425.8510308716222,3459.961281200074,2156773
2024-06-04,3443.46240234375,3471.269635740873,3328.989291525593,3429.5587856451884,3395997
2024-06-05,3472.61376953125,3507.2338672517226,3429.5589463958036,3444.389471569407,2799670
2024-06-06,3550.427490234375,3559.233114194575,3468.0254786409455,3504.6383361596722,4328036
2024-06-07,3609.332763671875,3628.844219100155,3556.8235246852323,3556.8235246852323,4552445
2024-06-10,3576.658935546875,3620.4089366489284,3561.08683988795,3610.3057325626605,1734661
2024-06-11,3570.541748046875,3596.3559953752433,3560.2529805994373,3563.960611925237,1419898
2024-06-12,3551.58642578125,3608.915767675147,3547.6934580124953,3591.211736958369,2177001
2024-06-13,3594.687255859375,3605.6712033854537,3570.448708339529,3574.897910867656,1932323
2024-06-14,3551.956787109375,3604.7441367037127,3548.2027655700213,3604.7441367037127,1860730
2024-06-18,3536.245849609375,3561.1795775806077,3517.6613039518497,3546.3954442186373,1774045
2024-06-19,3523.825439453125,3553.625661858595,3515.714995969622,3547.8786522964565,1509050
2024-06-20,3510.431396484375,3531.4721572718627,3503.757705904956,3518.5418393437685,2846526
2024-06-21,3532.2138671875,3594.363079879569,3520.4421834921905,3547.2761188024833,4642195
2024-06-24,3537.82177734375,3575.083426076877,3514.185628169532,3530.3601242080126,1702154
2024-06-25,3557.888671875,3566.4161771108634,3515.667982588831,3538.0065477734765,1338808
2024-06-26,3574.017578125,3584.3061190627222,3560.2529065957383,3563.4970839383795,1639845
2024-06-27,3646.594482421875,3653.8707996721914,3539.0270058477204,3550.9840267742684,4526556
2024-06-28,3618.787353515625,3670.5552497661556,3612.9480148367857,3631.439782010145,2731571
2024-07-01,3687.42431640625,3709.2066482395257,3600.109652784797,3600.109652784797,2658723
2024-07-02,3723.759521484375,3729.320968607394,3691.456918555691,3701.699295599757,2307449
2024-07-03,3675.421142578125,3731.8235725519535,3665.9203376575206,3726.169344471108,1821198
2024-07-04,3727.05029296875,3751.5207974226373,3691.0400566600383,3707.492671963274,2518001
2024-07-05,3718.568603515625,3732.4258292933814,3696.5081535287777,3716.900124285456,1668616
2024-07-08,3701.328369140625,3736.597257975855,3687.2858057778326,3728.023360391662,1758882
2024-07-09,3694.191162109375,3714.0732898340816,3684.551411180989,3693.727708193667,1305801
2024-07-10,3623.42138671875,3710.68988827446,3616.7940867398565,3692.522405623858,2669716
2024-07-11,3636.907958984375,3689.092911509367,3610.8619865173036,3643.6744309405326,4872189
2024-07-12,3878.13623046875,3892.966755879167,3681.0291429084155,3689.0931958411575,13509164
2024-07-15,3864.46435546875,3930.089249638286,3853.20206311634,3926.103726954822,4848030
2024-07-16,3873.0380859375,3887.960939474929,3841.940057628319,3867.059349578485,2029521
2024-07-18,4000.116943359375,4008.8764034741735,3855.936610046835,3855.936610046835,5613364
2024-07-19,3997.190185546875,4049.5428404415234,3981.2568871814256,4011.1260943754664,3903354
2024-07-22,3983.20751953125,4013.494981754784,3962.442927179601,3994.913772248666,1896386
2024-07-23,3997.14453125,4052.2843764255626,3963.6516196739526,3979.167115356308,2365208
2024-07-24,4000.767822265625,4031.2875583843847,3965.324245668946,3983.3479333442947,1809793
2024-07-25,4015.864501953125,4034.9102445303465,3970.991055777116,3990.3153350812427,2810342
2024-07-26,4076.578369140625,4108.723954458355,4029.3818216621617,4041.4133370768022,3552210
2024-07-29,4070.30712890625,4116.667158057409,4060.923526939503,4101.802189759301,1746803
2024-07-30,4055.6748046875,4086.0085427265517,4020.323776464771,4079.598115277588,1797906
2024-07-31,4074.255859375,4100.873353963842,4036.768174665359,4041.413477513075,2330091
2024-08-01,4085.17236328125,4105.797235952523,4055.3956995339786,4087.309021156136,2202244
2024-08-02,3979.212890625,4086.0085899107653,3967.0888310411474,4055.3495895771916,2811282
2024-08-05,3860.293212890625,3938.2880347144414,3818.903743027533,3938.2880347144414,2787771
2024-08-06,3875.297607421875,3956.172148090316,3865.6350146384816,3875.0653422807904,2203067
2024-08-07,3902.47265625,3943.8158516524645,3883.7517228332504,3928.0680935195514,1237666
2024-08-08,3876.5517578125,3931.7845938309133,3864.8922283404063,3884.402501608471,2441283
2024-08-09,3928.764892578125,3951.898410084894,3907.210505857532,3917.848430860645,1302536
2024-08-12,3898.01318359375,3938.288053067427,3889.3731010986708,3929.926507307199,936912
2024-08-13,3899.22119140625,3933.642706280625,3886.2606141643496,3914.1324330562766,1495593
2024-08-14,3990.547119140625,4000.7205130893644,3891.0446486995966,3910.415650884789,3226545
2024-08-16,4102.77783203125,4112.951226936545,4018.280043659057,4041.413561593398,3457058
2024-08-19,4171.48193359375,4175.430440991918,4078.901139092339,4107.376754658791,2055210
2024-08-20,4202.41943359375,4241.161440255413,4180.772504085293,4185.417806867609,2212298
2024-08-21,4228.61865234375,4236.5156661952105,4173.85035717562,4197.495127164465,1896990
2024-08-22,4182.63037109375,4237.398669027107,4178.171062150779,4236.5158800949575,1829872
2024-08-23,4147.23291015625,4186.346446378046,4138.964362763913,4180.772083599913,1809253
2024-08-26,4183.048828125,4229.222864979793,4166.836540173764,4170.5527823500615,1844164
2024-08-27,4178.125,4190.06352004845,4168.509131570201,4185.4182168111465,930697
2024-08-28,4186.392578125,4238.838220968121,4141.100882065341,4179.610618428567,1848058
2024-08-29,4191.7353515625,4232.8000107357375,4143.61019488178,4143.61019488178,2133641
2024-08-30,4230.71044921875,4266.479288591777,4169.438710445956,4180.773433210952,3637222
2024-09-02,4200.3291015625,4262.5298880777955,4191.921284875112,4251.3811612563195,1216500
2024-09-03,4192.2470703125,4232.707481664155,4176.963840595747,4200.329626081671,1717263
2024-09-04,4161.49462890625,4168.694848446134,4121.9632824379705,4159.357971016076,1265505
2024-09-05,4158.42919921875,4179.843865751271,4138.1754048562225,4163.120774045665,1688793
2024-09-06,4140.59130859375,4198.379066063604,4125.02954174146,4156.5713342216295,1649179
2024-09-09,4133.9013671875,4171.714314661398,4116.202944403391,4138.964928860649,1184938
2024-09-10,4188.0654296875,4217.888362209953,4125.446843253818,4127.30496423786,1385591
2024-09-11,4161.587890625,4226.622135770557,4154.062408672436,4200.701434505407,1325919
2024-09-12,4197.21728515625,4211.0601974701785,4116.94608580757,4190.295602177849,2742216
2024-09-13,4201.76953125,4224.43851900476,4185.417974074432,4208.644488913913,1458786
2024-09-16,4193.08251953125,4223.555524057743,4175.6163626806965,4205.857102070119,1155120
2024-09-17,4186.0224609375,4214.033551710522,4149.185293074418,4193.083413338136,1699364
2024-09-18,4037.83642578125,4178.031572295144,4014.4706436360752,4178.031572295144,2961779
2024-09-19,3991.3837890625,4108.492155250461,3978.0516781123274,4078.6224926759214,2927551
2024-09-20,3980.931640625,4023.4828879317256,3927.6036533634933,4010.661579574174,5447908
2024-09-23,3965.695068359375,4003.693555186361,3951.294629432452,3994.960476501186,1702319
2024-09-24,3968.296142578125,3986.598816855598,3939.216728843565,3950.0401935138225,3012026
2024-09-25,3971.501708984375,3985.29834930729,3939.2168538730334,3950.69084274909,2713073
2024-09-26,3987.9921875,4010.5681761433375,3957.7977213162494,3957.7977213162494,3964251
2024-09-27,4003.042724609375,4067.426428834827,3995.0059892398294,4027.4768316580576,3012477
2024-09-30,3965.695068359375,3993.799150781273,3957.8443250356186,3982.7896922279247,2503416
2024-10-01,3983.71875,3991.011966244493,3941.9577493270317,3953.66354966123,1823365
2024-10-03,3932.4814453125,3975.4505001458124,3911.3453156377354,3960.2139962956594,3350119
2024-10-04,3950.597900390625,3993.1024224537377,3924.398210251953,3925.280999271066,2965463
2024-10-07,3969.736328125,3992.405314053108,3929.368467129649,3970.7116602125193,1472619
2024-10-08,3951.52734375,3975.8221898436273,3905.724833607358,3969.5047586663354,1541867
2024-10-09,3951.24853515625,3990.315352669941,3945.4419062961365,3957.798231053306,1082504
2024-10-10,3927.51025390625,3989.2465053830083,3900.7534930523875,3951.526558479922,2378875
2024-10-11,3854.858154296875,3941.028518940875,3820.7151796266107,3849.0977975212186,5759183
2024-10-14,3843.198486328125,3869.908978898292,3829.773832682932,3846.3109301040067,2137590
2024-10-15,3824.756591796875,3874.1365268299264,3804.5032516700458,3837.995705676313,2759474
2024-10-16,3804.456787109375,3823.0844981328532,3778.675354588552,3795.212679191423,2359151
2024-10-17,3817.510009765625,3836.974010815032,3802.5985417542856,3821.0402585925135,2522659
2024-10-18,3839.908447265625,3861.4221966319437,3799.8149930258223,3809.128265067552,2361000
2024-10-21,3799.675048828125,3855.647899798256,3790.501385728475,3848.8025545031073,1595450
2024-10-22,3739.744140625,3808.941792786158,3731.222588221232,3786.7761613201965,1928049
2024-10-23,3787.00927734375,3831.0608725895195,3720.7918215935465,3724.9364095884875,1966476
2024-10-24,3769.919189453125,3798.8835556125446,3729.034017325969,3729.034017325969,2676744
2024-10-25,3778.90673828125,3810.990914951962,3755.763166335102,3778.441074679716,1759676
2024-10-28,3809.919921875,3850.1065991283663,3772.8064424453346,3789.523720012066,1532534
2024-10-29,3795.390869140625,3821.7008604425628,3781.281354135695,3814.5762988806255,1445885
2024-10-30,3804.145263671875,3824.960515939356,3781.2347527404995,3795.158047833668,1935002
2024-10-31,3695.92529296875,3798.231674391787,3688.0556237919313,3790.5016133417075,3740372
2024-11-01,3710.593505859375,3724.3305810268316,3703.003280699814,3715.855640568731,154895
2024-11-04,3691.920654296875,3717.7649842744486,3644.5161904410857,3693.923144215517,2269192
2024-11-05,3698.6259765625,3712.2698276535116,3670.45333173397,3670.45333173397,967590
2024-11-06,3855.368408203125,3864.8212879793314,3702.258313204772,3728.661529286281,3792017
2024-11-07,3865.845947265625,3916.975719116069,3804.518188145807,3883.3551713111415,3724349
2024-11-08,3862.213623046875,3883.401315336317,3834.879080725745,3869.6642401156896,1648039
2024-11-11,3910.363525390625,3943.518408459811,3834.879186284666,3844.704960664376,1406487
2024-11-12,3909.15234375,3928.3377732797053,3878.3721644817633,3926.4751190486577,1587640
2024-11-13,3865.333984375,3908.547476051825,3847.359096337812,3891.178314501988,1098813
2024-11-14,3861.18896484375,3874.3207680121654,3833.7616543718636,3851.0375903197846,1825432
2024-11-18,3743.469970703125,3923.681797878409,3716.1820361520063,3923.681797878409,3313944
2024-11-19,3762.142333984375,3848.3830847662466,3738.4401053836123,3743.8416205226595,1776233
2024-11-21,3793.155517578125,3811.4093915788644,3747.660099623591,3767.1247442805748,2384347
2024-11-22,3953.111328125,3962.750655117127,3775.6002816538157,3791.4328432690386,3096553
2024-11-25,4018.769287109375,4030.8765382854945,3960.1889089071315,3986.0796179839485,4052167
2024-11-26,4053.787841796875,4066.733198149224,4014.0199908461996,4024.3109738880953,2060669
2024-11-27,4035.021240234375,4076.7913536382084,4027.1049595017485,4059.6086406624336,1558993
2024-11-28,3953.390380859375,4041.9132960200004,3942.307679137016,4022.401811054281,2558544
2024-11-29,3977.558349609375,4003.4958997310346,3907.5223713104324,3930.2002766528776,2017425
2024-12-02,3982.95947265625,3993.7165722183686,3939.559544061452,3976.7662391353665,1670944
2024-12-03,4007.26806640625,4027.9900963818563,3972.529744122267,4018.0715527591838,2010905
2024-12-04,4055.371337890625,4085.6863131124373,3994.509010381187,4017.326528295617,3302642
2024-12-05,4157.4912109375,4180.728007626903,4060.5867928833363,4098.584762623309,3746747
2024-12-06,4140.21484375,4158.375723168091,4109.713879599103,4147.199797372343,1842087
2024-12-09,4146.408203125,4162.473596939852,4112.321537472264,4126.198676219265,2066639
2024-12-10,4128.154296875,4185.198089234919,4109.108928030726,4122.193893602826,2087828
2024-12-11,4123.404296875,4143.148158287083,4104.358476029229,4127.502045111503,1635256
2024-12-12,4149.015625,4177.00182096417,4122.05352499162,4125.825217645854,1914642
2024-12-13,4166.6650390625,4186.222911998922,4092.6245200888998,4130.390114251639,1967048
2024-12-16,4111.99560546875,4167.6887843067,4095.045270300907,4152.787550664486,1646224
2024-12-17,4031.24951171875,4128.52681305927,4021.470576782156,4107.152673369455,3225027
2024-12-18,4049.271484375,4062.4496746944233,3995.021669255571,4015.6040934954485,1575404
2024-12-19,3978.5361328125,4064.3114493548924,3969.3160855065425,3987.9426274375915,3015763
2024-12-20,3883.913330078125,4081.0754644719555,3867.3358891418975,4031.7151268140337,4116989
2024-12-23,3872.737548828125,3927.406635038312,3832.3180410204754,3911.620457771177,2195338
2024-12-24,3892.481689453125,3928.337783494026,3872.737372652853,3872.737372652853,1181886
2024-12-26,3882.7958984375,3911.527430384508,3858.62777832456,3892.48160931481,1208464
2024-12-27,3878.838134765625,3893.832593461187,3862.446685286308,3877.1150885157394,858100
2024-12-30,3873.203125,3910.921874141445,3829.617196780828,3865.938955213331,1527169
2024-12-31,3813.598388671875,3855.6479451405453,3755.1576110916253,3851.0376939335874,1555429
2025-01-01,3830.036376953125,3850.1062943866386,3804.890317466962,3813.22564967337,763161
2025-01-02,3888.989501953125,3895.7416240603297,3815.6011015015547,3837.0680112666887,1720835
2025-01-03,3818.34814453125,3892.9011567771527,3811.270194517517,3892.9011567771527,1791953
2025-01-06,3813.784423828125,3864.6813582169702,3787.148378172113,3823.5633582481973,2085593
2025-01-07,3751.665283203125,3856.0205380436832,3736.0655531105435,3832.3649188830605,2669054
2025-01-08,3826.26416015625,3842.6556080381715,3741.839449635328,3757.811618423141,2181277
2025-01-09,3761.49072265625,3853.5988861539504,3748.8711943929684,3819.3726136468736,2392472
2025-01-10,3972.7158203125,4001.9130192806797,3883.6344636724307,3911.574279957844,7894300
2025-01-13,3996.41796875,4026.0808290149944,3937.092248220012,3953.4836967820274,4003771
2025-01-14,3942.354248046875,4017.6521397931906,3929.3156678223904,4006.5694375522967,3441709
2025-01-15,3957.767822265625,3964.1475039910265,3918.512475086078,3928.3377943076216,1653474
2025-01-16,3917.441162109375,3999.118734083526,3903.9837578032057,3967.4536113637214,2637705
2025-01-17,3911.75048828125,3946.1800146177866,3888.7502327632087,3945.5159044693314,1761466
2025-01-20,3867.64697265625,3932.142300220547,3858.446917151911,3932.142300220547,1287799
2025-01-21,3827.859130859375,3899.136119079718,3822.3105229606576,3884.2452782424407,1971591
2025-01-22,3942.385986328125,3948.598240960883,3835.7784821299006,3841.2796202434547,2409223
2025-01-23,3931.810791015625,3975.3452017162494,3926.6887142484056,3953.1984717808796,1822998
2025-01-24,3938.354736328125,3962.6827462516812,3892.4964075196026,3892.4964075196026,1910099
2025-01-27,3855.64892578125,3942.149041037749,3832.7910788257336,3890.5999221421316,1551782
2025-01-28,3832.07958984375,3890.599779117484,3820.69802052405,3861.007745197988,2468272
2025-01-29,3888.5126953125,3896.148108723218,3845.0732274227375,3845.0732274227375,1217089
2025-01-30,3888.750244140625,3917.0619915773636,3849.3417440444105,3888.6080671418995,1531251
2025-01-31,3900.4638671875,3915.6869946237944,3874.713158208757,3898.187645857167,1492943
2025-02-01,3863.236572265625,3922.7526963272944,3846.970505085766,3901.032960408717,437172
2025-02-03,3858.96826171875,3866.8880293594016,3792.623246059982,3823.1637429283855,1265713
2025-02-04,3895.389404296875,3906.5815588564824,3856.5026066809596,3873.242905885086,2547132
2025-02-05,3880.261474609375,3936.1259160718655,3865.9395744358853,3936.1259160718655,1693912
2025-02-06,3872.341552734375,3926.166886912974,3842.7495210483457,3893.824170580454,2284536
2025-02-07,3821.741455078125,3879.218476720966,3801.4444143514993,3879.218476720966,1548940
2025-02-10,3828.902099609375,3843.176530616503,3807.4669498989556,3831.7949614241543,1339511
2025-02-11,3759.284912109375,3831.7949459001434,3751.1754977809574,3811.308028813468,1810908
2025-02-12,3746.575439453125,3814.4855628593755,3737.090798282343,3766.445947952812,1678002
2025-02-13,3708.636962890625,3779.1078947757164,3701.144188811121,3763.5057059907817,2277310
2025-02-14,3732.064208984375,3744.536419785488,3699.010141125482,3722.721744594235,1681975
2025-02-17,3703.2783203125,3731.2580130898646,3657.4674549788515,3657.7520405391615,1799806
2025-02-18,3673.59130859375,3722.152626882654,3665.3397167799785,3697.4925589213967,2149879
2025-02-19,3589.083251953125,3675.251080308744,3573.955063643061,3672.6428039185434,4366672
2025-02-20,3584.625,3592.781883594646,3557.973298668796,3567.647585834546,2888572
2025-02-21,3590.88525390625,3620.287642408916,3580.4521483085296,3581.4955514917533,1833931
2025-02-24,3486.174560546875,3569.2598725285934,3480.863069234682,3550.2431219830423,2508516
2025-02-25,3442.498046875,3469.4818051991183,3434.625748244206,3438.1824887498096,4101954
2025-02-27,3426.373779296875,3450.5121425585785,3415.1343879133137,3425.5674922476032,3823856
2025-02-28,3303.7373046875,3414.470479257877,3278.840124109578,3400.196049414815,7085018
2025-03-03,3313.032470703125,3341.6760393458467,3297.0032889623258,3305.3972886171223,4990439
2025-03-04,3350.022705078125,3367.996053645755,3285.7642616440216,3294.9643171966636,2797737
2025-03-05,3364.24951171875,3414.8026927498004,3339.3997995005207,3339.3997995005207,2501894
2025-03-06,3415.98828125,3423.433585251506,3353.863884772035,3373.6866911774378,2786513
2025-03-07,3425.093505859375,3438.1823567291294,3390.1899807262357,3414.4707542689284,2051315
2025-03-10,3404.654541015625,3435.4323906202376,3397.968053420582,3420.6362559634954,1004626
2025-03-11,3391.0439453125,3403.8007419067008,3355.3341308822914,3374.6354690920352,1995450
2025-03-12,3325.504638671875,3385.305343927244,3307.1519980581174,3381.2743716748964,3174167
2025-03-13,3330.10498046875,3342.672130004524,3304.5439188567675,3321.8059194545594,1693004
2025-03-17,3317.44287109375,3348.505070694925,3298.141765391246,3309.1912796488264,2690906
2025-03-18,3317.44287109375,3317.44287109375,3317.44287109375,3317.44287109375,0
2025-03-19,3316.8740234375,3364.2022912119846,3284.294187734508,3364.2022912119846,3051244
2025-03-20,3379.52001953125,3394.505799750347,3331.0061697900233,3331.0061697900233,2845192
2025-03-21,3393.699462890625,3429.883275405574,3286.428081377204,3295.9127223046994,4161925
2025-03-24,3441.928955078125,3461.6570558488297,3382.7923538442037,3414.4709640539177,1834751
2025-03-25,3469.24462890625,3518.8018790902024,3450.5124625687754,3457.1517113972473,3135390
2025-03-26,3448.426025390625,3490.822326860632,3438.9888533482517,3459.7601257453803,1734499
2025-03-27,3463.0322265625,3474.2241497420814,3424.4297823215356,3428.5556939598323,2528474
2025-03-28,3420.3037109375,3472.279589767322,3406.7880975546004,3462.8424183134416,2051919
2025-04-01,3367.80615234375,3399.2951120927096,3343.335733852344,3388.577422151902,2618493
2025-04-02,3361.309326171875,3380.4210168658315,3348.1257677061367,3361.3567956889556,1764313
2025-04-03,3227.765625,3321.52139726939,3221.1263760619972,3311.0882917953854,4537821
2025-04-04,3129.3623046875,3224.445829064787,3125.663387385046,3189.305420015634,5317367
2025-04-07,3105.31884765625,3121.7745604042666,2898.5536795332505,2940.2386292720134,6623955
2025-04-08,3123.244873046875,3176.4063332063806,3087.535291604866,3131.875989149625,5557558
2025-04-09,3079.283935546875,3101.4779049958665,3046.5144514315975,3092.5149647014136,2990265
2025-04-11,3064.9619140625,3128.9357749466626,3040.7760781322527,3120.0203045213184,7108961
2025-04-15,3080.801025390625,3143.5893021337306,3071.69590901875,3143.5893021337306,3512160
2025-04-16,3105.081787109375,3109.1602290119804,3062.5905495252055,3080.801013758816,2384391
2025-04-17,3128.88818359375,3133.3461501914685,3052.1575291360596,3078.240292358944,2932346
2025-04-21,3150.41845703125,3181.148601343861,3114.851053170071,3120.5418377878595,2432946
2025-04-22,3143.58935546875,3162.0844056249766,3125.189244347029,3151.3669464223676,2710498
2025-04-23,3237.108154296875,3244.6009284823726,3165.3094642241085,3191.581874951358,3543923
2025-04-24,3226.29541015625,3236.6335756939984,3213.111620905439,3225.821178130507,2252175
2025-04-25,3270.30419921875,3298.568475558524,3229.5202431380058,3243.747204561521,2742991
2025-04-28,3266.0361328125,3279.5992157727555,3229.520264912607,3257.9741879514845,1593296
2025-04-29,3293.541748046875,3314.8821913387555,3253.6113148639492,3276.9436254865236,1578332
2025-04-30,3275.710205078125,3329.013837756505,3192.5299551721982,3293.0671433029925,2809332
2025-05-02,3254.180419921875,3311.562499608635,3243.7473145242825,3293.0674491310842,1721761
2025-05-05,3276.279296875,3323.8921441678535,3268.7862922132254,3272.2008552943626,1284443
2025-05-06,3281.68603515625,3294.0160693923863,3259.871359200009,3281.68603515625,1324763
2025-05-07,3267.553955078125,3281.2117462953,3244.316583265945,3244.316583265945,1477128
2025-05-08,3271.157958984375,3297.8098945868014,3251.999029204456,3270.3044338611708,2543591
2025-05-09,3263.001220703125,3268.5970664946117,3222.976080385976,3223.8296054868374,2531757
2025-05-12,3433.819091796875,3443.3986711517946,3321.710689429311,3324.3664350329263,2228678
2025-05-13,3333.851318359375,3436.2854413701325,3329.5832299005933,3433.819342081611,3062887
2025-05-14,3365.814697265625,3377.4808526725133,3327.7814236222675,3339.5422865093847,2119499
2025-05-15,3395.406494140625,3414.4707149223877,3332.9977424314357,3380.326007773164,3548330
2025-05-16,3377.76513671875,3408.6849264465072,3363.348529175367,3408.6849264465072,1666727
2025-05-19,3337.455322265625,3367.0473541083206,3323.1334225866804,3367.0473541083206,2537377
2025-05-20,3318.012451171875,3374.6357192042983,3313.934008684603,3349.786002772028,2038374
2025-05-21,3344.094482421875,3354.717233116348,3318.0117219155986,3327.2117765824564,1440153
2025-05-22,3297.8095703125,3317.5376692737764,3273.4340900331863,3314.881923566922,2034383
2025-05-23,3333.47216796875,3352.820743852965,3286.9974249846496,3297.8098235860703,1274331
2025-05-26,3355.002197265625,3362.3053247198645,3329.204019365113,3339.542185709067,967470
2025-05-27,3318.391357421875,3357.5629717372003,3303.5954561426133,3349.9752588067204,2467680
2025-05-28,3317.44287109375,3347.129844047208,3312.985136088664,3338.593667057572,1222933
2025-05-29,3317.822265625,3350.449337105284,3306.819989757275,3324.0819895701998,3188072
2025-05-30,3284.91064453125,3325.979188538535,3275.141649033021,3310.1398835450454,3404365
2025-06-02,3272.01123046875,3281.6855171845687,3242.4191992844703,3272.2008769614918,1877585
2025-06-03,3229.7099609375,3294.490106360913,3225.252225904789,3268.407343175387,2848125
2025-06-04,3235.1640625,3248.465034332547,3224.7340073768614,3242.9150002967904,2544807
2025-06-05,3225.786865234375,3262.0530702216233,3218.7057063727016,3262.0530702216233,3584683
2025-06-06,3238.32177734375,3244.732922695699,3213.920971684004,3225.786601665087,2070390
2025-06-09,3274.39697265625,3285.975488762853,3244.7332451805223,3253.4410779830223,1718678
2025-06-10,3313.62939453125,3335.54241560308,3275.640735062478,3291.7166070762078,2419874
2025-06-11,3322.24169921875,3338.604687522634,3300.424692969312,3320.423693236899,2847013
2025-06-12,3286.16650390625,3324.920724772973,3275.6406661399797,3322.241373890929,4060134
2025-06-13,3297.1708984375,3301.76403815699,3246.933943792306,3246.933943792306,2178493
2025-06-16,3345.58984375,3357.742355566309,3278.511454741814,3291.7166438153617,1934088
2025-06-17,3363.770751953125,3368.268108670322,3337.743272382211,3358.6991651797816,2111940
2025-06-18,3302.625244140625,3385.4923927635227,3294.683207501011,3367.4071820205213,2696327
2025-06-19,3276.40625,3302.242397415304,3265.8804121641356,3301.2855030665887,2672768
2025-06-20,3287.60205078125,3297.7452248908758,3263.871022884297,3277.3633274014865,2351248
2025-06-23,3247.31689453125,3277.3632849229502,3224.7340934862314,3267.7943410253647,3123421
2025-06-24,3244.254638671875,3293.726265410323,3236.2168192617623,3286.549557502439,3403048
2025-06-25,3296.3095703125,3301.2853740079395,3253.440658442607,3260.4260336385005,1757699
2025-06-26,3293.439208984375,3302.625255099875,3268.081507258558,3296.3098921986184,2879106
2025-06-27,3292.76953125,3316.978773543857,3283.1048040170426,3306.0702704397795,1778433
2025-06-30,3312.768310546875,3315.5432107745055,3282.1476906920225,3291.6208515129015,1468351
2025-07-01,3281.8603515625,3334.7766533592453,3266.3587105428364,3306.0698242055073,2375183
2025-07-02,3275.736572265625,3339.4655976963195,3272.57877409358,3336.8820295980254,3090585
2025-07-03,3254.206298828125,3287.219153361651,3251.144283681705,3282.147566666478,2531870
2025-07-04,3272.3876953125,3279.27728864699,3243.967976797223,3261.096294049881,1109320
2025-07-07,3264.63671875,3278.416138875185,3261.4789203702617,3270.952315509477,1639174
2025-07-08,3259.37353515625,3277.363195918518,3247.125240576613,3258.2253086430815,2325242
2025-07-09,3237.939208984375,3266.837372173034,3221.8633368794976,3263.0097947012437,2034938
2025-07-10,3236.216796875,3252.484001353674,3211.33754296644,3234.303008112803,3035012
2025-07-11,3125.217041015625,3191.242753149758,3120.5283520064395,3157.6556670087216,7635550
2025-07-14,3083.783447265625,3130.9583865491522,3062.0619917351123,3125.217020314649,3924009
2025-07-15,3112.10791015625,3118.901720676558,3067.8036497758007,3067.8036497758007,2590889
2025-07-16,3104.234375,3115.5638600833036,3092.2326031663256,3098.3774165813243,2540733
2025-07-17,3081.287109375,3112.779808234124,3076.390526695053,3095.5933632665156,2947640
2025-07-18,3062.756103515625,3100.105758589483,3059.9717861781455,3096.4571730230687,3432645
2025-07-21,3032.31982421875,3070.1495522628406,3026.3669918654064,3062.8523807267275,3844346
2025-07-22,3033.6640625,3053.3469689942053,3028.8633535989743,3033.6640625,3198036
2025-07-23,3052.38671875,3055.171036049811,3031.743671209123,3033.6639547012974,1922875
2025-07-24,3022.526611328125,3047.2022105424912,3014.845476356516,3038.945131093794,2934778
2025-07-25,3010.812744140625,3031.0715957495104,3001.019344529776,3014.845292873372,2568917
2025-07-28,2956.56494140625,2993.7223853235596,2947.5394670779647,2986.0412502746217,3374473
2025-07-29,2934.193359375,2951.4759118844077,2919.9832137631183,2938.0339265993125,4785312
2025-07-30,2931.888916015625,2946.6750050729374,2925.7438682234083,2938.0337293982366,2880121
2025-07-31,2915.7587890625,2937.8420514011964,2894.827650050853,2920.4633903186314,2968371
2025-08-01,2883.3056640625,2915.758501968501,2880.4252388236764,2909.133383273443,2053847
2025-08-04,2951.85986328125,2956.6605722928375,2872.360309577052,2889.1627911176092,2519252
2025-08-05,2941.778564453125,2954.8365875722943,2920.7515513874637,2951.86005402892,1927996
2025-08-06,2911.438232421875,2944.5631268588136,2905.389291773203,2940.9145408794843,1487081
2025-08-07,2925.552001953125,2929.9687479023937,2890.890789951502,2895.7876067904904,2543076
2025-08-08,2915.37451171875,2937.841970823321,2904.4289887975438,2926.6083584758467,2762140
2025-08-11,2919.59912109375,2928.3362704951187,2900.8763567070323,2915.3743566889298,1884215
2025-08-12,2914.41455078125,2972.9832050993796,2906.2533448516742,2919.7914390398837,3358232
2025-08-13,2915.1826171875,2923.055733419127,2907.8856798255947,2915.086743648966,2148166
2025-08-14,2901.83642578125,2934.0970475783347,2898.7640190971856,2913.0700372499637,3342174
2025-08-18,2891.178955078125,2927.4723621732833,2883.6898021204543,2925.072007661826,2945609
2025-08-19,2895.9794921875,2904.42878644818,2891.0829099205744,2891.178783449569,2650784
2025-08-20,2975.09521484375,2979.7037075526887,2890.8905988262018,2890.8905988262018,4952358
2025-08-21,2978.936279296875,3005.2440729447403,2960.2135127082415,3005.2440729447403,3230726
2025-08-22,2932.273193359375,2972.3110613965996,2928.432625981039,2962.997732386061,1593791
2025-08-25,3015.421630859375,3026.3671543415535,2954.4526225152476,2964.246022642929,3448370
2025-08-26,3031.35986328125,3035.9685911364395,2995.6426326203955,3004.283909445262,5522097
2025-08-28,2970.390869140625,3021.08640697707,2963.4778945287544,3019.646194165862,3116051
2025-08-29,2961.74951171875,2990.8418565958136,2954.548447858567,2969.7187359392783,2271789
2025-09-01,2988.537353515625,3006.2999761800884,2966.8380558481663,2966.8380558481663,1246862
2025-09-02,2987.481201171875,3029.247369338668,2979.416103841445,2996.698656186325,2185229
2025-09-03,2974.0390625,3016.6692623196923,2964.917715899919,3005.1475613511693,1799774
2025-09-04,2972.310791015625,2993.7219990840686,2967.6061901689773,2991.8017155695825,1481391
2025-09-05,2926.800537109375,2979.704214005019,2907.885788971954,2973.655507694055,2802055
2025-09-08,2898.667724609375,2942.7381338463906,2895.7872995766393,2928.4321166143072,2626187
2025-09-09,2927.856201171875,2938.0337976334035,2909.997705008497,2911.2459361835313,2489301
2025-09-10,2986.041259765625,2998.2350148126434,2931.6971353578033,2934.57756101031,2079428
2025-09-11,2999.6748046875,3013.8849494515116,2986.1369466753263,3013.8849494515116,2263446
2025-09-12,3008.50830078125,3023.198517586115,2996.6026359147436,3018.685897890405,1447167
2025-09-15,2987.865234375,3009.0844623500607,2972.5990732086116,3009.0844623500607,1732539
2025-09-16,3020.318115234375,3024.4467719955323,2985.1770648150605,3003.3236516831826,2573429
2025-09-17,3046.338134765625,3055.55535595913,3017.149681628776,3026.367137231914,2418271
2025-09-18,3050.08251953125,3075.334296666793,3035.392302577828,3058.0517436415034,2633138
2025-09-19,3042.88134765625,3053.730996885227,3018.685821162444,3043.6495079786732,4901694
2025-09-22,2951.283935546875,2983.0644887376598,2942.8346407567424,2971.6388949892716,3634901
2025-09-23,2940.338134765625,2957.9087764692863,2930.352753876681,2947.6353061603577,3177741
2025-09-24,2914.41455078125,2935.153709024967,2912.110304047342,2928.4327159064933,1625714
2025-09-25,2839.523193359375,2908.845617084501,2833.3783797594588,2901.548445826189,4974361
2025-09-26,2783.54736328125,2837.027218062639,2776.0582098827367,2823.7772134975207,3934636
2025-09-29,2780.6669921875,2812.5436557187713,2778.6506004758216,2799.7737218339657,3110035
2025-09-30,2773.273193359375,2799.101145742985,2770.1049132760872,2794.9724895498107,2253458
2025-10-01,2798.044921875,2808.2225177556543,2752.3423171660024,2775.7696811050214,1952902
2025-10-03,2786.235107421875,2807.454332770607,2775.8657645822723,2807.454332770607,2899519
2025-10-06,2869.28759765625,2874.2805224330996,2780.18662812204,2786.331441741774,2112774
2025-10-07,2855.173583984375,2884.745997894136,2837.699050349848,2875.624650921264,3062943
2025-10-08,2906.541259765625,2921.711547346886,2849.7009111158586,2856.4219038307547,4121889
2025-10-09,2939.666259765625,2943.794916608875,2899.6283914412274,2913.0703773618156,3211304
2025-10-10,2907.59716796875,2947.635030127983,2887.049994865423,2928.432196055488,8817365
2025-10-13,2887.338134765625,2914.510192335436,2878.6968592818434,2906.348987711864,2866865
2025-10-14,2842.3076171875,2906.541005318549,2837.6988899902512,2900.588173459837,3611416
2025-10-15,2862.064208984375,2871.6049712258155,2843.946172081733,2863.2206293645645,4282226
2025-10-16,2862.931396484375,2867.0754517571395,2836.332787245134,2862.160371154854,3251495
2025-10-17,2854.73974609375,2880.374867719902,2848.1863837329993,2862.2568312933195,4374683
2025-10-20,2905.81689453125,2913.333979311689,2870.4483153754104,2877.1943748710046,3133039
2025-10-21,2897.625244140625,2921.814780103732,2887.313457420898,2921.140221212513,310644
2025-10-23,2961.713134765625,2985.613509464342,2925.959156761946,2944.1734252464703,5564758
2025-10-24,2952.07568359375,2977.9035021252716,2947.3535359078196,2968.2662739630537,2684318
2025-10-27,2972.98828125,2981.9509500743798,2949.184375870237,2955.2558763824863,1946312
2025-10-28,2946.968017578125,2978.096312781555,2929.9101701396817,2964.4114953280427,3470737
2025-10-29,2946.67919921875,2964.4116062609737,2935.5963859963827,2946.9681278582934,2895420
2025-10-30,2925.187744140625,2952.653842834952,2922.778437237614,2938.487165302022,2241536
2025-10-31,2947.064208984375,2956.1231088421955,2915.357824198127,2924.898585437403,1868085
2025-11-03,2907.35888671875,2947.0642176101555,2900.805524854993,2936.3668007969727,2194877
2025-11-04,2881.723876953125,2919.4055326440953,2868.039060214524,2910.0574685167057,2670720
2025-11-06,2901.6728515625,2914.2977142131544,2881.531139384038,2881.627605776501,2542721
2025-11-07,2883.265869140625,2895.023240036059,2853.1012989769483,2892.1320716871546,1830520
2025-11-10,2915.4541015625,2937.3305615709287,2883.4585523829414,2884.422275161144,1556656
2025-11-11,2936.46337890625,2944.847720230334,2908.5154176367123,2934.5359333014544,2806868
2025-11-12,3018.18701171875,3022.619995280987,2946.1969680097523,2948.991669923252,4460315
2025-11-13,2993.033935546875,3018.2834265472866,2989.4682081451956,3018.1871954349617,1740435
2025-11-14,2993.322998046875,3000.1655239975616,2965.6642009169345,2977.9034333434784,2210794
2025-11-17,2989.660888671875,3010.188231818854,2974.626953832486,2993.323082448971,2232853
2025-11-18,2975.10888671875,2992.3594315179676,2966.338914722159,2989.4682629851,2548350
2025-11-19,3033.510009765625,3040.545232796858,2971.639057156612,2984.6493140956795,3151053
2025-11-20,3030.715576171875,3049.7008686990343,3024.2586803244717,3033.79944214396,2700767
2025-11-21,3036.30517578125,3055.0013041600305,3021.463703354114,3030.715536432949,4177037
2025-11-24,3027.24609375,3063.578397230728,3017.4161679823073,3043.4366842823783,6703764
2025-11-25,3006.044189453125,3035.534202019235,3001.996600643867,3031.1974493056246,2737920
2025-11-26,3048.158935546875,3062.711244826224,3003.9241504478728,3005.658898650244,2508527
2025-11-27,3022.81298828125,3064.6384631299097,3011.6337098367826,3064.6384631299097,2836233
2025-11-28,3023.68017578125,3033.12470593688,3011.6336412163846,3026.089482694223,1616690
2025-12-01,3019.72900390625,3039.581788202742,3008.935355329588,3024.0657566161144,1747647
2025-12-02,3021.945556640625,3029.9445029896465,3007.200550647543,3017.4161065078188,2512003
2025-12-03,3064.638427734375,3095.3810901757683,3025.125793917674,3026.089516693691,3952112
2025-12-04,3112.053466796875,3132.0989471151875,3071.769808666434,3078.13047294951,5025905
2025-12-05,3120.72705078125,3152.915532717371,3105.5001838412545,3112.824571063191,5244013
2025-12-08,3119.088623046875,3141.639640868843,3092.200852929616,3125.3528208067405,2544725
2025-12-09,3091.912109375,3116.3905759892023,3065.7951256660695,3112.8248484517812,2734893
2025-12-10,3073.5048828125,3108.0062080861744,3062.807700289892,3108.0062080861744,1386849
2025-12-11,3076.10693359375,3092.0083609433445,3038.714674477584,3088.73179730002,1914362
2025-12-12,3103.669189453125,3106.078496384854,3070.131589906683,3081.696263178982,1146554
2025-12-15,3113.017333984375,3120.727116365754,3081.31094805451,3094.610369719165,1562190
2025-12-16,3088.828125,3103.187500999765,3075.3360054304358,3103.187500999765,1734623
2025-12-17,3101.067138671875,3119.474102184826,3084.394687896739,3084.394687896739,1376350
2025-12-18,3161.78173828125,3168.5277977297296,3104.1510690788923,3110.897128527372,2307422
2025-12-19,3162.938232421875,3197.5357868591873,3159.854366515901,3179.3215200364916,3902511
2025-12-22,3204.281982421875,3207.8479451634685,3171.6118722000997,3189.9226061933546,2632816
2025-12-23,3189.92236328125,3199.4631245744913,3174.0209376032617,3199.4631245744913,2365420
2025-12-24,3198.595947265625,3206.4021959958864,3176.5267894381177,3184.236571775606,1367708
2025-12-26,3161.0107421875,3199.5596536775915,3153.108262388808,3192.910060559104,1176664
2025-12-29,3133.544677734375,3168.7205598617948,3125.2565675579217,3161.010777477703,2079473
2025-12-30,3129.01513671875,3148.9641510011397,3121.9799134409154,3132.099002526,2807593
2025-12-31,3089.887939453125,3128.2441532690227,3082.4673210816295,3122.461816571668,3362634
2026-01-01,3110.31884765625,3116.775978595714,3082.1781891606697,3098.368779137981,1255735
2026-01-02,3132.773681640625,3136.243177859361,3102.7055771191704,3116.6795578205924,1184324
2026-01-05,3099.428955078125,3129.207895137578,3075.2394189664337,3122.94369701057,2341703
2026-01-06,3137.688720703125,3144.8201752673103,3088.7315556964636,3093.550169667909,2912325
2026-01-07,3176.044921875,3180.8635358265738,3106.271250685878,3125.2565425983025,1989442
2026-01-08,3087.671142578125,3167.6601287029757,3066.5657090274044,3167.6601287029757,4159336
2026-01-09,3091.43017578125,3112.5356118812538,3075.239584998998,3075.239584998998,1938673
2026-01-12,3122.076416015625,3134.026484388671,3059.145271347969,3086.804068110982,2228342
2026-01-13,3149.446044921875,3161.0107182814413,3094.0319850739534,3127.2804209827063,5645341
2026-01-14,3076.684814453125,3141.736098705462,3067.529448521315,3141.736098705462,3539511
2026-01-15,3076.684814453125,3076.684814453125,3076.684814453125,3076.684814453125,0
2026-01-16,3146.54931640625,3161.464149941515,3111.519017760894,3159.0110444402844,4293470
2026-01-19,3104.258056640625,3159.600023336744,3092.973770842994,3128.2002715520307,3387562
2026-01-20,3044.10791015625,3100.7255406282875,3033.118044759914,3092.4832014713097,4499273
2026-01-21,3064.027099609375,3079.6287553253787,3024.188569033875,3041.8509292683366,2015150
2026-01-22,3091.305419921875,3100.7254411371077,3063.7326570458863,3090.9130188550284,2269827
2026-01-23,3103.178466796875,3134.578217290946,3092.875423666008,3130.457047950816,2068857
2026-01-27,3098.762939453125,3115.4440572399217,3071.2881572160486,3115.4440572399217,4279874
2026-01-28,3140.073486328125,3145.0776781720924,3111.1268393421374,3116.425451779539,2751234
2026-01-29,3085.41796875,3140.07335254898,3066.9708064954257,3140.07335254898,2457641
2026-01-30,3065.302734375,3082.082073579965,3034.001200735196,3082.082073579965,3022068
2026-02-02,3110.1455078125,3138.0126916764966,3075.2131881532646,3138.0126916764966,2636272
2026-02-03,3164.80078125,3287.1616459496977,3126.532332237451,3287.1616459496977,4366060
2026-02-04,2942.84375,3061.475843095512,2929.9893806035893,3061.475843095512,10852595
2026-02-05,2935.38623046875,2972.869637012123,2916.5464269268496,2933.9143670738968,3521545
2026-02-06,2886.422119140625,2929.0079343210614,2861.302223276454,2920.765595757455,4687389
2026-02-09,2892.8984375,2921.15826303242,2882.3991930324937,2903.5941220720847,2380318
2026-02-10,2928.61572265625,2955.109263473934,2888.2865702537815,2894.468444356794,3547763
2026-02-11,2855.21875,2941.76426862986,2849.723697569715,2924.1019081110685,3363513
2026-02-12,2698.514404296875,2825.977676593803,2688.603761759382,2815.9690535680857,10612156
2026-02-13,2641.700439453125,2662.110326952746,2536.5113141072056,2536.5113141072056,11168735
2026-02-16,2655.830322265625,2668.7826718221954,2620.898002964758,2649.3540277067937,2918730
2026-02-17,2666.427490234375,2708.228504276998,2644.6439610469733,2665.0538469624375,4209118
2026-02-18,2644.349609375,2678.7913077273606,2607.4550449905755,2678.7913077273606,2950820
2026-02-19,2627.66845703125,2697.140454434555,2616.5806115438327,2657.2039438116426,3238849
2026-02-20,2635.81298828125,2651.905505554349,2597.838959616639,2616.973184248376,2293482
2026-02-23,2626.0986328125,2653.2789947204583,2610.3005370564806,2635.616634548502,4699596
2026-02-24,2525.423095703125,2597.8388206557183,2513.255787797201,2591.460746119642,7798833
2026-02-25,2579.980224609375,2604.4130601353972,2546.3235684513456,2547.3048106742554,3621285
2026-02-26,2598.03515625,2620.8981494569975,2585.573427113137,2600.292061423079,3464267
2026-02-27,2587.92822265625,2638.168017666852,2576.8403768444346,2631.299321894741,5083717
2026-03-02,2564.4765625,2574.5834053591284,2531.8993684474203,2543.37985460111,3374385
2026-03-04,2539.2587890625,2585.5733762002424,2531.997452542583,2575.7609535201655,3446434
2026-03-05,2530.427490234375,2560.551578540278,2498.6350985020495,2551.229777430436,2960636
2026-03-06,2509.625244140625,2570.069622274581,2505.7002751879877,2523.7550365456814,3998643
2026-03-09,2479.99169921875,2511.9802941008847,2458.0119674698108,2482.54302502939,3653428
2026-03-10,2465.9599609375,2497.45769299971,2443.39138949283,2493.3365235176843,4323710
2026-03-11,2418.6640625,2473.711851651557,2413.954291083466,2461.053921737681,2720664
2026-03-12,2396.5859375,2426.513825649523,2390.3060830242093,2413.6596961153996,2752075
2026-03-13,2365.284423828125,2400.0203033629555,2352.0376535639975,2391.287343235487,2466488
2026-03-16,2364.0087890625,2379.5124645789865,2321.7173916761253,2364.793830777467,3807907
2026-03-17,2346.837158203125,2374.6063631722786,2315.7318252423875,2374.6063631722786,2993367
2026-03-18,2395.01611328125,2436.326267951688,2364.793804301608,2364.793804301608,3082388
2026-03-19,2311.806640625,2378.5311107279285,2306.115387909886,2371.6624152761565,2757060
2026-03-20,2345.7578125,2362.6351312433567,2319.8528734315287,2341.2440023374425,4206320
2026-03-23,2339.085205078125,2361.6537756859007,2303.956686393805,2320.6378037995523,3860515
2026-03-24,2353.803955078125,2389.7172776589064,2334.47353068287,2359.0045869106293,3420182
2026-03-25,2332.80517578125,2376.1762738846405,2325.3478785890734,2355.864368126978,5843778
2026-03-27,2344.97265625,2376.6668272056972,2340.262645780238,2358.8080275261386,4979411
2026-03-30,2314.652099609375,2353.0187649541185,2302.1903717438945,2330.5484146912077,6804756
2026-04-01,2363.02734375,2425.6306420517385,2352.9205014959025,2383.437228779803,4132661
2026-04-02,2404.730224609375,2423.570027038862,2331.1370592120925,2341.24390183887,5378361
2026-04-06,2427.4951171875,2435.4432752720936,2402.2772391631793,2427.593337237373,2572417
2026-04-07,2492.1591796875,2496.182129281132,2402.0810908677395,2414.837240451596,4516550
2026-04-08,2511.195068359375,2531.899375247164,2492.453485493659,2523.755016821873,4769337
2026-04-09,2540.436279296875,2556.136155878084,2483.622446743067,2506.0927992754805,5628261
2026-04-10,2476.94970703125,2517.671257898199,2454.1849361455575,2517.671257898199,10480239
2026-04-13,2426.2197265625,2457.9136601554055,2423.6684008424363,2443.195026142192,3739587
2026-04-15,2506.975830078125,2510.9990192902537,2446.629429262826,2454.9699887251027,5261384
2026-04-16,2528.56298828125,2545.3423261167095,2510.0176060935014,2523.754997213638,3905403
2026-04-17,2533.07666015625,2540.435976426315,2507.9567647966655,2521.7923752088177,2718206
2026-04-20,2531.212646484375,2545.3424392975157,2513.15764504414,2538.571963483115,2288558
2026-04-21,2561.532958984375,2564.9673069470045,2511.9802240950007,2511.9802240950007,2719959
2026-04-22,2490.883544921875,2531.6050998221144,2456.6382849386455,2531.6050998221144,5232045
2026-04-23,2474.496826171875,2511.4896121641627,2469.0999936393873,2481.5617226658205,2509050
2026-04-24,2351.939453125,2458.0118361710306,2343.991534636913,2441.3307179215667,5107719
2026-04-27,2401.6884765625,2412.874541687738,2351.9393059532576,2351.9393059532576,5853425
2026-04-28,2398.8427734375,2440.349366669426,2381.867235359066,2398.155951805419,4508363
2026-04-29,2428.280029296875,2441.2323784506298,2401.688509360205,2405.024637022461,2835961
2026-04-30,2427.4951171875,2444.2744555611544,2392.26861608113,2432.4995485090735,3970446
2026-05-01,2427.4951171875,2427.4951171875,2427.4951171875,2427.4951171875,0
2026-05-04,2385.6943359375,2451.4375668418284,2379.512461835769,2447.2181772447047,2632358
2026-05-05,2381.76953125,2414.248508305356,2366.9526763935437,2384.418837601779,3385720
2026-05-06,2389.71728515625,2424.6496051586114,2361.3594798924314,2396.0953597954776,3147628
2026-05-07,2356.35498046875,2393.9366055534624,2353.018852732181,2392.4647422177254,5829594
2026-05-08,2349.486083984375,2361.8498307717123,2330.5483023329007,2353.018651512491,3792199
2026-05-11,2348.014404296875,2369.699953108347,2326.5252955775945,2326.5252955775945,1975188
2026-05-12,2257.151611328125,2330.450360002076,2240.176072372522,2330.450360002076,6347884
2026-05-13,2230.167236328125,2265.8843552424923,2226.4384681959255,2262.7444282326155,3171843
2026-05-14,2203.8701171875,2222.513720137884,2165.012827845418,2222.513720137884,5633313
2026-05-15,2221.532470703125,2261.665183205434,2209.7575636145925,2209.7575636145925,3410637
2026-05-18,2240.3720703125,2249.8900714309348,2209.953563101145,2221.5322685970373,3773336
2026-05-19,2283.448974609375,2333.0017090765828,2254.0117066090534,2256.857213357978,10394707
2026-05-20,2283.7431640625,2298.0693970332622,2274.3233820043192,2280.308816116464,2537422
2026-05-21,2283.546875,2292.0836345084317,2270.594525446405,2287.275643394801,3299087
2026-05-22,2273.83251953125,2296.1066687906364,2264.805139514887,2287.373709336333,2617262
2026-05-25,2295.61328125,2313.415817804508,2280.496215777924,2312.3217190072714,3298364
2026-05-26,2263.78759765625,2315.205623652634,2260.008270887014,2295.613098349941,3587597
2026-05-27,2271.744140625,2283.0821217701528,2248.571147658945,2262.5943570616037,2653950
2026-05-28,2271.744140625,2271.744140625,2271.744140625,2271.744140625,0
2026-05-29,2246.58203125,2321.2726050840133,2222.81245602518,2278.507085795833,16331582
2026-06-01,2284.8720703125,2322.267132829976,2267.5670504720965,2271.5452382799426,7505095
2026-06-02,2433.556884765625,2443.9996279549005,2303.569644295269,2307.34897134468,11306127
2026-06-03,2229.475830078125,2379.9508308808004,2212.6680838914085,2379.9508308808004,15660062
2026-06-04,2228.77978515625,2240.8139007540485,2204.5129359355733,2229.4759194813155,4867263
2026-06-05,2186.9091796875,2259.4117976453776,2180.0469028924485,2250.560184151513,5019717
2026-06-08,2139.668212890625,2165.128711955583,2131.6125282744956,2158.1668832997775,6536734
2026-06-09,2139.2705078125,2162.145087858845,2121.169801728995,2162.145087858845,4148655
2026-06-10,2142.154541015625,2168.907999188303,2133.1043096144995,2139.568864676436,2848650
2026-06-11,2123.95458984375,2142.8509821277357,2098.494090484758,2115.4013888441136,3079815
2026-06-12,2149.61376953125,2156.177876796519,2126.3414670622496,2138.276030955957,2124656
2026-06-15,2150.21044921875,2180.046856932239,2147.525221086398,2180.046856932239,3337083
2026-06-16,2187.0087890625,2196.954258771743,2148.818282502735,2155.183285992923,3079898
2026-06-17,2210.8779296875,2218.8343055028395,2188.6994835403766,2196.9542720106556,2865010
2026-06-18,2191.285400390625,2201.927004470057,2170.101501243751,2196.9542695909468,3735188
2026-06-19,2113.412353515625,2126.341464384191,2048.6672473500757,2093.521413717831,13286502
2026-06-22,2116.197021484375,2145.237743488044,2109.434053749718,2120.5729308842238,4566101
2026-06-23,2048.368896484375,2102.4721508294924,2043.7938836114508,2099.4885101234904,6392736
2026-06-24,2097.49951171875,2109.1356624395376,2049.7612582514666,2049.7612582514666,4747277
2026-06-25,2083.27734375,2136.78401555451,2076.61392807904,2121.965363861958,4738903
2026-06-26,2083.27734375,2083.27734375,2083.27734375,2083.27734375,0
2026-06-29,2086.4599609375,2093.521341445675,2059.706744956766,2078.6031371123327,3412470
2026-06-30,2020.422119140625,2092.8251853118586,2007.791421498655,2078.60311543387,6848411
2026-07-01,1971.788818359375,2040.8104030555382,1966.0205187179013,2028.776408877907,4658295
2026-07-02,2056.82275390625,2065.5745732846704,1991.580373389582,1997.0503819057583,6040621
2026-07-03,2082.083984375,2105.0581154318793,2073.6303355251375,2088.5485393778363,4028819
2026-07-06,2046.3798828125,2081.5867473982344,2039.4180542258837,2078.6031065753987,2567386
2026-07-07,2084.669921875,2111.124724588052,2037.8266642409067,2038.8212111731864,4769048
2026-07-08,2046.2803955078125,2098.1956989000228,2037.6278854106638,2082.5813599967723,3666985
2026-07-09,2038.323974609375,2053.7394523387943,2005.006651774823,2046.280350211656,3791498
2026-07-10,2057.717529296875,2121.666943317309,2053.341620075063,2093.7200783959847,6714551
2026-07-13,2169.604248046875,2192.8765503750355,2053.8390761022306,2063.684994131224,12382622
2026-07-14,2188.60009765625,2215.850586742918,2167.1177865856457,2170.996422535663,9546290
2026-07-15,2189.199951171875,2202.89990234375,2145.39990234375,2174.10009765625,5426489
2026-07-16,2201.0,2231.39990234375,2187.800048828125,2206.0,5197595
2026-07-17,2269.0,2275.0,2215.10009765625,2224.800048828125,5615138
2026-07-20,2251.10009765625,2283.39990234375,2245.10009765625,2280.10009765625,2202693
2026-07-21,2221.10009765625,2259.89990234375,2218.5,2245.10009765625,2382160
2026-07-22,2208.300048828125,2226.800048828125,2201.0,2216.0,1599665
2026-07-23,2242.89990234375,2250.0,2193.60009765625,2204.0,2503539
2026-07-24,2254.300048828125,2264.300048828125,2205.10009765625,2205.10009765625,3211699
2026-07-27,2295.60009765625,2315.0,2272.39990234375,2286.0,4007292
2026-07-28,2398.0,2417.39990234375,2323.0,2325.0,8248513
2026-07-29,2446.60009765625,2475.5,2415.10009765625,2440.0,7169419
2026-07-30,2431.800048828125,2495.0,2423.0,2440.0,4901582
2026-07-31,2365.60009765625,2391.0,2326.10009765625,2385.0,4343683
2026-08-03,2473.699951171875,2473.699951171875,2383.0,2383.89990234375,3036839
2026-08-04,2460.0,2467.39990234375,2435.10009765625,2463.10009765625,2792792
2026-08-05,2413.0,2460.89990234375,2408.0,2460.0,3014409
2026-08-06,2373.0,2434.5,2368.5,2417.0,2729141
2026-08-07,2452.699951171875,2457.699951171875,2375.0,2375.0,4547979
2026-08-10,2425.699951171875,2472.89990234375,2423.5,2452.699951171875,2322023
2026-08-11,2445.699951171875,2456.60009765625,2428.0,2438.0,1514105
2026-08-12,2349.699951171875,2445.800048828125,2300.10009765625,2445.699951171875,7022647
2026-08-13,2375.0,2375.0,2332.300048828125,2349.699951171875,2123494
2026-08-14,2361.0,2390.0,2333.39990234375,2375.10009765625,2232160
2026-08-17,2313.199951171875,2361.10009765625,2310.60009765625,2351.0,2237636
2026-08-18,2280.0,2307.0,2280.0,2300.0,1797822
2026-08-19,2289.0,2308.199951171875,2258.300048828125,2293.60009765625,3368922
2026-08-20,2298.0,2329.0,2288.10009765625,2319.39990234375,2047848
2026-08-21,2302.0,2307.199951171875,2263.300048828125,2290.10009765625,2066749
2026-08-24,2284.10009765625,2321.60009765625,2279.5,2302.39990234375,1542723
2026-08-25,2296.199951171875,2313.5,2262.0,2305.0,3041609
2026-08-26,2270.0,2306.300048828125,2266.39990234375,2305.10009765625,1660737
2026-08-27,2248.39990234375,2283.60009765625,2243.89990234375,2270.0,1709113
2026-08-28,2342.0,2348.5,2263.300048828125,2272.0,4054069
2026-08-31,2399.300048828125,2399.300048828125,2306.199951171875,2342.0,2905846
2026-09-01,2369.0,2372.0,2325.0,2355.0,2678034
2026-09-02,2348.0,2363.0,2303.5,2347.89990234375,2533005
2026-09-03,2320.10009765625,2353.60009765625,2316.10009765625,2353.60009765625,1892786
2026-09-04,2304.0,2363.89990234375,2302.39990234375,2330.0,2564322
2026-09-07,2270.0,2299.89990234375,2260.10009765625,2290.10009765625,2297551
2026-09-08,2255.5,2274.5,2244.0,2270.0,2148114
2026-09-09,2208.0,2237.0,2193.199951171875,2237.0,3370071
2026-09-10,2204.10009765625,2232.0,2190.60009765625,2199.0,2490912
2026-09-11,2200.800048828125,2232.60009765625,2185.5,2185.5,2634124
2026-09-14,2200.800048828125,2200.800048828125,2200.800048828125,2200.800048828125,0
2026-09-15,2251.0,2323.0,2251.0,2275.5,5406210
2026-09-16,2188.800048828125,2273.89990234375,2172.0,2270.0,2763709
2026-09-17,2190.0,2263.60009765625,2162.5,2171.0,3295917
2026-09-18,2105.0,2177.300048828125,2101.199951171875,2177.199951171875,6875428
2026-09-21,2128.699951171875,2145.0,2075.300048828125,2090.0,2330811
2026-09-22,2105.0,2135.199951171875,2098.199951171875,2135.10009765625,3641623
2026-09-23,2089.60009765625,2104.199951171875,2077.60009765625,2099.0,2228402
2026-09-24,2087.0,2096.89990234375,2067.10009765625,2076.0,1760662
2026-09-25,2082.0,2090.199951171875,2038.0999755859375,2054.0,3342195
2026-09-28,2070.699951171875,2100.0,2051.0,2100.0,2457049
2026-09-29,2032.4000244140625,2085.10009765625,2032.4000244140625,2065.0,4437783
2026-09-30,2050.60009765625,2101.0,2050.60009765625,2069.0,3656425
2026-10-01,2075.0,2093.89990234375,2045.0999755859375,2052.60009765625,3428501
2026-10-02,2075.0,2075.0,2075.0,2075.0,0
2026-10-05,2114.39990234375,2140.89990234375,2063.60009765625,2114.0,5270768
2026-10-06,2100.0,2115.0,2082.699951171875,2097.0,2381078
