Date,Close,High,Low,Open,Volume
2020-10-08,51.287967681884766,55.31183277872533,48.3298817426007,53.72403669835788,112024663
2020-10-09,53.006263732910156,55.89909704533614,48.46038518401322,51.092208384313025,148365893
2020-10-12,42.174461364746094,47.72087084722996,40.08640331561081,47.72087084722996,145043336
2020-10-13,43.34897994995117,45.19778237811217,42.565956417530685,42.826963155377264,99094028
2020-10-14,42.82697296142578,43.71874978204497,40.36915535515233,43.08798307791633,62237695
2020-10-15,41.30442428588867,43.609991234833814,41.065169467450154,42.6312133766954,34921322
2020-10-16,41.28267288208008,42.63121050994502,41.10866727744699,41.86993889369601,24325948
2020-10-19,42.08744812011719,42.826967844804535,40.34739858543534,41.52193069379315,37394148
2020-10-20,43.17497634887695,43.52298756135728,41.695933674156876,41.8916912257574,35720982
2020-10-21,44.023250579833984,45.415292157166895,43.39248396997818,43.93624943326112,73029577
2020-10-22,45.43703842163086,46.87258049760162,44.9367768765291,46.11130888859185,79745011
2020-10-23,45.56755065917969,46.63332975277264,45.35004445078265,45.91556192016749,39413960
2020-10-26,45.1760368347168,46.50282597517639,44.95853063587956,45.54579670896385,46765178
2020-10-27,44.58877182006836,45.480548584022245,44.37126561606803,45.480548584022245,33619595
2020-10-28,45.73944854736328,47.2257401452256,44.900412554935414,45.212055226561375,50491711
2020-10-29,45.763423919677734,46.38670933252827,44.996305943951185,45.26000446275111,24380710
2020-10-30,45.90726089477539,46.21890360632134,44.732611818071916,45.931234817935504,18428297
2020-11-02,45.40383529663086,46.17095690105216,45.06822233812672,45.907258392293976,13078623
2020-11-03,45.47575378417969,46.21890147295585,45.35589148972592,45.73945229514076,13952913
2020-11-04,44.10932159423828,45.787393611410394,43.725760812864834,45.763419690859536,25617864
2020-11-05,45.18809127807617,45.499734018471976,43.94152397440038,44.54083552981253,32411974
2020-11-06,45.42780685424805,45.955200186409954,44.94835770539055,45.42780685424805,14623081
2020-11-09,47.36958312988281,47.537389620804944,45.331923999482406,45.42781237775015,49168324
2020-11-10,47.82505416870117,48.61614602187008,46.530542887447936,48.61614602187008,30426536
2020-11-11,48.855873107910156,48.999705669916665,47.273689320489396,47.705194322322974,30289109
2020-11-12,49.599021911621094,49.766832070244476,48.256566247985674,48.544235057485594,34565638
2020-11-13,51.54078674316406,51.78051133266715,48.90381625863009,49.38326543763627,40034974
2020-11-14,51.80448532104492,52.020235988710894,51.54078680909144,51.78051139890117,4239009
2020-11-17,51.468868255615234,52.739409302204265,50.84558652224242,52.02023553899239,28307482
2020-11-18,52.21202087402344,52.643525904302756,50.96545363158882,51.301066622968705,20109037
2020-11-19,53.746246337890625,56.023629688291976,52.88324010511404,53.07501682934892,55092960
2020-11-20,53.24282455444336,54.321585040309024,52.49967697879558,54.05788656949042,26001384
2020-11-23,54.20173645019531,54.46543132969124,53.09900176748197,53.72228722430383,23294257
2020-11-24,55.52021408081055,56.19143997715098,54.08186660366941,54.34556144640121,29770286
2020-11-25,54.68117904663086,56.527057610940346,54.36953635600298,56.21541492031247,26396518
2020-11-26,56.958560943603516,57.10239349502219,54.27364275557383,54.80103975116258,36508712
2020-11-27,57.89347839355469,58.90032076447003,56.33526883016709,56.95855411868465,37532330
2020-12-01,58.277061462402344,58.63664842249638,57.53391361504493,58.63664842249638,17531535
2020-12-02,59.52361297607422,60.79415396096129,58.49279656728256,58.564714671692535,39093643
2020-12-03,60.60237503051758,61.12976837906936,59.25991590883411,59.715394809147746,24023433
2020-12-04,61.82496643066406,62.184553293171774,60.12292414287157,60.60237329288186,27068944
2020-12-07,63.31126403808594,64.0064638678701,62.13661504075219,62.13661504075219,24937666
2020-12-08,65.324951171875,66.6194625025769,62.71195458816279,63.76674132740826,41355412
2020-12-09,68.8249282836914,69.85574104990611,65.78042319567766,65.90028548550791,64656405
2020-12-10,69.08863067626953,69.80780445576235,67.17083393095534,68.53725972250331,40886623
2020-12-11,70.23929595947266,70.79065952020134,68.34547340188497,69.71189900205245,25734091
2020-12-14,70.31121063232422,71.67764355279978,69.95162379175834,70.93449595246769,18641959
2020-12-15,69.87972259521484,70.5988964126613,68.48932280781077,69.87972259521484,22035135
2020-12-16,70.95848846435547,73.59545931944976,70.23931459478429,70.6228754550519,32956572
2020-12-17,70.23929595947266,71.5577810372102,69.9516235616411,71.41394483829441,15738442
2020-12-18,70.67080688476562,71.98929214243523,68.60918124360613,69.99958095264122,25200760
2020-12-21,64.07837677001953,70.62286213859564,62.59208877597852,70.62286213859564,40141910
2020-12-22,66.69137573242188,67.17082485396104,62.32838580009035,64.50988076625612,42061951
2020-12-23,72.13311767578125,72.4927045109704,66.04411539640753,66.69137462607316,73258033
2020-12-24,78.07830047607422,81.84197208146178,74.36256939833058,74.55434614053377,270968028
2020-12-28,78.365966796875,79.27692462591104,75.99269482542667,77.88651761816568,38262010
2020-12-29,76.75981903076172,78.77350418620371,76.28036983585581,78.19816661547944,24223818
2020-12-30,77.69473266601562,77.91048331048204,74.84201181719445,76.7837749332052,24689065
2020-12-31,77.38308715820312,78.72554619408373,76.71186129816942,78.17418261732841,20074626
2021-01-01,76.90364837646484,77.8385801645304,76.71187162373118,77.574881642661,9590065
2021-01-04,81.626220703125,82.22553216203194,77.19131590721365,77.47898833381447,32854053
2021-01-05,81.02691650390625,81.72211639536269,80.0200702364077,80.78719189886512,18873277
2021-01-06,86.4446792602539,88.19466565150705,81.77005026124314,81.86593862370125,49999500
2021-01-07,88.93781280517578,89.8247966139246,87.0200163026383,87.0200163026383,32949315
2021-01-08,87.2837142944336,90.97547107791084,84.69468464106846,90.13643511276543,25476849
2021-01-11,85.89331817626953,87.57139031614719,84.11935766299023,85.94126602087734,26443871
2021-01-12,86.82825469970703,88.29056893490102,85.70154613192659,86.01318519153513,14828511
2021-01-13,86.54057312011719,88.31453354362723,84.57482864369491,87.61933372687766,16787140
2021-01-14,84.5748291015625,86.54057358862684,84.21524223069564,85.77345200445207,13052552
2021-01-15,84.1912841796875,85.79743464326701,83.11252345747758,84.76662176836993,16324499
2021-01-18,80.88308715820312,84.28717976568916,80.09199882059755,84.14334352726588,17040380
2021-01-19,83.42414855957031,84.38304681887571,81.5063520409595,81.5063520409595,10954431
2021-01-20,83.28033447265625,84.02348228412393,82.22554757048361,82.24952149649518,11709839
2021-01-21,81.05088806152344,84.02347161409463,80.33171426739423,83.87963539210595,10895884
2021-01-22,79.37281799316406,82.94471313615347,78.77350648206469,81.602253888128,13618435
2021-01-25,79.20500946044922,80.40363250711405,77.8865241091179,79.54062245035247,13087676
2021-01-27,78.1262435913086,79.49267670115825,77.67076832663005,79.22897818503466,10420167
2021-01-28,78.03036499023438,78.72556493558653,76.87968972315598,76.87968972315598,9315988
2021-01-29,77.31117248535156,79.25294293186721,76.8556972734067,78.53376923432906,14514240
2021-02-01,82.15361785888672,82.70498147573278,77.19131604401726,77.21528996557876,17122983
2021-02-02,83.0645751953125,84.50292281774216,82.32142746056098,82.96868681698005,12556627
2021-02-03,83.3761978149414,84.81454515377867,82.84880818018881,83.06455881785182,9859693
2021-02-04,84.5748291015625,86.30084900804893,83.44812796233448,83.66387862169188,15430260
2021-02-05,83.6399154663086,85.98922104785471,82.72896486918359,85.58168628209036,12315157
2021-02-08,85.3419418334961,85.86933878238779,84.0953712174682,84.43099144811538,10896506
2021-02-09,87.1398696899414,90.25628868848126,85.48577183849426,85.48577183849426,22888866
2021-02-10,89.22549438476562,89.99260867519943,86.66043837245054,88.21864819104233,19580392
2021-02-11,89.87275695800781,91.28713072739997,88.05084841562135,88.93783241999026,10165976
2021-02-12,87.42755126953125,89.8487635091933,86.75631810197655,89.6569867846423,9635055
2021-02-15,88.24262237548828,89.39329747246936,87.3556384728639,87.73919927712888,8000109
2021-02-16,91.2151870727539,92.50969811995378,88.26657816992018,88.43438095770196,24155607
2021-02-17,92.46177673339844,93.63642575417306,89.34535708213593,91.19123202454925,17142487
2021-02-18,93.6124267578125,95.26652451264988,92.24599404270533,93.15695162471407,19077034
2021-02-19,91.47889709472656,93.94805723183183,89.12959192644057,93.94805723183183,14558896
2021-02-22,97.92749786376953,99.82132071669919,92.3898582105135,92.4378060562339,48211035
2021-02-23,99.98914337158203,100.92406795359484,97.95148404235267,97.95148404235267,23472362
2021-02-24,98.07133483886719,101.0678923240696,96.60901332292558,100.78021987916449,10649237
2021-02-25,99.7973403930664,101.11582559185732,98.57475087956576,99.38981299383741,17173463
2021-02-26,99.38980865478516,102.93772938122396,97.85557286269847,98.21515971939753,34717972
2021-03-01,102.41034698486328,103.75279882586344,98.35899559244326,100.32474014161527,17480256
2021-03-02,102.96170043945312,104.49593618889236,102.21855282643646,103.44114956839121,12729476
2021-03-03,105.14319610595703,106.29387109637918,103.68087479026124,103.89662543648875,14189479
2021-03-04,102.24254608154297,104.0644545792187,101.64323455703216,103.46514305470791,13750833
2021-03-05,105.11923217773438,106.62949416068984,100.92405187417599,100.92405187417599,22131897
2021-03-08,107.7801742553711,110.03358387816644,105.95826595675287,106.65346578606656,24409291
2021-03-09,107.63633728027344,109.24249490543595,104.37608150305343,108.83496018985332,15980727
2021-03-10,108.47538757324219,109.53017440913399,106.0781414390269,107.46854127054591,22508396
2021-03-12,106.15005493164062,110.17743278999528,102.67404806863134,110.17743278999528,21345125
2021-03-15,108.47538757324219,108.83497449337449,104.63979375849772,106.48567620816934,23620753
2021-03-16,108.5952377319336,109.45824770687331,105.95826727928178,108.8349623185383,27174232
2021-03-17,107.7801742553711,111.08837058289897,107.27675116662196,110.321256304827,30284720
2021-03-18,106.36579895019531,108.52332016771803,105.9582642383378,108.06783761359014,19059687
2021-03-19,106.53359985351562,107.4924981551959,105.19114076800055,105.40689873852938,15529758
2021-03-22,107.20484924316406,107.46854046329534,105.50280303749321,106.84526232573282,17117657
2021-03-23,107.27676391601562,107.75621314022129,106.62950453701217,107.34867837332065,18153789
2021-03-24,107.10894012451172,107.92400955454143,106.79730109478058,107.0609995976835,20887559
2021-03-25,106.6774673461914,107.51650360621763,105.64665429591399,107.44458913882734,30276235
2021-03-26,108.7630386352539,109.02672980548152,106.2938712133614,107.15688111503438,16219649
2021-03-30,110.3212661743164,110.68085308190437,108.78702284928956,109.74592126952415,18234834
2021-03-31,109.67400360107422,110.63290199321476,109.41030508007275,110.1534527971445,10376309
2021-04-01,110.87262725830078,111.13632578088877,109.67400426091375,109.91372886039116,10398919
2021-04-05,111.11237335205078,111.6637371111824,109.79388779986895,110.53703566517093,14527112
2021-04-06,111.97533416748047,112.14313695609842,110.96848817252324,111.56779952289959,17652029
2021-04-07,113.55753326416016,114.51643155706988,111.8554873310827,112.19110027043843,42365445
2021-04-08,113.98905181884766,117.4171108084199,113.34179244686278,114.58836334260606,24821045
2021-04-09,110.92058563232422,115.73904468650301,109.41031612278387,114.15686803243439,10610296
2021-04-12,102.21855163574219,108.30755403916537,100.56445362333622,108.30755403916537,14765942
2021-04-13,104.73567199707031,105.23909509966201,101.6911740909648,102.2665116442922,9623854
2021-04-15,108.04388427734375,108.5473001039403,104.80760205360569,106.22197578452091,9752896
2021-04-16,111.13631439208984,112.79041249581584,107.46852400645729,108.45139622675673,11975438
2021-04-19,109.33838653564453,110.08153422490837,107.30072752859324,108.25962588485267,8509541
2021-04-20,108.40347290039062,111.18427255790955,106.70142668531292,109.6979843471347,7754673
2021-04-22,108.5952377319336,109.72194621530124,107.30072642743092,107.30072642743092,5431482
2021-04-23,109.31440734863281,112.19110227886,108.49934524823115,109.26645950680361,12023111
2021-04-26,113.4616470336914,114.92396851535432,110.08153612226857,110.08153612226857,16763872
2021-04-27,116.67395782470703,117.24929536248145,114.63629886305459,114.94793789557006,15648609
2021-04-28,116.93762969970703,118.75953769824847,114.7321682832095,116.57804288351382,13518520
2021-04-29,122.28352355957031,122.97872345708097,116.26643445747422,117.8246444038115,25110119
2021-04-30,123.33831024169922,127.62938655757021,121.08490040015467,122.28352343457351,21911292
2021-05-03,122.95472717285156,125.80744053018053,121.10884521715323,122.45129684041093,12835262
2021-05-04,123.9615707397461,125.80745287659447,120.3417355431893,122.73898127114128,30234483
2021-05-05,126.71843719482422,129.47527051878558,122.97873871236366,123.86572279509477,83074283
2021-05-06,128.89993286132812,130.17047043835998,126.50268662857748,127.89308651724689,20191746
2021-05-07,135.7080841064453,138.24917353118494,129.930727358824,131.84852407260735,38947011
2021-05-10,140.88613891601562,142.06078058173807,137.62587584154875,138.56080755834768,23353138
2021-05-11,138.3690185546875,141.7970768263623,135.30054712196375,138.1772418335721,18065603
2021-05-12,135.25262451171875,140.1190310469022,131.96839451038434,139.37589062710643,19900414
2021-05-14,130.60194396972656,137.60190440222794,128.63619955194082,136.61903950914845,37836764
2021-05-17,133.59849548339844,134.10192584260093,130.91357746253004,132.3279582310559,15818894
2021-05-18,136.8827362060547,138.15327356325304,134.14987012091862,136.11561461797902,17186313
2021-05-19,135.540283203125,137.84163331539196,134.58138488440923,137.00259728651568,12079521
2021-05-20,132.2320556640625,134.62930115928935,129.4512567422495,133.28684953461246,25259296
2021-05-21,131.20126342773438,134.38959750581046,130.0266217314051,133.16700796579622,17094902
2021-05-24,131.82456970214844,132.87934921365613,127.34171654126071,130.4101886418008,20475771
2021-05-25,131.3211212158203,134.5094551845123,130.91358650592124,133.33481352848216,10686256
2021-05-26,128.89993286132812,133.02319930798518,128.1567777501975,131.24923124309777,10302553
2021-05-27,128.3485565185547,130.88963142245652,127.91704053383728,129.5231982779843,19501514
2021-05-28,127.65333557128906,131.84851561353798,126.45471270207508,131.32111862475847,10107966
2021-05-31,131.46499633789062,131.89649775670205,126.88624700773053,127.77323108795049,11125660
2021-06-01,128.61224365234375,132.71152832430596,127.4615685366726,132.56769942170754,11911215
2021-06-02,131.9444122314453,132.54372367030248,129.23551282250938,129.23551282250938,9303223
2021-06-03,133.02316284179688,134.82109702348475,132.040283376832,133.0471294449024,11241144
2021-06-04,134.6533203125,135.37249416359225,130.07457134823494,131.77662490813097,12113422
2021-06-07,133.286865234375,135.56424872309185,132.61563934297334,134.74917930605815,10293892
2021-06-08,130.91358947753906,133.21495426305248,129.78689563797397,132.99919628478867,10114133
2021-06-09,129.4273223876953,133.0471581347458,128.49239055896172,132.16017415418838,14702921
2021-06-10,130.19442749023438,131.46497960562263,129.2115624596124,129.88278842918072,6951260
2021-06-11,132.44781494140625,133.64643770105698,129.95467374868252,130.53001852596506,10489641
2021-06-14,131.3211212158203,133.023174502663,128.5403219570274,132.7834499240903,5854545
2021-06-15,129.90675354003906,132.20810361615546,129.69099556906636,131.39303420539963,6063128
2021-06-16,126.7424087524414,130.0985534121078,125.80747688745396,129.33143170642956,13188440
2021-06-17,125.25607299804688,128.5882499792573,124.00950245528202,125.99921322442842,7487331
2021-06-18,120.65338897705078,124.41706814594158,116.2664316970745,123.98556678968019,25178889
2021-06-21,121.94789123535156,122.5951431824753,117.03353756848496,117.94448800479834,10259127
2021-06-22,121.01294708251953,124.51293420961089,120.50953139194732,123.96155605221034,7080988
2021-06-23,120.46160888671875,123.1465272747981,119.81434955443464,122.16365497295759,6708344
2021-06-24,120.31777954101562,122.35543871323223,119.59860571552741,120.9410649862683,6777996
2021-06-25,125.71159362792969,126.52664853780784,120.96504187392812,121.66024179243625,12259906
2021-06-28,128.37252807617188,129.16361635927908,125.04035015954497,126.50267905292878,8563660
2021-06-29,127.77320098876953,129.3074441516045,126.7184069853671,127.82114883103822,7641687
2021-06-30,126.0232162475586,129.16360243315788,125.56773368706982,127.77320277766265,4782843
2021-07-01,126.04716491699219,127.41359777239087,125.37593910622846,126.67045752326412,3692800
2021-07-02,125.63964080810547,127.74922872141023,125.13622506566433,126.55060587595368,4336970
2021-07-05,130.6259307861328,131.05743210807356,125.92732019270193,126.28690706625711,9431913
2021-07-06,129.73895263671875,131.53688708392485,127.62937914498917,131.29716249096404,5573608
2021-07-07,130.53005981445312,131.56087278748825,127.34172519159232,129.1636265099042,10176930
2021-07-08,126.83827209472656,130.60195100626058,125.95130283536159,130.33825981536194,7417356
2021-07-09,130.19442749023438,130.6738767015873,126.04719473835736,126.47869610224923,7722876
2021-07-12,129.90675354003906,132.39988035056066,128.85195955337,131.84851675228558,8489535
2021-07-13,130.00265502929688,131.32114040410036,129.76293041569625,131.00950133274537,2927619
2021-07-14,130.29029846191406,131.32111114439516,129.30743361779565,129.90674501826444,2925060
2021-07-15,129.2115478515625,131.03344879607656,128.63620301033328,129.9067549820789,5284871
2021-07-16,130.64990234375,131.8485253010321,129.85881411826938,130.07455747160344,3868735
2021-07-19,127.00606536865234,130.00262228387925,126.14306282971722,129.21153418458448,5379470
2021-07-20,122.7869644165039,126.52666297471988,122.25956727838859,126.52666297471988,7962097
2021-07-22,125.99921417236328,126.81428347266366,124.77662485353768,125.25607394039085,4944298
2021-07-23,128.39645385742188,129.57110992026458,126.21496646257039,126.5266054287457,4417755
2021-07-26,130.4581298828125,131.22525152700067,128.0129360433002,128.78005768748835,7303590
2021-07-27,127.26979064941406,132.44783593936998,125.85540971614343,132.44783593936998,12185383
2021-07-28,129.4992218017578,129.9067565164732,125.13623149384614,127.05402814509283,7335089
2021-07-29,138.3690185546875,139.47174567482034,129.7389344198624,130.26633137664913,31005496
2021-07-30,144.72174072265625,146.87926207459756,139.2799894975453,139.7594386868656,34614433
2021-08-02,150.1874542236328,153.2079781765967,143.8347526483315,145.3210480186898,26196659
2021-08-03,150.01966857910156,152.3210337761878,147.5744744585356,150.42720337113423,16167055
2021-08-04,149.1086883544922,153.06414391373517,147.57444519401375,150.33127785651644,10834095
2021-08-05,149.51625061035156,151.2662374356584,145.32106969890305,149.06076797302808,14555093
2021-08-06,150.61895751953125,151.86552831839933,149.1086955233534,150.54704306859475,8083629
2021-08-09,148.41348266601562,152.00935139122964,146.54363385522979,151.38607333151015,9624181
2021-08-10,146.11212158203125,149.7079900377006,144.57787852162852,148.10183253450973,8019719
2021-08-11,155.55728149414062,155.82097267216588,147.38266476420938,147.45457920988656,31209044
2021-08-12,155.1257781982422,156.9716604897229,153.11210039704974,156.3004345559921,11383091
2021-08-13,157.5709686279297,159.65657546802674,153.7114086171645,155.3415328878098,20764801
2021-08-16,161.3346405029297,163.70791967055672,154.91002475841034,158.12232531485648,24614283
2021-08-17,145.34500122070312,163.6120160487331,140.71832003019242,161.04696027006872,82029102
2021-08-18,141.8690185546875,146.56762959968006,140.26286077212183,143.30736618714118,36805826
2021-08-20,129.09169006347656,138.5608112473342,127.8451192850989,138.5608112473342,33985528
2021-08-23,131.34510803222656,133.62249162541139,125.13623533078736,131.9444195041173,32529835
2021-08-24,137.31423950195312,138.5608102715521,132.3759188985592,134.14987205039495,32936022
2021-08-25,139.06423950195312,139.99917132751102,136.1875442007029,138.08137446001086,17963680
2021-08-26,137.8656005859375,140.67038110804017,135.87588949132697,139.16011917510096,15369839
2021-08-27,140.2868194580078,141.58132334012404,138.2971084793212,138.41697076275562,14509752
2021-08-30,143.16351318359375,145.1292575434582,141.48544122813348,143.83473903945261,22246795
2021-08-31,145.17723083496094,146.66352647506375,141.22177441926473,143.76286428953867,27040537
2021-09-01,142.89981079101562,146.35185046293955,140.95804762032506,146.23198817754812,25319582
2021-09-02,146.61553955078125,148.26964491828414,143.83474042194098,146.23198609563997,33332582
2021-09-03,147.81417846679688,149.10869712406213,145.3450180806179,146.42377875112962,17893322
2021-09-06,151.09840393066406,151.4819720480052,148.14979444331203,149.2045884764656,12586099
2021-09-07,149.56417846679688,152.10525328365998,147.0950034694194,151.74566639646457,16328996
2021-09-08,152.3673553466797,153.79443919881945,149.84445774466585,150.3286552413101,13318639
2021-09-09,153.84542846679688,155.4509018836377,152.2144619631193,152.6731664316382,7343112
2021-09-13,157.26026916503906,157.5660773811225,154.12576994680083,154.12576994680083,12916710
2021-09-14,154.5335235595703,157.61705223206081,154.20222224340733,157.61705223206081,8122323
2021-09-15,156.57220458984375,157.99928871793392,154.5335040902575,155.42543555882648,6917307
2021-09-16,157.5406036376953,158.96768794171422,155.11964649598485,158.02478573360597,9401199
2021-09-17,153.92189025878906,157.43864556779894,151.22061827388092,157.43864556779894,16865737
2021-09-20,146.04739379882812,150.50705092735342,144.95159544377185,149.89545013929975,13157824
2021-09-21,149.28384399414062,149.7170709698849,144.2125857311656,145.76708867195603,10413898
2021-09-22,150.30320739746094,151.88320356549633,148.1370878835235,149.84450284649637,7386307
2021-09-23,152.69869995117188,154.12578435422677,151.93418711652387,152.39289170650198,7756451
2021-09-24,149.38577270507812,152.39285263966633,148.54481191336143,152.39285263966633,9015535
2021-09-27,146.58258056640625,149.79352788432055,146.2258017292817,149.79352788432055,8561365
2021-09-28,148.13706970214844,150.30318895023058,145.4357978026308,146.25128110095412,7363760
2021-09-29,148.90159606933594,150.43062156151612,146.27677208523696,147.24515178614075,7701691
2021-09-30,146.6080322265625,149.5896345263993,146.0219090010678,149.30931945674283,6824351
2021-10-01,145.69065856933594,147.95870386972027,144.31452931207372,145.66516547698504,7227287
2021-10-04,152.0360870361328,152.90254099002996,145.84353723684674,146.83740997490227,8623041
2021-10-05,154.43157958984375,156.97995549066627,152.4948201268395,152.74965771692177,12193085
2021-10-06,148.29000854492188,156.521260074157,147.29613566397626,155.04320507622873,9850825
2021-10-07,148.21353149414062,150.30320277769727,147.8567682117125,150.30320277769727,7738137
2021-10-08,149.8699493408203,153.66703486507606,149.15640734777898,150.30317626468252,7025380
2021-10-11,151.75575256347656,153.81993038176327,149.1818996736081,149.8189935130853,6922845
2021-10-12,159.12057495117188,159.75766883621972,151.83221157379447,154.7118728234008,21173375
2021-10-13,162.81570434570312,164.62504458938503,159.1205601560033,160.67506286936108,16291520
2021-10-14,169.16114807128906,174.53822924756003,165.13471823742088,165.13471823742088,26405427
2021-10-18,191.00076293945312,192.83559659484516,175.96534597690777,175.96534597690777,48802954
2021-10-19,189.1149444580078,196.68362299690696,184.37497212870335,193.11589720588853,28838312
2021-10-20,181.57179260253906,185.7256424312673,177.468913405352,185.41983419607345,15654936
2021-10-21,178.5901641845703,184.68078826914666,171.78599802183857,181.9540231862181,17004410
2021-10-22,165.05828857421875,176.6024267811367,163.6821595465119,176.34758922445397,23046439
2021-10-25,165.87376403808594,169.33954842378517,160.34378620824498,166.15407911558756,17295947
2021-10-26,168.47311401367188,169.5179573998988,163.32540746016056,166.68925099499535,14570005
2021-10-27,160.72605895996094,168.6005305625847,160.19089072903154,167.68312152963563,16987345
2021-10-28,153.3357696533203,158.68735864682657,150.35416696041378,156.47026866727808,25364271
2021-10-29,154.9412384033203,158.5854124457462,151.0677043324272,154.22769633727302,19418592
2021-11-01,153.9983367919922,159.01863991287212,152.90253837776166,159.01863991287212,20031854
2021-11-02,156.9799346923828,160.47121232476044,155.55285059861754,155.96058446710762,16357465
2021-11-03,158.33058166503906,161.6944407537041,157.23478320730567,157.591562032638,15956363
2021-11-04,159.12057495117188,160.1654027010304,158.05025411348151,159.12057495117188,2988176
2021-11-08,165.5170135498047,166.7657239537104,158.55995050217064,160.80251816770863,19796688
2021-11-09,162.3825225830078,165.10928802644943,160.64963000579115,164.49767156199516,19869811
2021-11-10,164.70152282714844,166.10312949999198,161.26121553925978,161.54154620625928,24331479
2021-11-11,165.05828857421875,166.6127914483634,161.61798155900178,164.29377590417053,15963978
2021-11-12,167.275390625,169.0337605618918,165.00732998352868,166.10312844635425,15039279
2021-11-15,165.4150390625,169.03373519909087,165.13472399339003,167.6830993636584,8320124
2021-11-16,169.59442138671875,172.93278769727803,165.1347634238824,165.46604919031114,20023683
2021-11-17,172.3721466064453,173.51891572491326,167.68312887820022,168.57506041478638,13264427
2021-11-18,157.76992797851562,174.84404458554047,147.9586818685088,174.84404458554047,69494735
2021-11-22,167.35183715820312,169.41601527613483,157.79542817879513,157.79542817879513,58648584
2021-11-23,180.73080444335938,183.99272216878254,172.06632722211478,175.7869494543231,333341211
2021-11-24,176.14370727539062,180.04271844947394,173.51888377610896,175.78692850482665,29083799
2021-11-25,187.35658264160156,190.2107665069613,174.48728548939133,175.8379214856448,40281820
2021-11-26,180.37403869628906,186.9488452472803,178.02952981460373,183.3556415374513,24405163
2021-11-29,176.75534057617188,181.39338767735103,174.86955180262868,179.76243648569624,11884679
2021-11-30,172.7034149169922,180.42498975767592,171.2508377360992,176.8317864375117,17562378
2021-12-01,176.98464965820312,178.25883720073878,170.7411306997784,175.32820585290676,10966477
2021-12-02,172.21920776367188,176.95919537705043,170.23147804698698,176.85725413863616,14527577
2021-12-03,171.91339111328125,177.08660540338997,171.0724303770628,174.66564887406656,12609066
2021-12-06,171.0979766845703,175.12440779079066,170.28249322600658,171.633129441162,8612257
2021-12-07,175.40467834472656,177.62176808732949,172.29565719852872,173.28952984129705,20032367
2021-12-08,174.20693969726562,177.87660657019018,171.78598301758538,176.34758129881317,20455793
2021-12-09,177.59632873535156,178.87051672870595,174.99698211809815,176.09278068157238,14212623
2021-12-10,178.23338317871094,179.66046719295016,176.34757914542058,176.8572542296559,8770813
2021-12-13,181.5207977294922,183.68691707126192,180.78177811002482,182.20886227827629,16823625
2021-12-14,183.43206787109375,184.32399930821052,180.6798254045148,182.20885072528642,11846524
2021-12-15,179.88986206054688,184.09468232027527,179.40566441507846,183.45758834152855,7353408
2021-12-16,182.2088623046875,183.71241018728358,179.60951598337687,179.99177233786222,13849801
2021-12-17,176.14405822753906,184.14218317707213,175.16416882958256,183.08282930731826,12501229
2021-12-20,171.1915740966797,173.68104573422298,167.19250395365833,173.2043397750726,10352390
2021-12-21,178.4216766357422,180.3020232665309,172.72764965316642,174.26370951324893,8777083
2021-12-22,181.14950561523438,181.9440209907398,179.26915902565426,180.09015178122718,4817620
2021-12-23,182.2088623046875,186.6846387892918,181.414346916731,182.7385392299918,7557268
2021-12-24,183.16226196289062,185.57230150930985,179.85178140280038,183.34765210714687,6096013
2021-12-27,180.302001953125,184.6453587200978,178.26274278613832,184.32754936760745,7521417
2021-12-28,182.63258361816406,183.48006986768604,180.75223714079667,182.02345843285178,4120120
2021-12-29,179.7988739013672,183.16231010285537,178.76599722936902,181.44085975916516,4510924
2021-12-30,176.54129028320312,181.41432384196636,176.14403263975356,179.93123510553664,5044789
2021-12-31,180.72573852539062,182.44718820063602,176.54127869092335,176.54127869092335,6299731
2022-01-03,187.39968872070312,188.03530749350617,180.32851473666776,180.6198305782693,9043533
2022-01-04,177.57420349121094,189.30654509748504,174.8198767923052,189.1476484728959,28238896
2022-01-05,176.83265686035156,179.26917411656595,176.19703804065804,178.26277495797487,9231180
2022-01-06,179.24267578125,180.27555229454362,175.85274655051708,176.91210044539972,9683833
2022-01-07,179.13673400878906,180.80521301055325,176.64724611352068,180.0371750399294,6418949
2022-01-10,179.6664276123047,180.7787362739216,177.97145490929026,179.534008375021,4237835
2022-01-11,175.3495330810547,179.98420600367913,174.47556941996532,179.9577286241895,8957542
2022-01-12,176.19700622558594,178.31571368938845,174.97875589968154,175.85271949560905,6781225
2022-01-13,179.9312744140625,182.2088789349662,176.8326608853291,177.65365372870036,10653446
2022-01-14,178.07733154296875,181.78506882893043,176.93851358786196,180.09009674671012,6325976
2022-01-17,172.5687255859375,176.91208258218063,169.3641868432702,176.91208258218063,13870740
2022-01-18,170.79429626464844,173.70751876083008,169.57602988575485,172.0919947688208,10477124
2022-01-19,171.93313598632812,175.0317492827057,168.43726498950357,169.23178039039746,37369055
2022-01-20,173.28379821777344,174.42260034364395,171.7477384086139,172.11851871213292,7463125
2022-01-21,171.24453735351562,173.8399671261403,168.75506559239759,172.11851718053956,10563621
2022-01-24,165.3121795654297,172.5422667104271,164.3322739736301,170.55597814507297,10949389
2022-01-25,168.46376037597656,168.96695998277468,162.71677796016724,164.49118294691448,7732802
2022-01-27,173.83995056152344,175.85271614803833,165.28565640769804,166.84820959828937,13373574
2022-01-28,173.5486297607422,177.91846410286786,171.16508375594637,175.27007965309474,15967353
2022-01-31,170.42355346679688,175.1376749451859,167.1130726302235,174.7933881710737,14273583
2022-02-01,179.1102294921875,179.56045806240317,170.55595131591096,171.5623341311573,12026843
2022-02-02,181.81155395507812,182.208811538374,178.05084560032003,179.56042764973483,8070763
2022-02-03,182.89739990234375,186.34029924028994,174.34312247249133,177.44173510953365,15147036
2022-02-04,188.75038146972656,192.14031066482931,181.99700046083183,182.73854494656408,20184671
2022-02-07,193.5174560546875,196.5101272666934,188.53849649429858,189.7037759600097,15757583
2022-02-08,195.6891632080078,198.52292206848583,190.31292902611344,195.05354437765374,14209893
2022-02-09,199.5027618408203,200.7210281694391,192.90829543390947,196.7749295762209,17184515
2022-02-10,201.0123748779297,204.375826280715,198.8936673693349,200.21785956220666,11642228
2022-02-11,200.24435424804688,203.6342994863668,197.17223456083343,200.21787686768312,9277013
2022-02-14,191.4781951904297,198.54938488471015,190.47181233518305,196.00692612126747,11817623
2022-02-15,197.01333618164062,198.2580640077907,188.27366703172356,195.4507828072364,12010968
2022-02-16,194.44439697265625,198.62884133046,191.76951887739884,198.62884133046,9223294
2022-02-17,195.42430114746094,197.75487630350958,193.64988027753586,195.90100713048918,7177358
2022-02-18,192.80239868164062,196.8279465023904,192.00788330245805,194.92110635946085,4497068
2022-02-21,187.4791259765625,193.64985799526247,187.028897424886,192.53753338654832,5793689
2022-02-22,185.43988037109375,186.68462428171918,179.74585386656454,183.26820191321937,9895715
2022-02-23,186.55223083496094,188.51202587838148,184.38055207704485,186.55223083496094,9341304
2022-02-24,179.0572967529297,186.1549812216383,177.81256878059486,181.1495272912288,13040748
2022-02-25,192.06088256835938,193.6234200126503,183.00340267623838,183.21527024239285,12293768
2022-02-28,201.43612670898438,202.01877455531837,188.96224167788102,191.16039766843244,13822663
2022-03-02,205.14382934570312,209.75202422243208,202.33654861860873,203.3959022762978,15610682
2022-03-03,209.72555541992188,212.400417049148,203.0251303295758,211.87074019865136,59451460
2022-03-04,197.7813720703125,211.20868613324217,196.24531213132593,208.37491118671335,19180902
2022-03-07,205.19686889648438,206.15029720598315,197.80788436128083,198.09920024880412,17901437
2022-03-08,201.99227905273438,209.96390953749275,197.30463548680115,209.96390953749275,19093725
2022-03-09,203.58255004882812,205.6389394432607,200.40200781274822,202.86967508606736,10587981
2022-03-10,207.42117309570312,208.1066363247041,199.3052951583081,203.71967165909768,12346925
2022-03-11,207.3937225341797,211.12263510967364,206.29698157257099,207.17436095390676,9045446
2022-03-14,206.07762145996094,208.38078418971767,203.80188729540316,207.3937240112157,5116985
2022-03-15,196.15213012695312,203.66479576681652,194.01347183716052,203.39061052299073,8197001
2022-03-16,204.73414611816406,205.91313944174777,197.02952992764807,198.510137091645,9118574
2022-03-17,207.53086853027344,209.75176285475828,204.81642725817574,205.5841427817666,10989483
2022-03-21,219.3756561279297,223.4336120352744,208.68242921872536,210.0259439089872,26819133
2022-03-22,221.569091796875,228.12212590568967,220.44493897617127,221.92554600655416,22136086
2022-03-23,224.0916290283203,225.791581134304,218.25148583230845,223.54325846090245,12118980
2022-03-24,225.4625701904297,228.91731503204164,223.18683553381786,223.62552532246252,11816201
2022-03-25,225.13348388671875,227.73824355121346,222.77549762125673,226.97052826024475,8213490
2022-03-28,226.6963653564453,229.13662081851578,222.63842693177045,223.73516795113878,8658384
2022-03-29,225.02383422851562,227.95761970104553,223.4883868134366,227.51891326747753,6273174
2022-03-30,218.63536071777344,224.9964461677329,217.4563505624477,224.83194168486725,8216568
2022-03-31,221.18527221679688,225.29805148176172,218.93694953829444,218.93694953829444,9571444
2022-04-01,222.52879333496094,225.32548687452623,221.10304309532762,222.25460802196324,8522750
2022-04-04,231.11074829101562,232.34458188596957,222.6384175783562,222.6384175783562,11316771
2022-04-05,229.7124481201172,233.1671930482704,228.8898921945964,233.1671930482704,6544847
2022-04-06,237.22508239746094,238.37666379809195,227.18989217475038,228.9172726431667,9864785
2022-04-07,233.33169555664062,239.82989066002452,232.6736441278386,237.9928457616499,7125701
2022-04-08,235.9639129638672,238.26707667054134,232.89305033489657,234.15429629072764,5251094
2022-04-11,240.04917907714844,241.6942905271346,236.04608124282439,236.32026648448874,6488235
2022-04-12,228.67051696777344,238.43150596210967,227.10765756956664,237.44444567636904,10163306
2022-04-13,233.4961395263672,234.4557878492549,231.08331280438,231.41233843350068,4532025
2022-04-18,232.5913848876953,236.7864165990478,229.63018701703137,233.57846200121165,5410588
2022-04-19,234.455810546875,239.91210394777772,231.43977266867438,234.12680162084172,6170452
2022-04-20,231.3575439453125,235.22356656843158,228.94471674457367,234.67519598940265,4326156
2022-04-21,233.0300750732422,233.6606978672968,228.75277468433467,231.41237523485142,8243160
2022-04-22,228.01248168945312,233.03008591124131,227.4641111065204,230.26080442646574,4288543
2022-04-25,220.49981689453125,224.77710078914134,217.73053538274996,221.98040744192292,6329044
2022-04-26,225.70932006835938,226.23026204606657,220.49979988164162,222.58360126235235,5690783
2022-04-27,226.28506469726562,229.2188499757612,222.33680746591878,225.81894646396364,7572088
2022-04-28,225.73675537109375,229.1915002108543,222.1175060444153,229.1915002108543,6480515
2022-04-29,223.9271240234375,230.15113329592523,222.69329024966007,227.0254143750458,18580213
2022-05-02,223.65296936035156,224.47552532215133,219.07407115934393,223.73522160954275,9271760
2022-05-04,216.7160186767578,225.9286359739532,215.23541169848696,225.9286359739532,16352730
2022-05-05,222.19973754882812,224.55772405000485,219.70464168508636,220.7191304765005,11573563
2022-05-06,214.2916717529297,221.18896571065525,211.7051842505865,217.02680775373432,17372415
2022-05-09,208.19708251953125,212.86464898247866,206.41330054481776,211.91329496685105,7155146
2022-05-10,196.42410278320312,209.83218826275393,195.02680345857874,205.13489997929776,10077453
2022-05-11,193.77813720703125,202.3997482598821,188.2186809334938,197.01868103339766,12430816
2022-05-12,186.8511199951172,193.71867180115106,180.87545897664953,191.37003694789883,16664763
2022-05-13,174.15655517578125,191.37005638211875,172.75925583758126,189.05114372806682,20305913
2022-05-16,170.73764038085938,179.83493823791045,166.21872296286992,175.10790931895156,18365763
2022-05-17,190.86463928222656,195.5916679806201,174.84032663877915,175.40519809425805,27785998
2022-05-18,190.151123046875,193.6592415933468,188.04032194805598,193.21329616580198,12682808
2022-05-19,180.4889678955078,185.33492261127802,177.0106081584621,183.1349179619505,15575272
2022-05-20,186.9403533935547,190.15115742322712,184.08630939952786,187.89170744008666,11619010
2022-05-23,181.7375946044922,185.2159720260687,174.03761564355526,182.54029987801954,18449758
2022-05-24,181.64845275878906,188.42682019825233,180.25115333922338,182.92682612945103,11923967
2022-05-25,181.261962890625,184.591692522246,178.43764172778367,182.5700586471273,10971726
2022-05-26,186.13760375976562,186.8808460973235,174.81059779360973,182.4213920719763,11117630
2022-05-27,183.0457305908203,189.70517119599737,180.4295211335877,187.89166711027934,11035458
2022-05-30,186.226806640625,187.1484198774269,182.65924343406562,183.8781536047475,7700826
2022-05-31,190.8052215576172,194.67008277205707,183.84848225896735,184.324150227132,52366423
2022-06-01,187.92138671875,193.24300915208735,186.2565311288965,190.56733671767384,9150761
2022-06-02,191.31057739257812,192.05381972899062,187.68355116177213,188.0403111123631,6242334
2022-06-03,188.4268035888672,193.36194385427305,187.5646533197975,192.35112696439458,10358738
2022-06-06,190.686279296875,192.29167200948626,184.32411703143435,184.56195097268417,11751642
2022-06-07,187.2375946044922,190.68624972731763,185.66192457428755,188.48624528438478,11390344
2022-06-08,186.2565460205078,188.75384775051774,185.24572909513083,188.42681020615862,4734993
2022-06-09,180.10247802734375,187.8916612857059,177.9916770654296,185.15652587838332,11747620
2022-06-10,179.09169006347656,180.3403227378972,175.22682971077364,178.28898466880204,6147803
2022-06-13,172.25387573242188,176.98088677939225,170.38089026086365,175.52414247942937,7487440
2022-06-14,173.11598205566406,176.11869164713409,171.39166365666105,171.8376090087599,7645723
2022-06-15,173.2349395751953,175.97007519453325,172.7889941420065,173.59169955085957,6160021
2022-06-16,159.02415466308594,176.26737872268927,158.07280074102894,175.8808781497275,14390002
2022-06-17,156.9430694580078,161.72954316476807,156.25927194655685,159.0241481384368,13852870
2022-06-20,137.02415466308594,156.25926079265034,131.85118984125495,156.25926079265034,49070694
2022-06-21,140.35386657714844,144.8727739578631,134.97279093881986,140.59170046510874,51220904
2022-06-22,132.05931091308594,139.64038325829372,131.40525398360185,139.64038325829372,22944315
2022-06-23,130.48362731933594,134.37821911259832,128.49174323191176,131.43498117225502,20938353
2022-06-24,131.67283630371094,133.72418373958544,129.3241918750203,131.07824231807865,21355402
2022-06-27,135.44850158691406,137.44038584577862,133.6647197637487,135.29985310165029,15977006
2022-06-28,139.61065673828125,140.17551915787084,131.99985261101727,134.9133592422372,23261360
2022-06-29,137.97552490234375,139.9376867090991,137.2322824810564,137.76741339526993,14692258
2022-06-30,132.59445190429688,139.34309691957077,132.17823795054417,138.272825986504,13598410
2022-07-01,127.21337127685547,132.95120822476548,122.48635128221972,131.46472337910745,26130465
2022-07-04,128.78904724121094,129.2349926830811,124.50796374103096,126.58904246975831,10536164
2022-07-05,129.05661010742188,132.83227599597822,128.55120165430986,130.63228034136367,13760066
2022-07-06,127.51066589355469,127.83769436812281,122.63499750430387,126.94580347718242,21776088
2022-07-07,135.3890380859375,136.10254899812912,128.4620223262026,129.62147869261193,18550009
2022-07-08,133.1890411376953,138.54038654054912,131.43499084798322,138.1836265512455,20385518
2022-07-11,136.42958068847656,138.12417708348084,131.58364360109528,132.59445150654358,16001815
2022-07-12,137.20252990722656,140.79982448858132,133.9025322487477,135.805230740597,17927232
2022-07-13,137.91604614257812,138.89713147040052,135.56740217385942,137.0538868468184,13199027
2022-07-14,135.50794982910156,140.29443266752227,134.67552197580366,140.29443266752227,15126859
2022-07-15,135.4782257080078,137.17281290390284,133.6647124721625,136.90524745958078,12239038
2022-07-18,141.1863250732422,141.54308505583066,136.251193702279,137.38092759862033,15984360
2022-07-19,141.95933532714844,143.11879195819526,136.4593401364631,141.1566296972315,20854834
2022-07-20,150.55117797851562,154.47549238727177,145.6755096733914,147.45929142449415,58620970
2022-07-21,151.50253295898438,152.24576628781236,149.30253726477184,152.21604384997448,19890154
2022-07-22,153.61334228515625,154.5646961827025,151.68091205240168,152.8106368670526,15511814
2022-07-25,153.40521240234375,155.45656843106588,150.78900310676545,154.83223400488063,23018426
2022-07-26,155.27053833007812,157.52176823022597,153.63036439735149,154.37005029585237,18479077
2022-07-27,156.55694580078125,157.07151456641472,151.73288202531037,154.3700408150676,10992106
2022-07-28,157.90768432617188,159.25842608127158,154.788119223223,156.4283028359633,11285482
2022-07-29,163.5679168701172,164.98297354973252,157.7468782186039,157.97200511029422,20997947
2022-08-01,164.27545166015625,165.56186869685155,162.89255727154205,165.14378708575885,10114375
2022-08-02,162.47445678710938,164.0181531259918,159.00112530275098,164.0181531259918,11012297
2022-08-03,160.09458923339844,163.69656070319172,158.39009066075036,161.76693523321305,9843948
2022-08-04,160.96292114257812,163.1819884221867,158.06848300015415,160.73779425011216,9463532
2022-08-05,162.89254760742188,165.208102061929,160.89859739300837,160.89859739300837,13811834
2022-08-08,165.14378356933594,165.94779420015064,162.8282290267565,162.89255380305482,7700478
2022-08-10,164.88650512695312,167.13773490734678,162.08854418834494,165.7869931132774,11891569
2022-08-11,165.01513671875,167.5236656312999,164.3397756294734,165.947796917433,6782061
2022-08-12,168.81008911132812,170.4181104607248,164.21114216330363,165.01514302341852,14399499
2022-08-16,168.84222412109375,171.54370755869718,163.69655633835566,169.80703683035713,18353026
2022-08-17,171.2864227294922,172.8622914708465,168.9065629593004,170.77186376003627,14443487
2022-08-18,170.77183532714844,172.5406584802545,169.13166170956993,171.7044953868151,9656896
2022-08-19,168.52061462402344,172.3798653406041,167.45932460279658,171.5758547746498,11007005
2022-08-22,165.20809936523438,169.9356855432752,164.05032215687922,167.2342021189191,9077185
2022-08-23,168.68141174316406,169.42109751610974,163.08550033271328,163.08550033271328,6629601
2022-08-24,171.543701171875,171.89745796710145,168.35981149818073,168.6814157226281,7607934
2022-08-25,170.7396697998047,174.50242306387642,170.1929387590508,172.6692949112924,6531499
2022-08-26,173.4090118408203,176.88233374117766,172.70147858002255,172.70147858002255,11188255
2022-08-29,171.12564086914062,171.86534646546167,165.97997204836835,167.94177006378905,7471816
2022-08-30,173.8271026611328,174.95271757198196,172.47636084228057,173.02309201052628,5956473
2022-09-01,169.29248046875,172.95875704200085,168.6492719861623,169.48543516186027,8676894
2022-09-02,165.4653778076172,170.9648023378955,164.66136722546162,170.7075228774386,10204135
2022-09-05,167.49147033691406,169.06733883352464,165.6583223955329,166.2050534838976,6625211
2022-09-06,169.71055603027344,170.28943971821352,166.14073730117485,167.8774079941595,6046145
2022-09-07,168.48846435546875,169.42110484722187,167.23420000377465,167.23420000377465,4912037
2022-09-08,168.68141174316406,170.45023493589503,167.8774012010136,169.61407182372403,3584327
2022-09-09,171.5115203857422,173.56979517082968,169.67837247233038,170.45023042402897,9391783
2022-09-12,173.8914337158203,174.85624653137415,171.99396066023095,172.34773713676756,5914506
2022-09-13,178.52252197265625,179.7767864741426,175.3386514852297,177.17179974541477,15735934
2022-09-14,196.5644989013672,202.51417684156252,175.8210271639294,177.52552556690944,61991651
2022-09-15,202.0961151123047,206.40560021146456,195.92130969155713,203.86493845720207,72693576
2022-09-16,187.0128631591797,192.8982167497921,184.60083139014472,190.48618498075714,45232346
2022-09-19,181.15965270996094,189.61783974724085,180.35564216213655,187.81686397177972,17630437
2022-09-20,180.16268920898438,184.98675254216408,179.90540975704758,183.5716861127658,14832173
2022-09-21,178.7476348876953,182.22095679702977,178.16875117433378,180.74158512630973,8891248
2022-09-22,180.51644897460938,182.1244701121512,177.20392935710615,177.20392935710615,8750415
2022-09-23,179.80894470214844,184.5687037390479,178.9727814276485,181.35266094609824,11611515
2022-09-26,169.99998474121094,178.29738941332047,167.23419626995044,177.52553142502433,13655836
2022-09-27,168.64927673339844,172.57283288429386,167.26636275357575,170.77185693401944,8506360
2022-09-28,165.1759490966797,168.3919918721537,164.1468212972782,166.9126200471026,7527753
2022-09-29,167.00909423828125,169.80705532573182,165.04731603410153,167.23422115412984,7865169
2022-09-30,173.69845581054688,174.79191816406785,167.42717263814703,169.09951874328695,11747174
2022-10-03,172.60499572753906,175.59591116775024,170.83617244654525,174.30949423611835,6570803
2022-10-04,179.55165100097656,180.67726588946633,175.46727305119484,179.45517365065348,11559416
2022-10-06,188.0741424560547,188.84600042967043,181.38477865831823,181.38477865831823,16940276
2022-10-07,187.7525634765625,188.13849251524758,184.7616477777944,187.81688825453773,8499499
2022-10-10,191.0651092529297,191.64401270376237,184.2792662867097,184.4079158600434,11439140
2022-10-11,183.98977661132812,196.50018931461173,183.31441556354943,192.96254269847307,21039535
2022-10-12,184.9867706298828,186.53046712160776,180.2913367489773,185.24405010697598,10044150
2022-10-13,188.46009826660156,189.6821905411319,184.82597401766932,188.33144870963352,10965277
2022-10-14,185.1475830078125,192.54448125149065,184.24709497354593,192.54448125149065,10076381
2022-10-17,180.13052368164062,183.82897237407596,178.58682728367447,183.79681980232934,9189148
2022-10-18,179.9054412841797,182.92850972524488,179.4551874425136,181.70641739250928,6076753
2022-10-19,178.32955932617188,181.99585568337181,177.7185033902499,180.7415912377071,5047001
2022-10-20,181.93153381347656,182.5747423334965,176.04617978112725,177.1396224876614,5655577
2022-10-21,180.16268920898438,183.2179293199982,178.6511454387553,182.67119821640503,5352956
2022-10-24,181.2239990234375,181.83505496409157,180.41998838003272,181.83505496409157,1607171
2022-10-25,180.09837341308594,181.64206983079367,179.262210245334,181.38479036603653,5339921
2022-10-27,185.46917724609375,188.0741638523676,182.67121630988038,182.7355410865269,14336599
2022-10-28,183.21792602539062,186.36964342056137,179.80890955374588,186.36964342056137,9449012
2022-10-31,180.6129150390625,183.28224566403296,176.11045613509137,176.2391056697272,12599029
2022-11-01,184.5364990234375,185.75859114362638,180.7415731221504,181.09532991538583,9070975
2022-11-02,191.19371032714844,192.60877675819074,183.47520898509367,183.63601109638648,20332664
2022-11-03,194.8278350830078,195.72832298488174,188.13847114587614,188.13847114587614,19690261
2022-11-04,207.08099365234375,208.78549232744783,195.2137884469809,195.2137884469809,52129584
2022-11-07,197.17556762695312,208.68901605273723,192.0298993711092,208.68901605273723,38854124
2022-11-09,197.85096740722656,202.48205750575283,194.34547271884395,198.01176955569974,20764922
2022-11-10,197.5614776611328,199.23382360918978,195.53537490619433,195.79265436839586,8723702
2022-11-11,200.93833923339844,202.61068532380918,198.75143417478424,200.13432857735157,15276115
2022-11-14,202.4498748779297,206.46992799305937,201.35641257894818,202.61067700253489,19802445
2022-11-15,204.9583740234375,205.4407803735456,200.8739963333558,203.38252505724972,10006142
2022-11-16,200.6488800048828,206.24478163572883,199.1373362503594,205.82670007703013,9748748
2022-11-17,197.65794372558594,200.3594269974416,195.2780842995832,200.3594269974416,10016310
2022-11-18,199.6519317626953,204.12223907646043,198.36551465130015,200.93834887409048,18774925
2022-11-21,198.0438690185547,201.90311954686362,197.14338115444858,201.90311954686362,11979024
2022-11-22,199.45895385742188,200.61672127140196,197.17555197267635,199.04087227066046,9990931
2022-11-23,198.01173400878906,201.64585798605398,195.95345902616492,201.64585798605398,19347161
2022-11-24,199.97348022460938,200.2950844126931,197.9473777655145,198.7192356685801,9754111
2022-11-25,203.60763549804688,204.12221405703303,199.13734836137587,201.00264901843394,11546335
2022-11-28,199.74839782714844,204.44383179577795,199.16951408558214,204.2187048881782,16890293
2022-11-29,205.74664306640625,206.49642792171377,201.07755003249918,201.75916884616868,14184054
2022-11-30,207.45071411132812,209.35923868995687,204.9287158883079,205.16728666097595,10300275
2022-12-01,211.47225952148438,213.00590201599957,207.68928302222326,208.57537925406677,14208907
2022-12-02,213.92605590820312,215.2892934531955,210.21122527755716,211.40405812942552,14526593
2022-12-05,217.60684204101562,219.61762619247847,214.77812765948562,215.050771069508,17018137
2022-12-06,214.33506774902344,217.36825932117986,213.414878089536,217.09561592612815,7693396
2022-12-07,213.27853393554688,215.05074710524332,212.0857009484338,214.70993768035387,5552148
2022-12-08,213.92605590820312,215.73234149504722,212.05160428383857,213.1421984801033,5763591
2022-12-09,210.51797485351562,216.41397343404614,208.5753570734429,215.39154521309788,7643243
2022-12-12,210.55206298828125,211.02920451375763,204.17892244782547,210.41575169625727,8476131
2022-12-13,213.4489288330078,215.49378528831625,211.23366767309034,211.4722384198141,8177297
2022-12-14,215.42562866210938,216.75479373669776,214.02831834378333,214.36912776789762,7878753
2022-12-15,211.94940185546875,216.073187813383,211.5063329365318,214.70995003538056,5846776
2022-12-16,209.80224609375,214.57357741571244,209.25695940606724,211.30181568690827,7609735
2022-12-19,214.26686096191406,214.70990899480722,210.27938706316834,210.55203040638307,5148697
2022-12-20,212.73326110839844,214.3009762450187,209.32516663630415,213.96016679780925,7495069
2022-12-21,206.66683959960938,214.6417675078626,204.51972362300648,213.78974396202213,10996743
2022-12-22,205.88294982910156,209.56370798320677,203.429138794838,208.37087508546838,9075631
2022-12-23,194.397705078125,205.06503596082763,193.54568151239226,203.80403692327184,11859798
2022-12-26,201.8273162841797,202.74750575808523,192.08015566634666,194.77255805270852,7669940
2022-12-27,209.70004272460938,210.62023236609193,203.8040436163802,203.87220966414878,11251874
2022-12-28,207.82557678222656,209.22290786235828,207.28029003962035,209.22290786235828,5313187
2022-12-29,209.3251495361328,210.27941175009215,205.20134308096561,206.56458075843784,6837877
2022-12-30,210.2112579345703,213.92608914232756,209.52963905618236,210.96104286106853,6318160
2023-01-02,215.45970153808594,216.7547730659449,210.75653609409576,211.26775018151542,13487019
2023-01-03,217.81129455566406,219.20862567486387,214.19872298184302,215.4597220109016,10680716
2023-01-04,210.1431121826172,217.02746767951547,208.71172904084176,216.7548242620992,16035314
2023-01-05,212.22203063964844,212.66507872672454,209.56372131583564,211.30184104257887,6589413
2023-01-06,211.063232421875,214.36908737311404,210.34754108663932,212.83544525359255,4971988
2023-01-09,215.05075073242188,216.00501297793622,212.80141681075546,212.80141681075546,6356082
2023-01-10,215.42562866210938,217.91355409922897,213.3466994955547,216.41398431258347,8269189
2023-01-11,216.8570098876953,218.1520814045929,215.732343065162,216.17539111023825,6183545
2023-01-12,215.800537109375,218.11803709321904,214.43729937754236,218.11803709321904,4051242
2023-01-13,217.57273864746094,219.48126304908456,215.5960274012758,216.07316890235964,8446441
2023-01-16,216.1413116455078,218.79962063311606,214.36909871998444,218.66328856140134,5228181
2023-01-17,216.7207794189453,217.09566156578254,213.68756640776397,216.14139908180977,4146953
2023-01-18,220.94674682617188,222.07141377226378,216.92519975762934,217.09560447071468,12239219
2023-01-19,225.4795379638672,227.66072690143062,219.17456274279462,220.5718940563885,14218085
2023-01-20,225.54766845703125,232.2616181454996,224.96828828671258,230.11452297441843,19053763
2023-01-23,224.35484313964844,227.96743557090932,223.87772241946007,225.58176956589728,4686210
2023-01-24,224.69564819335938,226.19521797356515,223.09383974662964,225.75216988439047,5123504
2023-01-25,222.37815856933594,226.77460864550252,221.25349158281995,224.93422935748922,7049679
2023-01-27,217.9476318359375,224.59341576213106,213.65344131186288,223.57098746579356,11670027
2023-01-30,219.41310119628906,221.4238851018016,215.63012494171846,218.11802955607112,9562174
2023-01-31,226.57012939453125,229.3647711828858,219.5835353243245,220.3333203116429,12559707
2023-02-01,223.5709686279297,230.5575613975525,219.0382077230308,229.7055378890619,11727712
2023-02-02,222.92343139648438,228.17190474017647,219.82207402152923,224.25259644366858,11308985
2023-02-03,222.7462615966797,228.8057101783703,218.2814229600557,227.14024694382417,11362212
2023-02-06,217.04116821289062,223.1714695364085,216.15528589365434,222.7462416975778,7244255
2023-02-07,218.38771057128906,218.9546882468237,212.00935771043564,216.8639972690159,10473033
2023-02-08,222.6045684814453,223.5967525984391,219.30908976557694,219.34451641590144,7819410
2023-02-09,219.7697296142578,223.73848744394002,218.9901487075004,223.20695795678589,5202003
2023-02-10,220.19493103027344,220.90363692785658,217.9270635068124,219.69882825077022,4235865
2023-02-13,218.81292724609375,223.100588910167,218.281397868168,220.40751537987094,5188595
2023-02-14,222.67539978027344,223.0651793694381,219.06099540770492,219.6988263845141,6566932
2023-02-15,221.82489013671875,223.80925749952848,220.47835359567057,222.4627209584803,5810417
2023-02-16,223.1360626220703,224.4825995407582,222.60453318353655,223.8801951848223,4366228
2023-02-17,222.53367614746094,225.2976251243314,221.82497017246902,223.13608055180205,4291109
2023-02-20,220.30123901367188,223.738467042783,219.80513621970144,222.07300380929738,5264100
2023-02-21,218.31683349609375,222.46276714018367,217.572700987559,220.86817894076344,6336180
2023-02-22,214.9150848388672,218.1751366179154,213.42679798017238,217.46643064977403,6166923
2023-02-23,214.6669921875,217.3955139663009,213.78110989749877,214.41894082070255,4584146
2023-02-24,208.67849731445312,216.0490356347977,206.9421589053181,215.37575626113517,10491706
2023-02-27,203.6466827392578,208.32414687877701,198.96921859973864,208.32414687877701,10621491
2023-02-28,190.1812286376953,200.45746397410454,185.6455152975673,199.92593456015234,51008515
2023-03-01,197.44546508789062,198.36677409280114,188.62206811476264,189.25989908954585,18728209
2023-03-02,194.82325744628906,199.89050056219364,193.97282330003299,198.43766204484652,11979398
2023-03-03,204.99317932128906,206.1625397178355,195.992605839047,196.24065722691745,16106822
2023-03-06,203.36317443847656,208.78477045535215,202.83164499313605,207.29648368280098,10687170
2023-03-08,202.01661682128906,202.37096978651007,196.55959413367904,201.20160932687853,9159693
2023-03-09,202.33554077148438,206.09167350764056,201.6977097671544,203.39859965469705,6175922
2023-03-10,198.3313751220703,201.94577998746473,193.15780843144995,199.0755077584793,12081164
2023-03-13,197.58721923828125,203.68209501240693,195.35479971936044,196.9848364556445,11122038
2023-03-14,198.0124053955078,199.67786842849432,195.2838836131238,199.67786842849432,8027650
2023-03-15,198.72113037109375,201.91030692649713,198.22504921704584,200.5991966836782,6345240
2023-03-16,194.92955017089844,197.5517706659101,190.50013827255964,196.24066041840427,11692502
2023-03-17,201.62684631347656,203.25686137588704,196.66590457641388,198.4376694825077,14420400
2023-03-20,198.36679077148438,200.7763866721462,194.89413594747268,199.1817982871214,8043963
2023-03-21,201.0598602294922,201.55594135247057,199.2880955874557,199.85505162171285,4662762
2023-03-22,202.22923278808594,203.9655492654132,198.508526814972,201.98118139761414,9306264
2023-03-23,192.2364959716797,201.981203140751,189.40167206794985,201.981203140751,31634089
2023-03-24,191.1734161376953,198.08329864869634,190.110357289849,197.72894569941423,21108973
2023-03-27,193.29954528808594,194.32717755309534,191.03167762709433,192.41366286238434,9242191
2023-03-28,194.36257934570312,195.46106476191372,191.3505794834634,194.75235891197497,10805861
2023-03-29,199.6779022216797,200.17400503988577,193.40585021316483,196.3115489455378,24728158
2023-03-31,194.5043487548828,201.98118757351406,193.47671651778714,201.94576092864386,41562626
2023-04-03,200.1385498046875,200.56377768721924,196.02806407218725,196.98482140088652,13738062
2023-04-05,202.86708068847656,203.5757866472136,198.721146504267,201.27249228131822,16288540
2023-04-06,208.55421447753906,209.54659339730108,203.0579010698801,203.40142939399885,23000052
2023-04-10,206.0350799560547,208.40154909220098,205.42438876444467,208.40154909220098,9479279
2023-04-11,208.210693359375,209.05041117243653,206.2259121547862,208.40153725796287,8814894
2023-04-12,210.3863067626953,211.14968231459451,208.40152566848275,208.4396851275285,7011009
2023-04-13,210.46266174316406,212.82910746049433,209.01222946947848,209.92828950587207,6795496
2023-04-17,212.98179626464844,213.5543279750373,208.7832303884636,209.9282938092413,8147387
2023-04-18,213.43980407714844,213.97415297340402,211.45502302843735,212.98177409723473,4609166
2023-04-19,214.9283905029297,216.7986700383597,213.74516764345321,214.50854324217983,9731032
2023-04-20,213.43980407714844,215.92077456394418,212.82908967180597,214.1649968570037,4378157
2023-04-21,211.26417541503906,213.63064418917028,210.6916437743479,213.4398003089399,4599260
2023-04-24,210.119140625,211.26420406164848,208.85957550396168,210.30998453110809,4484853
2023-04-25,212.75277709960938,214.81387712612297,210.27180653883278,210.61531156173177,5696665
2023-04-26,210.84437561035156,212.1802830723742,210.0809999177672,211.91309692069422,3570055
2023-04-27,210.7680206298828,212.0657452509346,209.92830275956936,210.99702400525197,3689315
2023-04-28,213.2489776611328,213.7451671398612,210.8825086513809,211.45504034907697,4837041
2023-05-02,214.58486938476562,215.9207765824519,213.82149384323063,215.2719027128726,4879314
2023-05-03,212.40924072265625,213.93599177906347,211.0733335482999,213.17261625085985,4587957
2023-05-04,212.33291625976562,214.43219913780754,211.76038456575418,212.63826183729688,3969851
2023-05-05,209.6992950439453,212.3711097510399,209.20308224695597,212.33292699168473,5353349
2023-05-08,213.0581512451172,213.74518467945444,209.73746246671467,211.14971209619347,4388448
2023-05-09,216.60781860351562,219.85216478524228,213.5924757748908,214.12684799395993,11933072
2023-05-10,218.2490692138672,219.47047477624446,216.72231808498896,218.32541142958578,5747802
2023-05-11,214.85208129882812,219.08880674485616,214.50855294531212,219.08880674485616,5313663
2023-05-12,210.00462341308594,215.4245946050835,209.2412478450968,215.4245946050835,9987592
2023-05-15,211.5695343017578,211.98940484255712,204.9663402887867,207.63815478044685,9215600
2023-05-16,213.6306915283203,215.34828683100156,211.53140838059878,212.2184418423958,5374740
2023-05-17,213.32533264160156,216.03530685426193,210.3099895348027,213.47799379229497,8194381
2023-05-18,212.6382293701172,216.9513194435482,212.21838217716387,215.27188407899357,7505208
2023-05-19,215.2337646484375,215.50092747743238,211.60773046572083,214.50854849334416,6918149
2023-05-22,219.47047424316406,219.73766034934346,215.65359643023947,216.79865977411683,8718882
2023-05-23,220.11935424804688,223.66904605344274,219.85216813444202,223.66904605344274,19814977
2023-05-24,222.4094696044922,223.63087513526958,217.25668467783964,221.37890795988713,12159427
2023-05-25,225.80650329589844,226.34087555843146,221.87512343872862,222.48583792396286,13711792
2023-05-26,227.21871948242188,227.63858999737914,225.57746676926342,227.48590557441793,14274998
2023-05-29,229.27984619140625,229.73787617087146,226.87521791967953,228.93631788271423,13277968
2023-05-30,232.3303985595703,234.64882656999197,230.2153409917208,230.37804727597594,14960466
2023-05-31,226.3920135498047,230.41875907549826,225.98527258056285,227.77494277542635,13042404
2023-06-01,226.22930908203125,228.18166057101558,225.82256815409718,226.14795593134522,5137986
2023-06-02,227.85626220703125,228.7917613327149,226.67670364062906,227.49018545870092,4851414
2023-06-05,226.3920135498047,227.8156069421511,224.76504967283736,227.8156069421511,6297485
2023-06-06,225.65985107421875,227.6122024699502,225.37512747316532,226.961426946538,3892263
2023-06-07,226.51400756835938,226.88005946759444,225.09041447851638,226.10726668554707,4434944
2023-06-08,225.78187561035156,228.38502743833317,225.41582367627322,227.65289874468075,5236354
2023-06-09,225.13107299804688,226.88005378523667,224.60231482873266,226.88005378523667,3951837
2023-06-12,226.0259552001953,227.36819539575043,225.09045596241435,226.79874812466744,3615243
2023-06-13,226.14794921875,227.2054656697906,225.4564846966871,227.2054656697906,4423326
2023-06-14,228.5884246826172,230.2153885593618,226.9614608058726,227.04281396480954,8520513
2023-06-15,228.83245849609375,230.05268139918454,228.26303603661714,229.32055262242974,3650454
2023-06-16,227.81556701660156,230.09333094046815,227.04277420577614,229.5645727382204,4363955
2023-06-19,228.22232055664062,229.32052600706228,227.49019186485808,229.32052600706228,3070098
2023-06-20,229.9306182861328,231.31354723110854,226.96141477832512,226.96141477832512,5600444
2023-06-21,228.79176330566406,230.33737380822996,228.01894564163354,229.93063289568656,3186136
2023-06-22,228.3036651611328,230.09333507450444,226.96142513885147,229.40187057045202,3205576
2023-06-23,224.6837158203125,228.46640177624488,224.43965634946326,228.46640177624488,5178936
2023-06-26,227.61219787597656,228.30366237158026,223.1380479727101,224.68368325423404,4184383
2023-06-27,227.40882873535156,228.22231054062985,226.71738906126063,227.77490547792462,5026622
2023-06-28,227.73426818847656,229.03581937009767,226.96145045207874,228.99515520523357,6885093
2023-06-30,226.10731506347656,228.01897776131906,225.65988510135492,227.73427894283097,5227979
2023-07-03,226.22930908203125,228.0596432577346,225.98524962997314,227.20547241377537,3717787
2023-07-04,225.78187561035156,227.69356290663532,225.33447052686833,227.69356290663532,3459962
2023-07-05,225.70053100585938,226.7173832363318,225.33445427269174,226.7173832363318,2945805
2023-07-06,227.77490234375,228.14097908128585,225.13108651297435,226.96142054966518,9098372
2023-07-07,228.22232055664062,230.25602515908975,226.96143363332044,228.1816563947899,8454807
2023-07-10,229.60525512695312,230.94749523168372,227.40884417339672,230.21536652233033,8227148
2023-07-11,225.78187561035156,227.61220975723046,223.70750684075378,224.6836949826208,13640445
2023-07-12,225.8632354736328,226.22931224408867,224.56165952095216,225.7818823218097,5782947
2023-07-13,226.18862915039062,228.9137984417622,225.74122404194776,226.5547059303872,5632082
2023-07-14,231.72027587890625,232.9811626308803,226.75803235816718,227.44949679413358,10425854
2023-07-17,230.9068145751953,232.45242503464877,229.72725603152338,231.8423136828518,4852437
2023-07-18,228.95448303222656,231.76098059811886,227.93763069121562,231.35423966171447,3886657
2023-07-19,230.74411010742188,232.08635012688018,229.44253424820684,231.0288337056087,5190259
2023-07-20,229.56459045410156,231.1915541714928,228.95447906007988,231.02884786955522,3435623
2023-07-21,226.35130310058594,229.40185974614639,225.98522637292126,229.40185974614639,7273251
2023-07-24,220.69761657714844,223.54480305991922,219.8841347249282,221.67380473001108,16254554
2023-07-25,225.25311279296875,225.94457731059344,221.34840995596304,223.62614913996717,7486014
2023-07-26,226.92076110839844,227.6122007873519,224.3582735433555,225.49716793915002,4427527
2023-07-27,225.45648193359375,228.30366830972736,225.1310941699918,227.36816917981105,4048684
2023-07-28,226.7987518310547,227.24618178721698,224.68371867646314,226.0259588939534,3466932
2023-07-31,224.52096557617188,229.27983883337416,224.27693097856894,228.18163349317467,9590319
2023-08-01,225.25311279296875,226.96142959371943,224.19559634871578,226.96142959371943,5615483
2023-08-02,221.3890838623047,225.65986363942713,219.92482644034695,225.53784632518003,10728356
2023-08-03,206.66505432128906,212.31875036375138,201.41809917990673,212.2373972184365,226675327
2023-08-04,200.97068786621094,207.11247814332287,199.62843540385668,207.0311249955144,31876311
2023-08-07,193.56800842285156,202.15024463119227,192.79520312914514,201.74350369632066,34406950
2023-08-08,195.27630615234375,198.3268628645359,192.9578780859789,193.60866600046262,24176083
2023-08-09,198.53024291992188,198.89630726055125,195.43900948608362,197.5947313685938,10427414
2023-08-10,198.3675537109375,199.22169972161728,196.69991343905446,199.22169972161728,8194222
2023-08-11,193.77134704589844,198.40819045886622,193.4459593165747,198.3675263022604,12825769
2023-08-14,190.354736328125,194.34079208100837,189.17519023086336,193.77135731813172,8996918
2023-08-16,192.38845825195312,192.71384602808345,188.76846648832435,190.35475361926865,7462518
2023-08-17,190.354736328125,193.07990525347682,189.947995438535,192.71382852264833,6139153
2023-08-18,189.82598876953125,191.9817106400086,189.25654156201114,190.354746990517,5574667
2023-08-21,190.6394805908203,191.12756226361273,190.07003335344015,190.31408039621047,3857957
2023-08-22,191.16822814941406,192.7138386459486,190.63946993027002,190.63946993027002,4862624
2023-08-23,193.60867309570312,194.42215491543297,191.5749685463785,191.98170945624344,5524962
2023-08-24,193.24261474609375,195.88643074212203,192.95789113526848,194.13743732786997,5052952
2023-08-25,189.78530883789062,194.2594587948318,188.72778000188234,194.2594587948318,6099075
2023-08-28,193.77134704589844,195.39831051800968,192.02236627847736,192.99854187919485,8338095
2023-08-29,192.7952117919922,195.07296361216885,192.22577694013523,194.42217560458283,4115948
2023-08-30,192.38845825195312,194.58485677270278,192.18508778868468,194.2187924213692,3960361
2023-08-31,188.97183227539062,193.0799180143063,188.4023974748795,192.8358709818736,11631767
2023-09-01,192.10372924804688,192.63249988535688,188.97183164923933,188.97183164923933,6220159
2023-09-04,196.61856079101562,198.8963124550546,192.1037340380139,193.60868042659712,14056203
2023-09-05,196.37451171875,198.44889289866416,194.2594663769289,197.67608763121515,5648932
2023-09-06,196.33384704589844,200.5639501312799,195.398335482265,199.3437273712998,10891500
2023-09-07,194.50350952148438,196.82192527745647,193.24261020889554,196.33384362960592,6429626
2023-09-08,193.40530395507812,195.1949614880961,192.55114555600778,194.462832810463,6836165
2023-09-11,193.8527374267578,194.25947837292694,192.38846753799922,193.60869037650662,7148576
2023-09-12,188.5651092529297,194.91027063456903,187.1415159101852,194.91027063456903,10667079
2023-09-13,189.78530883789062,190.59879064824358,187.91429819152938,188.5650861223612,6192848
2023-09-14,192.14439392089844,193.56798703565727,190.354736487751,191.12754169607072,8069630
2023-09-15,192.22576904296875,195.68306700268852,191.53430448592547,192.14441589058188,20035443
2023-09-18,192.38845825195312,194.0967751085073,192.02239390061953,193.52732788115725,4974748
2023-09-20,188.5651092529297,191.94105421490983,188.11769171980308,191.1682488828269,8778511
2023-09-21,184.25363159179688,188.56508770541268,182.7486852649106,188.56508770541268,11856688
2023-09-22,183.07411193847656,186.08399261516655,181.04040710115234,185.88062213143414,7322963
2023-09-25,182.66734313964844,184.25363018852335,182.0572317814083,183.39947180443767,4962618
2023-09-26,182.2199249267578,184.82306422887632,181.93520132896083,183.03340673446655,4392920
2023-09-27,170.0177001953125,179.33206454164497,169.2855715232068,176.9322956578013,35505658
2023-09-28,169.48895263671875,173.39365568383607,169.2042290170235,170.01771088729765,17396618
2023-09-29,181.04039001464844,182.83004762003688,170.8311902122703,170.8311902122703,27711678
2023-10-03,187.71092224121094,190.15136760079332,183.1147551124296,187.10081090131536,46754460
2023-10-04,181.73184204101562,188.9311614465988,179.73881397224483,187.3041977312352,15548752
2023-10-05,180.59295654296875,183.52149593849407,179.00666954237045,183.11475504537927,10155103
2023-10-06,181.16238403320312,182.30126593582207,179.65745023678213,181.1217074629763,5523734
2023-10-09,178.11183166503906,179.94216565376743,176.81026827625809,178.92531343780723,5142409
2023-10-10,180.71498107910156,182.21992740896206,177.86779471333654,178.31521219622053,5621177
2023-10-11,185.18914794921875,187.06015878539435,180.71499753837423,180.91836801159445,12216514
2023-10-12,184.00958251953125,185.18912865879,183.2367772843443,183.846888640452,7239091
2023-10-13,184.00958251953125,186.61272182304128,182.87071295322914,183.0334068323084,7221397
2023-10-16,186.97877502441406,189.29719043806332,182.46394907512922,184.49765333942457,10185425
2023-10-17,187.0601348876953,188.3617107151224,186.28732967073728,187.30418190693126,5064750
2023-10-18,187.507568359375,189.13453207615916,185.71791075346204,187.1821805811174,5784720
2023-10-19,184.78237915039062,187.87361235994354,184.25362096481766,186.2873253904779,4657398
2023-10-20,181.20309448242188,186.8974678219368,180.8370301074314,184.41634552716982,5244069
2023-10-23,174.9392547607422,183.19608964974103,174.49183731072947,181.2030618226806,7384814
2023-10-25,176.3628692626953,178.88465557435666,174.32916461809032,174.89859943603008,6955789
2023-10-26,172.66151428222656,175.50870061903595,171.80735589863426,175.34600673948202,7706350
2023-10-27,175.5493927001953,176.76961552376562,173.47501141757613,173.96310551210362,4623399
2023-10-30,176.07814025878906,176.52555774945935,174.45117659289542,175.50870545827584,2745365
2023-10-31,176.20016479492188,177.5017282416766,174.4511714579193,177.25768121642656,3233237
2023-11-01,182.0165557861328,184.57901853377717,175.95611875759096,176.52555354454,11714180
2023-11-02,186.4093780517578,187.42623045747928,182.34196842887198,182.34196842887198,7719938
2023-11-03,189.337890625,191.6969829007711,188.07699134129587,188.07699134129587,9794909
2023-11-06,189.62261962890625,192.3477763130627,187.4262087566563,189.33789602317086,7768055
2023-11-07,193.40530395507812,194.34080308902574,189.62261843272768,189.62261843272768,8362338
2023-11-08,192.91720581054688,195.07294004948963,192.06305984230733,194.3407989746092,5322427
2023-11-09,191.3309326171875,193.8527313697408,190.55812732616255,192.79520246019433,3824543
2023-11-10,199.5064239501953,200.1165353384222,190.27339997659575,190.35475312679188,17676902
2023-11-13,196.82191467285156,199.05898957335725,196.37449721020104,198.89629569950623,4210127
2023-11-15,195.31698608398438,199.9131533109792,193.24260500146343,197.67607835022562,6420011
2023-11-16,194.25946044921875,196.61855275423426,190.63946884486842,196.04911796468716,6844037
2023-11-17,194.82888793945312,198.44887940817958,193.60866525924777,193.60866525924777,9273728
2023-11-20,194.86956787109375,196.3338375951351,193.64934516985053,194.5848442757048,4219360
2023-11-21,195.47967529296875,197.31000930804757,194.86956395460913,196.4965275235681,4018369
2023-11-22,192.2664337158203,195.35765471116804,190.31406989414288,195.23563740289026,5432510
2023-11-23,190.47674560546875,193.07989711937634,189.7446170001487,192.42910924089944,3977608
2023-11-24,188.89048767089844,191.57498032358754,187.99566506183425,190.9648689212831,3866099
2023-11-28,190.68014526367188,191.16823935051715,188.6464405897302,191.16823935051715,7469037
2023-11-29,189.9073486328125,192.55116482953525,188.44307871823165,191.49363586829637,7774049
2023-11-30,189.82598876953125,191.08687566768918,187.71093106009315,190.2733938429434,19036194
2023-12-01,194.74754333496094,196.86260103849,189.98868212114184,191.0055343992332,9817732
2023-12-04,196.78123474121094,198.896292303401,194.82888346284065,198.896292303401,12552937
2023-12-05,197.18798828125,200.76731573832066,194.42215505725005,197.02529439973486,10005319
2023-12-06,202.9230499267578,205.1601250685722,195.88643671851372,198.48957621916625,17430210
2023-12-07,202.43495178222656,204.38730314568346,199.66910620245753,204.14325612206454,6937185
2023-12-08,199.14035034179688,206.62438054023218,196.45585787585068,203.16708283434247,13224817
2023-12-11,202.19090270996094,203.16707838179852,198.73360507984023,201.05202074886114,5346227
2023-12-12,200.64527893066406,204.4686532813364,199.8317971390737,202.55696610600023,5675356
2023-12-13,206.0956268310547,208.08865483428212,198.2048431408417,201.09270612319048,15557190
2023-12-14,207.1531524658203,209.8783216853613,202.39429099153372,208.0886640605164,18271383
2023-12-15,209.22752380371094,211.38324555620474,207.96661214906806,210.32570434661778,17235864
2023-12-18,212.07472229003906,214.3524614760955,208.98347645125367,211.50527508077735,12388584
2023-12-19,213.21359252929688,216.71155446680592,210.89516434955468,216.58953715745008,17762921
2023-12-20,204.55001831054688,214.75921849026645,204.02126004830282,214.67786533634495,15309407
2023-12-21,208.21067810058594,208.98348337952874,202.6383348469475,204.18394540483305,10812029
2023-12-22,211.30191040039062,212.60348632464525,209.6342825391711,211.0985399380226,9677532
2023-12-26,212.88819885253906,213.86436212578187,211.13919310684327,213.13223346447612,12322864
2023-12-27,214.33175659179688,216.03010652662056,212.97308441836694,213.90716910809095,10673963
2023-12-28,218.7050323486328,220.23356304750723,214.8412960853369,214.8412960853369,15441735
2023-12-29,219.55419921875,220.3609258836524,215.77538578810186,217.38881320314073,9136816
2024-01-01,218.36537170410156,221.04026808519328,217.38882552240364,219.55421166072372,6352734
2024-01-02,219.2145538330078,220.2760227416654,214.92622980793854,218.66259518345953,5803881
2024-01-03,224.0123748779297,226.9420392585871,217.26144856671203,219.51175733711793,22285124
2024-01-04,226.0079345703125,229.82922229862245,225.32860489563043,229.27726369859755,10745140
2024-01-05,225.75320434570312,230.33874467893867,223.4179728328291,226.00794650847334,12327980
2024-01-08,219.4693145751953,227.23926154358634,218.91733002935146,225.75320512119805,7890414
2024-01-09,221.1251678466797,224.5218678932178,217.09158654141564,222.39893036413147,10284498
2024-01-10,226.772216796875,227.7487889656394,213.94967961658566,217.09162512659643,19849401
2024-01-11,233.1834716796875,234.37231155534843,226.3475970437971,228.08842142848425,24108269
2024-01-12,231.44265747070312,233.52314678065568,229.44711676639096,233.1834819319281,10048702
2024-01-15,231.82479858398438,233.5231487567608,229.02253116481006,232.6739736703726,9881531
2024-01-16,231.99462890625,236.11310707605068,228.72529985294435,235.2214836591334,12507371
2024-01-17,224.90402221679688,231.357757924414,223.8425533805035,229.6594077863446,10649774
2024-01-18,227.19677734375,228.34316885975517,219.0871658721412,225.45597883354066,9930238
2024-01-19,226.26271057128906,229.02252958298916,225.79564872814123,227.70629265931825,4537034
2024-01-23,214.11949157714844,226.7297467180138,212.84572895513713,226.60237563876606,8740319
2024-01-24,222.95091247558594,223.58779380154718,214.926223317335,216.36981839803704,6563186
2024-01-25,223.84255981445312,226.55990456460947,221.33748292289022,224.47944113453516,5195068
2024-01-29,227.40908813476562,228.5554797365987,221.2101200874731,223.96993924403466,11648515
2024-01-30,226.09286499023438,230.38118877719407,225.24368991045884,227.7062924588545,6620878
2024-01-31,232.54660034179688,235.1365739643308,225.66827702560767,226.5599004917871,9537630
2024-02-01,228.00350952148438,234.79691017761797,225.07384512261999,233.9052867074072,7974578
2024-02-02,231.44265747070312,235.05165155731325,228.2158025356408,229.44711676639096,9665486
2024-02-05,232.33428955078125,237.64163340055802,230.5934652191955,231.69740828880802,10619393
2024-02-06,240.31654357910156,241.59030617757736,229.1498966487503,232.41922583445816,11559491
2024-02-07,239.72210693359375,242.73669391856114,235.73099973605716,242.0148899410469,7603119
2024-02-08,236.58016967773438,242.43947222993557,234.88181960957368,241.1657096788151,6966850
2024-02-09,232.97119140625,238.15116464446902,227.91858924873165,236.9198503965728,4627489
2024-02-12,227.706298828125,238.66065248068486,225.07385082423414,235.17905528803342,6191878
2024-02-13,228.8526611328125,230.1264236252029,221.37993154336104,227.19675952679924,4469509
2024-02-14,237.4718017578125,239.97687856561163,224.64925309262944,228.42809249800106,11916664
2024-02-15,227.53646850585938,241.1657179016481,226.72974183007057,239.9344036943423,108103036
2024-02-16,226.5598907470703,230.97561132957134,225.1163087251199,228.64037996502603,16394886
2024-02-19,229.40464782714844,231.9946474281311,226.81467414093322,228.34317895332788,10944899
2024-02-20,229.40464782714844,231.14547232907464,227.66384923998967,230.04152915144078,9025475
2024-02-21,229.2772674560547,234.71198268687456,228.0035048590766,231.82479265001083,12329064
2024-02-22,230.55101013183594,231.78232423509394,226.81464535316783,230.8906749453941,6661898
2024-02-23,227.87611389160156,231.14544278809376,227.57889746196332,230.9755974240822,5955886
2024-02-26,225.24368286132812,228.38564092407492,224.22466243158158,228.38564092407492,4923166
2024-02-27,224.09732055664062,227.578943911373,222.99340320954548,226.4750265642778,5033046
2024-02-28,223.29058837890625,231.23035431536346,222.101722584465,228.00349951127777,17579831
2024-02-29,227.62135314941406,229.19233211525585,221.46483427052553,223.4179523602733,9404521
2024-03-01,230.80580139160156,231.73989926378752,223.84258052982474,225.1163432878684,12244554
2024-03-04,234.66954040527344,236.91984920219753,231.6125049100336,231.86724707015065,10443351
2024-03-05,242.6093292236328,244.9020863766134,233.1834807108903,235.64608324472874,19847512
2024-03-06,239.8495330810547,245.62391377361047,233.52316780550692,243.2886820955554,13944430
2024-03-07,240.189208984375,244.0529457540386,238.66067808517673,240.91101308276555,9134995
2024-03-11,233.82037353515625,240.18918690955798,232.67398194481035,240.18918690955798,6214148
2024-03-12,229.53199768066406,235.0516353140444,227.15431798911393,234.37230566353438,7220451
2024-03-13,213.9071807861328,229.701841225239,211.86916593603374,228.00349119769564,15451474
2024-03-14,220.9128875732422,222.05927909185127,213.6524511466618,213.8222835678749,10335603
2024-03-15,225.11630249023438,225.88055482360184,216.66700069389668,220.9128757845659,17681404
2024-03-18,230.1688690185547,231.78232221976435,222.69613952619332,225.03137073190175,7234156
2024-03-19,226.43252563476562,233.31084883618328,225.54090218346383,229.27726728214552,5908875
2024-03-20,227.2816925048828,229.19233633001875,222.31401337657633,227.5789089495237,4421057
2024-03-21,232.16445922851562,232.84381483417576,229.4046402477648,230.12644424106833,5477627
2024-03-22,230.2113494873047,233.01361664336252,229.19232911341203,231.8247768169975,9338889
2024-03-26,228.0459442138672,231.65493809569193,227.0269497255053,230.80576306467435,10405333
2024-03-27,230.63595581054688,232.88626457885687,227.36662658519208,229.19234781552785,5949040
2024-03-28,230.67840576171875,233.52314746837783,229.91415337113926,230.97562222326826,6625066
2024-04-01,244.13783264160156,244.77471394414488,232.1220105832378,232.24938166079315,17331916
2024-04-02,255.8564453125,256.40842985510363,242.73670566643375,243.67080345226225,27928247
2024-04-03,253.73345947265625,261.545879217794,252.88428454013095,255.77150004252687,19966252
2024-04-04,263.2018127441406,265.3671987197879,256.19611869793823,259.89000937230526,24723528
2024-04-05,270.8443908691406,273.7740292244547,259.80511528819676,264.1358872842929,22256365
2024-04-08,274.5382995605469,276.27912406501895,269.2734294875576,275.04780980367934,16694867
2024-04-09,287.021240234375,288.2950031348234,272.24559577212796,275.2177092065076,32086038
2024-04-10,307.2315368652344,313.8975664975091,293.5598386627712,294.6637559126755,75804480
2024-04-12,316.69989013671875,318.3557661699808,306.38239108551613,310.4159731445357,39995547
2024-04-15,314.6618347167969,326.0408022145224,305.9153412253251,317.5914992873604,44715399
2024-04-16,321.1579895019531,323.9602565848814,309.1421427395363,314.27966694459,28859435
2024-04-18,329.90447998046875,335.21182360949814,325.27646597004957,326.974815931339,35907412
2024-04-19,327.7391052246094,336.91018495968547,324.5546989395462,329.6497489956473,33307212
2024-04-22,323.53570556640625,333.85317760820834,317.08196977372927,333.0040025279815,19626373
2024-04-23,320.1814270019531,325.4038740427752,315.1288512437207,325.4038740427752,14434838
2024-04-24,325.6162109375,328.29110738918064,319.28984591190215,319.28984591190215,11074253
2024-04-25,323.5781555175781,329.22519056017813,320.2239294833396,322.68653204493967,10150138
2024-04-26,336.7403259277344,342.1750664988576,327.78154030852346,328.545792602974,24602811
2024-04-29,345.0198059082031,346.633259204428,337.20741114517017,340.6465596665644,11228541
2024-04-30,337.84429931640625,348.11932261929104,336.2733202886701,347.39751864278895,11863519
2024-05-02,348.8410949707031,351.4735427693902,337.37723196670066,339.67001493340734,12788526
2024-05-03,352.9596252441406,356.65354211326724,343.4064053661067,352.40766661191884,14324148
2024-05-06,348.58636474609375,355.5496106562585,343.44886596044404,354.95517774389083,8108475
2024-05-07,336.2733154296875,349.4355285336273,332.8766152738321,348.58635349466346,8797213
2024-05-08,343.7885437011719,348.1193418850959,333.5984425224177,333.72581360419866,8831897
2024-05-09,335.1269226074219,346.8030793466026,333.7257889816733,345.44439410672663,6134997
2024-05-10,348.7561950683594,349.73274116957435,335.63643049341283,337.12248679540767,11076423
2024-05-13,351.6009521484375,352.83226645262715,338.0566243761928,350.32718945366264,10884162
2024-05-14,367.3106689453125,372.36327101599727,352.45010510772994,357.5027071784147,22195946
2024-05-15,371.42913818359375,381.2795733232268,369.1788296264429,371.9386483643059,20115791
2024-05-16,367.7352600097656,379.6237111938308,362.6402095023091,377.8829126363566,16155897
2024-05-17,375.8873291015625,377.88289564353204,367.3531302512497,370.2403202260224,13366917
2024-05-21,417.5393981933594,419.40756782493526,393.16806297358255,399.9614636297136,34592201
2024-05-22,413.5482482910156,430.31945548556916,404.8866524372893,422.8891738170961,33932802
2024-05-23,401.4050598144531,407.68895005337265,392.14903096123305,407.60402736471843,25849836
2024-05-24,400.6225891113281,408.6211412117519,399.57931701052485,403.3177551363961,12873214
2024-05-27,399.66619873046875,407.3169657017483,397.18838477461935,401.5788772071976,11775106
2024-05-28,395.53656005859375,410.2729866342931,394.1020178820041,402.44832690242924,17930755
2024-05-29,394.9279479980469,401.92666051425266,392.2327822319646,394.5367044152248,11526945
2024-05-30,383.23443603515625,398.18824084573015,380.1045933590601,394.71061428812556,13122990
2024-05-31,391.23297119140625,396.3190051233313,382.53890516493055,388.4508594500604,35126841
2024-06-03,398.0578308105469,410.53382125618657,393.3195540646657,410.35992931733074,14471274
2024-06-04,363.2815856933594,398.1882585071445,318.46365552504477,398.1882585071445,30797125
2024-06-05,383.14752197265625,387.75536661325805,349.19717630839494,364.28138702007874,16642007
2024-06-06,391.14605712890625,398.1882564911921,388.01618779764743,392.1024097762612,13579110
2024-06-07,400.4921875,402.49183881159416,392.8414192206644,395.0583956731461,11283521
2024-06-10,386.103515625,396.0147465663258,383.6257012566219,396.0147465663258,13920775
2024-06-11,385.7991943359375,396.2755336762986,384.53854410213484,386.01654599471834,10546091
2024-06-12,386.23388671875,394.40630355110045,384.79937111784653,388.8421065502779,11163309
2024-06-13,382.3650207519531,391.18951916813495,381.6695060690291,390.3635722665013,11641274
2024-06-14,389.1463928222656,392.8848305255631,382.53889746864326,383.49525001875156,9634670
2024-06-18,393.2325744628906,395.40609085176834,389.1463795711099,391.1894902830915,8601634
2024-06-19,389.8854064941406,396.10165847514065,387.79880939568716,393.4499523842661,6416994
2024-06-20,408.5776672363281,416.4457868339918,390.4939929325763,391.2329938941468,28530186
2024-06-21,408.83843994140625,412.6203638310329,403.40464887360446,411.0119563685269,17801714
2024-06-24,402.8395690917969,409.92522785107843,397.4927236001763,399.9705112808453,7716484
2024-06-25,394.75408935546875,407.3604861169289,392.10240961507054,404.44799498744385,8309097
2024-06-26,384.36468505859375,388.4943666438069,370.4106924145096,379.62640820584346,162210828
2024-06-27,385.407958984375,387.8423135341223,376.9312441105352,384.27774094740386,20922873
2024-06-28,394.7106018066406,398.75333724558016,385.8861300022021,386.53818496113377,15248617
2024-07-01,404.27410888671875,407.62132993340094,396.6668003861622,397.31885540049564,15408362
2024-07-02,398.0578308105469,411.3162819166683,395.5800166088676,406.01289616778274,11050920
2024-07-03,403.3177490234375,404.49145333471483,398.4056066429512,400.05747400999275,7347763
2024-07-04,407.83868408203125,411.6206084945735,402.9265415839874,406.9692773909726,12818706
2024-07-05,411.96832275390625,416.96741070436093,406.0128822369278,408.9688593707599,12860621
2024-07-08,404.8392028808594,415.1416770308903,404.1002019189746,413.75062107890466,8576939
2024-07-09,404.8392028808594,406.8823138229459,402.1875232006567,406.3606645244281,5474279
2024-07-10,397.05804443359375,405.96946297237713,387.0163812827747,405.14351600712746,11556309
2024-07-11,389.2333679199219,398.1882458043955,383.97344176673164,397.31883915416756,13978497
2024-07-12,390.97216796875,395.05836316701243,386.9728922068161,392.8848466151118,11038603
2024-07-15,399.44891357421875,402.10059336080457,387.97273467515464,393.05876910842596,10391508
2024-07-16,396.0147399902344,406.4910797986164,394.36287261614154,405.92597076697757,23302200
2024-07-18,392.4501037597656,400.3617085179132,389.49412685347477,399.01413900439553,16469541
2024-07-19,382.3650207519531,394.92795702017423,380.8000994492819,393.8411987454902,14552716
2024-07-22,390.1462707519531,392.10243589778463,379.9307416570552,384.27777531445855,17818304
2024-07-23,378.1484680175781,390.7113793531176,356.9349225691017,390.7113793531176,33154992
2024-07-24,376.1922912597656,383.4083562867549,374.58388355167176,379.7568375187682,36773405
2024-07-25,374.6272888183594,377.6267521226472,368.62838874196683,372.8450159479283,18871603
2024-07-26,386.4512634277344,389.6245924554057,377.84414273206903,381.6695267598996,28749214
2024-07-29,390.32012939453125,396.01473238677977,380.80011588454346,388.62477579997926,45433689
2024-07-30,388.7986755371094,389.6245959587593,382.7128288142345,388.4508916414819,16607270
2024-07-31,391.885009765625,395.0583384262312,387.3206252924813,393.84117453982947,14227543
2024-08-01,389.58111572265625,401.8832142153479,385.6252996417882,398.1882360424647,19749880
2024-08-02,380.8964538574219,387.69504306609167,379.22968153772456,385.9844195889953,13093052
2024-08-05,362.518310546875,375.85232808005065,354.62317492697935,371.94861142619476,20763297
2024-08-06,363.0885314941406,370.1503081792797,360.80770904446115,366.29044244697945,17994697
2024-08-07,379.22967529296875,381.11575691092,367.12381122276025,373.26447234237634,15297435
2024-08-08,370.4573059082031,378.5278998818176,369.3607592689163,377.25589507178154,9305734
2024-08-09,376.2032470703125,379.1858487391298,371.55387300109874,377.29979376996295,8363641
2024-08-12,379.0542297363281,382.47544973523304,372.60653044734,373.8346572711575,8178539
2024-08-13,370.5011901855469,380.7209996845999,369.5362237722067,380.0192205318936,8522806
2024-08-14,368.61517333984375,375.8962331926368,355.4566120845589,372.82590223307034,18914429
2024-08-16,376.378662109375,377.9577053508887,369.79938219763096,373.7030989870625,9815524
2024-08-19,388.3968200683594,389.8442562795999,376.55411635086,377.6506629913692,10922980
2024-08-20,391.8180847167969,392.8707803196647,386.116041538779,389.9320296352232,8887888
2024-08-21,399.4061279296875,402.56418753188154,392.6952680069987,394.405891433108,13609457
2024-08-22,403.1344299316406,404.9327826352078,398.8798500274842,403.5291974637106,8864437
2024-08-23,394.1427307128906,403.70463924642786,393.30937129294597,403.48532990889095,6908675
2024-08-26,406.2486572265625,408.74878924422853,396.5113164463253,397.38855387209145,11143399
2024-08-27,406.9504089355469,410.98570617538564,404.27484567638027,406.1609006599862,10906758
2024-08-28,408.8364562988281,411.6436265275651,406.68724085381456,410.459350750718,9277650
2024-08-29,406.5117492675781,413.1349067791172,402.69576175407855,412.47697882062266,12608981
2024-08-30,410.94183349609375,415.1087107684627,407.47673537166037,408.4855529360022,14026797
2024-09-02,406.3802185058594,415.50348195348573,404.40643439007266,414.6701225006276,11933834
2024-09-03,407.52056884765625,415.15254391332127,405.3713535683799,414.933234592712,23319237
2024-09-04,402.9590148925781,406.1170749639935,399.14302675508293,403.92398141039416,15530065
2024-09-05,409.4067077636719,411.81911062825685,405.4152615068437,406.5995373582358,12242972
2024-09-06,403.35369873046875,412.6085682828997,401.0729031736211,410.4593261953035,17832425
2024-09-09,403.7485046386719,404.7573222726733,396.116528714876,404.3625815138869,14042464
2024-09-10,403.5191955566406,407.1875518798828,400.7220850551035,403.33576654554344,13192375
2024-09-11,390.4965515136719,403.93193004182734,389.3501900684259,403.51922872660276,13394230
2024-09-12,405.07830810546875,406.77490072416384,393.2478351153109,394.3941966075866,13025897
2024-09-13,416.4043273925781,418.55949254445795,407.64613699405373,408.0129670654217,15909513
2024-09-16,409.296875,431.9489881196836,407.5544112186412,420.0268292119216,34590598
2024-09-17,412.5066833496094,416.5877412113376,409.98468821844557,413.3320859642255,11644008
2024-09-18,411.13104248046875,413.60719430650755,408.7007619029648,413.42376528704585,5180919
2024-09-19,412.4608459472656,415.7165012406294,400.76795926393567,413.6072073868078,7777695
2024-09-20,412.6442565917969,420.4395140334533,411.45202395537564,414.5242780739668,17249829
2024-09-23,415.5330810546875,418.42190615174695,412.73594247869465,415.44136654628244,5177341
2024-09-24,431.2153015136719,434.24168431714554,418.19262523467444,418.46774076686734,28418267
2024-09-25,440.06524658203125,445.7053394154375,434.51684027632774,438.3686260094221,24495683
2024-09-26,460.14947509765625,463.03830028555484,437.45151892691985,444.37553072548144,42980530
2024-09-27,470.46673583984375,473.126316775399,464.0471117640564,464.0471117640564,24451210
2024-09-30,470.1457824707031,480.23376327805545,466.33984004896627,475.96927627416613,19027211
2024-10-01,473.3555603027344,478.12437883239346,464.1846413357805,467.99055549485337,14071685
2024-10-03,469.32037353515625,477.34490361514185,466.7983783671608,470.4667349751542,13155901
2024-10-04,466.5232238769531,473.1721196739742,459.59918456489413,471.38378478190936,12088199
2024-10-07,458.81964111328125,471.2003433042885,450.61171089757113,470.37499674302546,15751180
2024-10-08,456.2060241699219,461.9378315497463,444.4214225995347,458.81970594524927,13145961
2024-10-09,455.1054992675781,460.8373065631395,448.59416058235223,457.62749447762513,11444008
2024-10-10,451.6663818359375,457.99429102967383,447.1267795951385,447.5394808851523,9613583
2024-10-11,456.2518310546875,461.7543657005732,453.4088492235122,454.96791190144853,8286066
2024-10-14,457.7650451660156,465.01004387793665,453.27131391335627,458.5445765436078,7263419
2024-10-15,449.236083984375,459.4157782010007,446.072115515918,458.54453239451624,7413480
2024-10-16,446.3472900390625,455.3347523034908,445.5677586823641,449.4195162296881,7989101
2024-10-17,433.0036315917969,451.7581156883963,432.08654245235124,448.594146962373,12114419
2024-10-18,440.9822998046875,443.5501380925019,425.52934285567227,433.46215798169936,10334732
2024-10-21,435.6173095703125,448.9151011256168,434.7002204975329,444.32965576171875,5567492
2024-10-22,422.548828125,438.96471840042943,420.531220789261,436.5344377373847,7805984
2024-10-23,424.6122741699219,431.7655583065743,416.4501863762185,421.8610067346956,9830637
2024-10-24,430.1606140136719,433.14115346986625,418.42188519651813,424.612236374768,7269166
2024-10-25,417.6423645019531,433.0953212109166,411.8188432037141,432.5909334081471,11660475
2024-10-28,430.25238037109375,432.6368178208868,417.64240422899053,420.02684167878357,6637174
2024-10-29,433.1412048339844,434.6085531069686,420.89808677501895,431.0319109328661,6379918
2024-10-30,429.6562805175781,435.1129723295466,428.3264900126088,431.81144568647915,5903663
2024-10-31,425.5751953125,430.8484577571024,421.86099556819386,429.1977085345972,6616282
2024-11-01,428.60162353515625,430.114815048199,426.44645841665783,426.44645841665783,995005
2024-11-04,420.7604675292969,430.0230730289327,415.1662464138976,429.93135852154256,5030700
2024-11-05,430.8484802246094,432.22411397754536,419.38486561680963,420.9439283984065,5654407
2024-11-06,434.70025634765625,436.94713595620345,423.0532129678781,433.4163371373463,8641368
2024-11-07,419.93511962890625,435.6173498198903,413.9740401050551,434.7002606623747,16220004
2024-11-08,419.93511962890625,429.0142966908423,415.76237515714644,422.7781016146725,13143777
2024-11-11,418.37603759765625,423.60342841265333,415.5330559330069,422.31950933461917,7271375
2024-11-12,407.8753967285156,420.8063592543075,406.3163339890301,418.3760786205656,8421968
2024-11-13,398.7044982910156,408.47149190412705,396.4576187330829,407.1875727227394,7960930
2024-11-14,397.4664611816406,403.4275410941099,394.5776357446046,398.9338095267937,7028180
2024-11-18,410.39739990234375,421.3107553302118,402.64798529025734,407.508574640164,13385897
2024-11-19,406.7748718261719,414.0657415940256,404.5738635148343,411.7730187723533,5930593
2024-11-21,406.0870666503906,408.79249085265207,400.81380400899354,405.35340652130617,6484933
2024-11-22,408.4256591796875,410.6266675456131,404.71143132405695,406.95831093995713,6859041
2024-11-25,407.0041198730469,416.17501061365033,406.0411875402185,414.5242614752767,12634711
2024-11-26,411.2227478027344,415.62479228541605,406.31631550881025,408.1046504529213,6483177
2024-11-27,408.8382873535156,414.11154939176953,407.3709672631752,413.9739916317172,6120311
2024-11-28,414.38671875,418.5136197330395,411.6812946884054,414.52427651863366,10793434
2024-11-29,415.8999328613281,419.84340504302656,411.8188749161542,414.8911291907676,6826623
2024-12-02,422.36541748046875,422.96154784697615,415.44140525449694,415.89994985190805,5709168
2024-12-03,429.5187072753906,430.3899251719887,422.77809645248715,425.9879084645993,5333303
2024-12-04,429.5645446777344,432.7743566460589,425.62107259729993,430.9860496275388,4980949
2024-12-05,433.3246154785156,435.06707923429474,428.32646850716105,430.9401781344993,7267698
2024-12-06,459.8284912109375,463.63440556112596,433.5997360946814,435.6173434064471,25827648
2024-12-09,455.839111328125,460.1035978961102,448.27312649598485,458.49869202262596,11524481
2024-12-10,458.7738342285156,463.03829305715993,452.4917681323665,457.12308500044,10316327
2024-12-11,471.7047424316406,481.47176345152724,457.16890301064063,457.62744754726117,32419915
2024-12-12,478.7205505371094,482.939138362698,473.2180154734644,475.96928300528685,20273326
2024-12-13,476.4278259277344,477.9868887185843,464.68909569461476,477.34491510180123,10678273
2024-12-16,470.87945556640625,483.260159625253,467.71548666754234,478.7205569420728,13821306
2024-12-17,461.4792785644531,472.30091950576565,457.94847968524294,470.879442496364,12711460
2024-12-18,455.5640563964844,465.7437520311966,454.18842260766763,461.29586384988755,6546985
2024-12-19,451.4829406738281,452.5834587593634,437.0387877346995,442.2662066599858,9500042
2024-12-20,437.6807861328125,453.5005735833961,435.6173355957799,451.43712304636347,13786961
2024-12-23,433.9665832519531,444.3296791243132,429.6562531883194,440.61547937920034,9725884
2024-12-24,431.5385437011719,435.9276872348217,427.24276376456015,434.9004596732709,8942361
2024-12-26,429.9976806640625,434.05996617456304,423.8808545001489,432.19223821598183,5351568
2024-12-27,421.2660217285156,432.47238881418167,420.4255498969437,430.6046609665707,4487792
2024-12-30,410.57330322265625,422.94700126251354,408.3320353152904,421.3127392572494,18171489
2024-12-31,415.05584716796875,416.97025688047944,409.0790950426093,409.966277201636,7109627
2025-01-01,415.05584716796875,417.8574390395061,409.7794930104937,415.33599495541597,5403126
2025-01-02,420.00531005859375,421.9664300466583,413.001330457839,415.14920613569745,7704338
2025-01-03,427.94317626953125,434.7136902421534,419.3983264039375,420.7057302987972,8814796
2025-01-06,413.0480041503906,429.39062289813353,411.8339924431216,429.39062289813353,7485474
2025-01-07,418.6045227050781,424.4411724918193,413.7017368842155,413.7017368842155,5869461
2025-01-08,416.87689208984375,419.7251944453602,411.83403209062845,418.6045462236376,4953341
2025-01-09,409.8728942871094,418.41774398684754,408.19195052624076,417.437198209552,4870742
2025-01-10,403.5693054199219,410.66667722994595,398.1995876392006,409.87288716250777,6250604
2025-01-13,386.3395690917969,400.44089345494035,384.7519888062383,399.88059782405526,8467239
2025-01-14,402.121826171875,404.8767077494923,385.3122749213028,386.3395309753577,8727736
2025-01-15,406.46429443359375,413.23480824093105,401.98175876085645,406.2775102392019,4794795
2025-01-16,420.0987243652344,422.8536060542987,409.0324303110744,409.9662943072184,6641373
2025-01-17,424.02093505859375,427.9431752329397,418.41775109482364,422.10652527067924,5594080
2025-01-20,430.464599609375,433.68641314073705,421.68625567063924,426.44896752055064,4806736
2025-01-21,423.8808288574219,436.86153168443843,423.04035702675816,434.2467241003147,7353985
2025-01-22,421.63958740234375,425.70190141936257,409.87289554242494,425.32836152683296,6538867
2025-01-23,416.9702453613281,422.3399629667652,413.23478963580675,421.1726330525397,5671143
2025-01-24,412.76788330078125,423.5073191785165,411.32040551696736,416.5033392582544,4758741
2025-01-27,395.86492919921875,410.6666787493912,393.71705347868976,410.43321275806125,6314851
2025-01-28,397.21905517578125,404.2230351242224,387.08662515051617,396.84551527838454,8080097
2025-01-29,402.121826171875,403.756088099014,396.23846613461495,400.160706159455,4671527
2025-01-30,403.8494873046875,408.6588810750866,399.6937812170928,403.42923711631795,4765643
2025-01-31,412.20751953125,414.44878719015253,398.6664929887693,406.09072238935244,11277319
2025-02-01,410.8067626953125,417.11034461544745,402.915629094852,415.52279293512197,6736515
2025-02-03,393.8104248046875,407.16466740472356,382.8842055870107,407.16466740472356,18277593
2025-02-04,408.75225830078125,413.70172578747133,400.3474828333157,400.3474828333157,9934297
2025-02-05,415.05584716796875,418.2309789225245,408.7522654570096,409.9195954034836,7176758
2025-02-06,414.4021301269531,420.47224583585495,413.04801599218393,415.66285216634753,5475073
2025-02-07,425.6551818847656,426.68243794138266,412.4877228383888,414.40213255810556,8580933
2025-02-10,406.9779052734375,423.97424086646953,404.92342164633175,423.97424086646953,10212102
2025-02-11,393.57696533203125,406.74442396682406,392.50299901138936,394.8843691362836,7728184
2025-02-12,393.9971923828125,398.47975641481287,384.98541102057106,393.5769707074557,8868601
2025-02-13,396.4719543457031,403.2424684233247,393.2034303082307,396.89220455022814,5255713
2025-02-14,386.0126647949219,403.4292215533318,381.4367371947488,401.3747094883076,10205699
2025-02-17,387.693603515625,388.3940014607331,374.8529745219774,386.0126598470718,9351334
2025-02-18,390.5419006347656,392.2228442819824,378.2148855576259,391.1955882756766,9347116
2025-02-19,395.49139404296875,399.1334578514213,386.61968626632597,388.58080631680565,9389191
2025-02-20,404.8300476074219,406.6977756240651,394.1372933124322,394.93108341935914,10218019
2025-02-21,409.2192077636719,413.0013454859963,403.9895637716273,406.46429762075724,11856575
2025-02-24,394.8843688964844,406.8845261088755,391.33566885936517,406.23080995751354,6486110
2025-02-25,382.183837890625,395.67818394523607,379.475638019598,394.9310756537087,16517618
2025-02-27,377.794677734375,385.2189080899986,374.1526137577414,381.9503840213562,9800701
2025-02-28,368.6427917480469,374.3860493015198,366.4015239831874,373.54557745210576,13633752
2025-03-03,382.0904541015625,384.05157422298026,363.4598841962638,373.4989223066517,10995655
2025-03-04,379.8491516113281,382.2304932211091,368.68946630441764,374.6195079298563,7083802
2025-03-05,400.5809631347656,401.9350487978022,374.3860615587668,374.3860615587668,14319490
2025-03-06,413.6550598144531,417.2971236231617,402.72883988906057,405.296965824585,13001883
2025-03-07,415.9897155761719,420.33217732366523,412.39433360270897,413.56166356167313,7860045
2025-03-10,408.4720764160156,421.9197112796479,407.3047465059908,415.9896981361344,6433534
2025-03-11,412.34765625,413.8885547183586,397.82608179996697,400.16074190442686,6287024
2025-03-12,415.52276611328125,418.6978977682459,408.93900832211466,415.4760558173277,5120030
2025-03-13,413.6550598144531,420.23878944945454,412.76787763701975,418.277669398837,5054710
2025-03-17,417.3905029296875,421.21932231681217,413.84180282797126,414.63559288357,4865003
2025-03-18,417.3905029296875,417.3905029296875,417.3905029296875,417.3905029296875,0
2025-03-19,430.0910339355469,434.5735980280699,428.9237039894627,433.96659215595935,5728903
2025-03-20,439.6164855957031,443.77219186721254,429.76423162518273,434.246767502925,10370120
2025-03-21,436.3946533203125,441.8577636394946,431.4451853213123,440.22350157388354,12194708
2025-03-24,441.0172424316406,444.5659139779169,434.8537347729758,437.9821846488924,7110186
2025-03-25,431.25836181640625,442.60483163742106,429.6708101968941,442.60483163742106,6983464
2025-03-26,433.45294189453125,442.09118333641004,432.47239615759185,433.6864078794469,9260792
2025-03-27,441.11065673828125,443.3519245908619,431.16501104920854,433.03273900957026,7585534
2025-03-28,432.7525329589844,443.9588999505814,431.44512917648444,441.62424016066535,6966128
2025-04-01,427.14935302734375,434.90044069409953,424.53454544052573,427.709677081452,4385769
2025-04-02,427.3828125,429.06378463672644,420.00529331450645,423.97421493004094,4104869
2025-04-03,410.4331970214844,427.3828216423138,409.1257932200176,427.2427477527397,13020114
2025-04-04,374.8996887207031,408.05185846760907,371.67784673995953,407.8183924834759,32283095
2025-04-07,349.311767578125,355.9889170175344,338.99258326146884,345.48294852802604,26557078
2025-04-08,351.22625732421875,364.9540410725129,343.802027098631,361.82561946102135,17126260
2025-04-09,346.0432434082031,352.48692686926427,344.22222597294694,351.13281286674834,13982904
2025-04-11,355.0083923339844,363.0863101984941,353.0472722427826,359.53763841385654,12949202
2025-04-15,369.62335205078125,371.39771641299404,358.65045028083875,364.1602705647341,10517215
2025-04-16,372.3315734863281,375.4133131648404,365.2342016669406,371.6778573124539,9739439
2025-04-17,373.5922546386719,377.0475625871645,367.1485992070044,371.91131096059013,8212290
2025-04-21,384.70526123046875,385.59241487332764,373.5922575523425,377.28103151263025,7998005
2025-04-22,385.73248291015625,390.6352685175325,385.03208496624535,386.61966503881615,7329286
2025-04-23,390.5419006347656,391.9426965072013,383.44452918123864,388.487388622154,8692823
2025-04-24,392.4563293457031,402.49536691968603,388.9543394943138,390.54191962665016,13580010
2025-04-25,385.9659423828125,397.6392412511442,382.4172709265456,394.8843598177768,11205671
2025-04-28,388.580810546875,390.02828832648294,381.9036887421473,386.6196904750467,6864935
2025-04-29,388.7675476074219,393.53025941089345,386.9932118176917,390.35512770833435,7054453
2025-04-30,391.47576904296875,395.2579065422493,386.2928071559093,390.6352687104484,13507492
2025-05-02,387.27337646484375,394.93104345868755,385.68579641162745,393.1567077222643,13939534
2025-05-05,391.7559509277344,392.6431331340716,387.5535628963284,388.16056880101127,7450806
2025-05-06,383.7713928222656,396.51862974661975,382.2304945408063,392.22284997560524,7943490
2025-05-07,388.4874267578125,390.3551547710712,375.4133306650015,376.1137286699735,8806194
2025-05-08,380.176025390625,390.2617448006957,378.26158716513515,387.55354500533105,10344459
2025-05-09,380.9231262207031,381.7169163337278,372.23820227630347,374.47947021363876,7120988
2025-05-12,407.21136474609375,409.2658768395756,390.2150579244206,392.1761779228776,16818909
2025-05-13,406.6043701171875,411.1802979072365,403.94285208137046,407.1646942035595,7806161
2025-05-14,413.421630859375,417.5306270244918,406.88458243783066,409.49939040674064,11385432
2025-05-15,414.44879150390625,418.744571186086,411.2269781167201,415.2892918215994,7108289
2025-05-16,412.0207824707031,415.28930626659724,410.61998655817706,414.448805919669,5525659
2025-05-19,412.8145446777344,417.34379050195264,411.50714085715225,412.76786288028234,4707043
2025-05-20,406.55767822265625,419.8652395720302,405.2969561844413,417.9041195680587,6201064
2025-05-21,408.7989501953125,410.1063540449131,403.14908461345055,407.44483604795727,5310912
2025-05-22,406.32421875,410.4332145151447,402.9623027606028,409.96628253048584,5505100
2025-05-23,410.9468078613281,413.32817796421784,404.5031524933454,406.60434631981354,4707367
2025-05-26,416.08306884765625,417.81072284390183,413.0013292321762,414.68227293166245,4402485
2025-05-27,418.3710632324219,422.43337724714365,414.5422152128075,416.50333527156283,7017265
2025-05-28,417.297119140625,419.72517115343794,414.6356011361813,419.02477317854573,5398706
2025-05-29,421.7796325683594,427.2427421846721,415.56944321787785,420.2387628045956,8539002
2025-05-30,406.7444152832031,423.0403519397493,406.23080153154734,422.94695984873965,13752148
2025-06-02,403.80279541015625,406.184165754006,397.73267929726296,405.11019933461813,9008143
2025-06-03,405.2969665527344,411.1802982158899,402.9623066071541,407.16469450919857,6553349
2025-06-04,407.9584655761719,409.35926147823085,401.9350317976119,405.29694766240664,4747404
2025-06-05,410.1063537597656,413.0947298418604,404.8300280672772,409.03241590188566,5877012
2025-06-06,418.4177551269531,419.7718693309536,409.5927573985326,411.64724110548616,10475617
2025-06-09,427.6163024902344,430.88482635716014,421.2660389484852,422.57344279540223,8982580
2025-06-10,431.02490234375,436.76818853721,428.7369527253564,429.4840324988591,8036246
2025-06-11,438.2623291015625,441.81102912016036,431.5852077300666,433.77979365616727,15635681
2025-06-12,430.04437255859375,440.643734672215,427.7097125555612,439.3830125707239,7559224
2025-06-13,427.8031005859375,432.98603434365856,417.0636646741498,420.61233644529443,6666190
2025-06-16,433.219482421875,436.11446637820023,426.49567905479006,433.3128745170983,8258945
2025-06-17,428.5968933105469,435.04054919732545,427.52292691336083,433.3128951010561,5621986
2025-06-18,426.3088684082031,436.81483723534944,423.3672028364551,433.31284762630065,15852801
2025-06-19,410.4331970214844,427.10267386316565,407.9117530120899,426.30888382322553,12549420
2025-06-20,417.53057861328125,419.7718463980897,408.7522631648763,409.4526611288331,11493281
2025-06-23,420.0987243652344,421.59291245891825,412.81456809575064,414.63561428793844,7310603
2025-06-24,422.8971252441406,428.63632538156384,421.66392399794796,425.93273762672356,6350436
2025-06-25,419.2449645996094,424.9367164224813,416.92082102537125,424.9367164224813,6329973
2025-06-26,432.09881591796875,433.52175384085996,418.4860373323601,420.2409998938752,10412097
2025-06-27,439.92498779296875,446.8025212948534,435.41901756759603,435.845910537267,23776172
2025-06-30,437.1739501953125,443.8617465964448,433.4268688955464,442.10678410225376,6466543
2025-07-01,441.96453857421875,446.0910645787726,432.9051781887223,438.26490555107483,11455315
2025-07-02,445.3321533203125,450.5970120922284,439.07122062550275,443.1502977866497,11881474
2025-07-03,434.75494384765625,448.083146082782,433.56916227601226,443.9566204235118,17268863
2025-07-04,435.4664306640625,439.83011281676585,431.71937811371953,437.31626157165033,4456947
2025-07-07,430.8656005859375,436.0355908340625,429.7272387048346,435.41899021085885,4498429
2025-07-08,432.8576965332031,434.66010769522376,428.9683561092527,430.5810016887638,4116967
2025-07-09,418.1065979003906,437.7905727306416,399.0392237206561,437.3162600841295,38812827
2025-07-10,416.6362609863281,420.00386936406284,410.94450894525664,416.0670799922714,13276890
2025-07-11,420.00384521484375,423.32403371456587,414.122356864009,415.49787510807806,8741844
2025-07-14,425.1738586425781,427.3082655053426,416.7310705589576,417.9643007828468,5611380
2025-07-15,426.8813781738281,428.06715977986653,422.2331200681068,426.8813781738281,5408813
2025-07-16,424.46240234375,427.3082782456196,421.7588144470245,426.8813852804405,3554230
2025-07-17,421.5216369628906,426.6916272219228,420.6678800251348,424.4623810371563,2713654
2025-07-18,422.8971252441406,425.7430009966577,420.7627184297528,421.52163600027114,3419720
2025-07-21,430.5335998535156,433.04745111825054,425.60073669461383,428.39919292029316,6402589
2025-07-22,427.4505615234375,433.2371815831921,426.9762488783715,430.4861450820121,2871620
2025-07-23,432.2411193847656,433.6166376726714,427.35570479800094,427.6877294485038,3049686
2025-07-24,428.1620178222656,433.853769394646,425.1264054037645,431.62449423884794,4846149
2025-07-25,420.7627258300781,427.7351273363238,419.8141005625548,426.88137038550195,2481198
2025-07-28,415.450439453125,420.90503463584236,412.41482707588864,420.71529800611063,3837524
2025-07-29,416.9208068847656,418.818057428041,411.13418693782654,414.59666338935494,3034968
2025-07-30,412.2725524902344,418.059172488356,411.32392721020614,417.86943585245194,2945839
2025-07-31,403.7823486328125,412.0828199148498,402.2171226952919,406.96024914217037,7762131
2025-08-01,402.6440124511719,408.85749646723724,400.6518935693869,403.2606130944099,4291007
2025-08-04,409.2843933105469,411.08677557318356,400.5096093703255,402.5965676403141,3635372
2025-08-05,415.9247741699219,416.5413748246835,408.57292809836827,410.1855737377643,5703172
2025-08-06,417.9168701171875,419.8141207434369,414.9761548062986,417.30026945360584,4042034
2025-08-07,415.3081359863281,417.0630985442022,407.9088703825432,415.02355998223874,4103120
2025-08-08,409.2843933105469,417.30025964825256,408.28831938532255,415.30814074755034,2396484
2025-08-11,408.0037536621094,412.4148555857278,404.7309847463376,409.8061359701769,5148588
2025-08-12,410.99188232421875,414.7389635756242,407.00764476449,407.9088503160163,4915393
2025-08-13,416.2093505859375,422.42283472418785,412.746874029132,413.4108943696205,5925324
2025-08-14,408.0986022949219,417.11054235022806,406.1064834401156,416.8259373996867,5618967
2025-08-18,415.6876220703125,417.3951360469695,410.84962720345504,417.3951360469695,4699393
2025-08-19,427.07110595703125,427.82999458926474,417.53740467227897,419.2923672027827,12000341
2025-08-20,422.6125793457031,429.53753259009966,415.3081528141501,427.83001859688466,19775631
2025-08-21,423.94061279296875,425.93273158140533,420.3832681528122,422.75483124624986,8103807
2025-08-22,421.4267883300781,428.77863438423253,420.90505599645616,428.44660974022463,16717742
2025-08-25,427.16595458984375,428.30431651263297,421.23704655395454,423.94063440826926,13543057
2025-08-26,421.1661682128906,428.2478791257895,419.0022945911193,427.8544557444529,10665952
2025-08-28,417.5269470214844,422.7398745184205,414.18280315460385,421.16618094549847,6955858
2025-08-29,413.74017333984375,421.51039773433047,413.10085658885515,417.5269371951643,7712901
2025-09-01,423.920166015625,427.75609654940126,415.8548515466346,415.8548515466346,7817717
2025-09-02,424.51031494140625,428.19871544770393,416.4450004944567,424.90373832548863,6420682
2025-09-03,432.23138427734375,434.44442464054634,425.4938998350042,426.1332166033398,10052593
2025-09-04,428.5429992675781,438.67379462574047,427.8053191196649,438.67379462574047,7605728
2025-09-05,438.1820068359375,439.46064041615136,428.4446349095064,428.8380583175505,8277809
2025-09-08,427.2643127441406,434.6903105111438,426.23157259898437,433.75590370074116,11885826
2025-09-09,425.6905822753906,430.70681293400173,424.8545688458554,427.8544558979381,6379983
2025-09-10,426.5758361816406,430.3134034508153,424.90374923600507,427.8544697168107,5516735
2025-09-11,430.5101318359375,432.57561216753635,425.83815772309816,426.92006455725715,6964582
2025-09-12,443.4932861328125,447.525943495035,431.88713081351966,432.7723409622316,15838929
2025-09-15,446.935791015625,455.19780238683757,445.3129007488963,447.5751077853932,14003502
2025-09-16,453.7224426269531,455.787952976037,447.5259415959827,449.49308859200903,9675778
2025-09-17,448.65704345703125,463.26311585179303,436.70663150360105,457.36167488552815,27609041
2025-09-18,448.1652526855469,451.4110631976154,445.1653655611454,448.6570394283196,7741800
2025-09-19,448.1160888671875,450.96844599015037,444.7227483139663,450.4766592442505,10444975
2025-09-22,450.9192810058594,455.00110500881385,447.18168371329546,447.52594043996703,6873708
2025-09-23,449.6898193359375,452.34544979464954,444.8211184705434,450.9192862194935,6504267
2025-09-24,441.08355712890625,451.4602457602378,439.6573635181401,449.44393205039216,8390096
2025-09-25,454.06671142578125,456.37811521081653,442.1162991104785,443.5916593967204,12571562
2025-09-26,440.5917663574219,456.1813824972305,437.7885758471892,454.6568555613524,10271939
2025-09-29,444.82110595703125,450.0340333901482,440.2966619495688,443.5916391080621,11707970
2025-09-30,458.1485290527344,460.50912949028117,446.5423736386821,449.8865175701648,16517105
2025-10-01,457.2141418457031,462.1320092851185,450.96844419438946,460.85334574110203,7779725
2025-10-03,463.2139587402344,472.01692368675975,456.8698975641018,457.21415429749254,21404838
2025-10-06,463.0663757324219,470.1481166933101,459.42717191841325,467.1482296288711,9042871
2025-10-07,464.0991516113281,468.6727622809077,462.5254280432253,467.19740206386393,5931853
2025-10-08,464.9352111816406,470.0989721202263,457.95183324239235,464.1483343621825,10158945
2025-10-09,476.2463073730469,477.0331541775488,459.6730876627974,465.2302720123311,16201074
2025-10-10,474.2791442871094,477.03313802590134,465.9679363706614,475.0659910649698,13091981
2025-10-13,471.4267578125,472.75458801616435,466.8531471254611,471.623484515369,8312537
2025-10-14,472.1644592285156,481.065817650069,467.0006982161546,475.902056637708,14181566
2025-10-15,475.11517333984375,476.54136693988124,468.3777187903546,472.1644528015163,7569516
2025-10-16,471.2300720214844,477.0331496949293,467.197414649673,477.0331496949293,5099739
2025-10-17,466.26300048828125,473.19721159601045,459.86977280931035,470.14812777662974,5816016
2025-10-20,466.115478515625,470.63992264672856,464.29586152616923,468.18098888159415,4010765
2025-10-21,467.83673095703125,470.0989680249492,466.7056274312129,469.6563479418423,841526
2025-10-23,475.3118896484375,476.8856132376999,466.85315162039797,469.2629186804823,11194491
2025-10-24,487.45904541015625,492.81950311622165,479.2462004661258,481.9510276621891,25748299
2025-10-27,496.95050048828125,497.63901393040317,489.0819126527419,492.770313200651,13611047
2025-10-28,494.1965026855469,501.37657701987854,491.442478956003,497.6390098352665,10881126
2025-10-29,507.72064208984375,515.7859566277068,495.77020030170803,495.77020030170803,25108474
2025-10-30,498.6225891113281,506.4420103060903,494.9341885508329,504.5731966757482,7439433
2025-10-31,485.44268798828125,499.065186940434,483.1313142807352,498.6225968760508,13235197
2025-11-03,504.5732116699219,506.0485719379626,492.18017941512363,493.75390303762333,16492217
2025-11-04,499.8028564453125,509.09760779525885,496.8029693463083,502.6060468586412,9015840
2025-11-06,496.65545654296875,505.95023823136967,494.34405278813176,501.62249076857637,7236023
2025-11-07,506.5895080566406,508.75338171568933,489.32780551678195,492.77031269127184,9229050
2025-11-10,511.06475830078125,517.9497726891504,509.7369581103345,512.4417851914795,9368684
2025-11-11,515.2449340820312,516.277734243232,507.0812863535256,511.5565335993426,6857737
2025-11-12,512.04833984375,520.1628212148956,509.4910727579896,516.3760872547192,8017904
2025-11-13,520.9005126953125,526.7036204820902,515.5892517015859,518.3432455538031,14483739
2025-11-14,516.7203369140625,522.5726115026944,512.9336027857174,519.3268308166037,6780850
2025-11-17,512.2450561523438,519.3267972117434,510.81886260045843,518.2940570647095,4575270
2025-11-18,502.3110046386719,513.2286466100152,499.9012375275014,513.0811466027371,7919977
2025-11-19,503.3929138183594,506.3436343683293,499.2127263725686,500.6389199782334,4009545
2025-11-20,501.3765869140625,510.4746417035771,500.78643681635134,507.5239212313021,5736356
2025-11-21,488.2458801269531,502.6060592516861,486.4262631459755,501.6224857502151,8023391
2025-11-24,487.01641845703125,495.2292632853777,485.6885882125927,489.9671389929918,10371411
2025-11-25,496.3603515625,498.5242252288649,487.45902355916365,487.45902355916365,7658295
2025-11-26,507.8189697265625,508.50748316095206,497.78653835868704,499.55695859528856,7777469
2025-11-27,510.5729675292969,515.1466082070713,508.85171394578873,510.1795741583172,5978457
2025-11-28,517.3596801757812,522.0808211442564,510.13043869585647,510.8681188481984,9990143
2025-12-01,524.5397338867188,528.8183146177421,521.2939533534831,526.2118208379499,10279499
2025-12-02,529.5559692382812,531.0313294125715,521.392261581161,522.1299416683062,9490883
2025-12-03,524.0479736328125,532.1624553924304,520.0645127755131,532.1132887216124,9182829
2025-12-04,520.94970703125,534.0803887074421,519.5726801744131,525.9167409970632,14735849
2025-12-05,515.88427734375,522.7201248651123,509.29432318623117,520.1627978616038,14808276
2025-12-08,502.8519592285156,518.6383021278566,500.8356455305423,515.6875815847064,7598744
2025-12-09,507.6714782714844,509.0976117986171,494.0981461693654,501.5241139742478,7594795
2025-12-10,515.5892333984375,522.0316277256092,507.6714788421779,510.72053263593506,14712797
2025-12-11,520.3595581054688,525.7200457893471,516.4744306997644,519.3268179172596,11125398
2025-12-12,534.6705322265625,537.5720860669727,526.2118241136484,526.2118241136484,18629112
2025-12-15,540.3753051757812,542.7358455573917,530.4903434699249,532.0640970902275,13889922
2025-12-16,560.1450805664062,563.4892543141548,536.2442577041496,538.9982513615288,34011443
2025-12-17,560.440185546875,570.9152676573798,556.8009514783272,570.472647562241,30344596
2025-12-18,569.6365966796875,573.4233305096517,554.7354346611382,560.3418154222043,14766995
2025-12-19,572.0463256835938,573.8168060161327,562.1122573102091,572.4397790980607,16753034
2025-12-22,576.0298461914062,584.734447682144,571.9479921398936,580.3083669175189,16201067
2025-12-23,576.7675170898438,581.095204415358,574.9970367862736,576.3740636818145,7941430
2025-12-24,588.3245239257812,589.9473842112772,577.5543818949525,580.259209070009,15686960
2025-12-26,591.0784912109375,597.9143388617973,587.1441973149101,593.7833182644564,12119491
2025-12-29,583.357421875,605.8812791553253,580.7018214372199,598.9962646194692,25560591
2025-12-30,595.6029052734375,597.0290988174872,581.4394832650137,583.9967502848156,14079178
2025-12-31,594.4718627929688,600.0290171922039,589.5047684634122,599.9798505224444,8925223
2026-01-01,592.7506103515625,596.9307978433717,587.8819093840015,593.0948370731566,4250535
2026-01-02,606.815673828125,608.2910340562349,593.6849317784098,594.2751118891906,9255218
2026-01-05,605.5370483398438,614.2416497881887,599.6847740174951,610.3073557943493,8336113
2026-01-06,611.5368041992188,617.585805045094,607.8484036913827,608.045130391646,10820314
2026-01-07,611.9794311523438,619.5529589534925,608.1434705680099,615.6678317016797,10182854
2026-01-08,593.5866088867188,608.9303315160017,585.2262341136664,608.8319981787555,18002061
2026-01-09,599.832275390625,605.1927629759681,592.4554741353534,593.0948209238352,10839255
2026-01-12,617.0447998046875,618.3726600246767,604.7009646144,609.6679986910622,13566302
2026-01-13,626.7330322265625,631.94595965377,618.7660510347372,620.7331979908578,17754332
2026-01-14,664.6497802734375,668.28901416232,631.6017353006129,636.3720426739387,45759805
2026-01-15,664.6497802734375,664.6497802734375,664.6497802734375,664.6497802734375,0
2026-01-16,671.4856567382812,674.7314373604705,653.4370465561124,664.6498087410174,27743749
2026-01-19,663.7153930664062,676.698575415187,662.4367595089076,673.6986882138269,16748844
2026-01-20,660.7646484375,675.2231905251776,658.158214748527,664.8956690386308,18175860
2026-01-21,665.5350341796875,666.7645010572584,648.1749378553619,660.7646666751751,16508847
2026-01-22,667.502197265625,682.6000268729155,653.879667914401,668.8299975123667,19313521
2026-01-23,672.9118041992188,687.5178460135207,670.2561438604657,673.7478176241226,21435331
2026-01-27,693.8619384765625,695.7306921094357,683.140963299708,685.6490637214309,18667388
2026-01-28,724.9920043945312,729.7623718993171,698.435519837478,699.419093339591,26645434
2026-01-29,753.7615356445312,757.1548762617551,730.7951181908585,733.0081585891485,30290476
2026-01-30,670.3544921875,742.5979761814675,664.0104312453977,742.5979761814675,54628339
2026-02-02,649.7978515625,663.4694870830185,628.5526281138119,642.6177170441912,35747809
2026-02-03,664.5514526367188,688.5014431089852,642.814442484741,683.5835756582068,21124257
2026-02-04,676.5018310546875,682.5508320011612,666.4693695000155,668.8299698773129,13319058
2026-02-05,644.4373779296875,654.3714464011313,633.6180692832362,649.207685456234,18234038
2026-02-06,660.0269775390625,662.2891845564005,629.7329260957518,632.437753189486,16866400
2026-02-09,668.5841064453125,674.8297743424417,659.8795047252877,670.7971468859186,10904101
2026-02-10,678.8132934570312,681.3705606133956,666.8628510947416,674.7314393082488,10605218
2026-02-11,689.632568359375,693.419302238005,678.1739133235524,683.5835674544871,11146383
2026-02-12,691.206298828125,697.3536333961447,686.5343245564301,689.6326051917376,8735305
2026-02-13,662.5842895507812,673.7478243796685,651.6665880558958,673.7478243796685,15868021
2026-02-16,668.6332397460938,670.2561600012361,654.3222576175656,658.0106581678338,6387272
2026-02-17,657.2238159179688,668.8299710562562,649.4535613588495,668.6332443523744,10070194
2026-02-18,666.8628540039062,667.6988674922129,657.322178746895,658.9942657560725,7902530
2026-02-19,665.0432739257812,677.4854432029907,662.6826734137676,672.2233487703563,8113467
2026-02-20,671.23974609375,672.2233195923026,661.5023444450542,664.6006249785198,6871777
2026-02-23,670.0594482421875,684.3212640212873,659.2893063886997,683.5835838947821,10762317
2026-02-24,683.681884765625,687.4195119218106,664.8956557824293,667.3545894206779,10730605
2026-02-25,715.8447875976562,720.3200350555555,694.7963505318281,694.7963505318281,23666523
2026-02-26,725.3363037109375,726.2214838586433,713.2875281012294,721.0085562136088,13822953
2026-02-27,706.5992431640625,722.7298129269254,703.2550691717587,722.7298129269254,12543859
2026-03-02,711.4678344726562,718.9921954144357,683.5835510438206,683.5835510438206,13268756
2026-03-04,689.4850463867188,706.9434765912326,680.5345512526416,698.4355415207959,14669674
2026-03-05,699.566650390625,725.7789081230314,694.4028895265817,694.845509607155,22092809
2026-03-06,709.156494140625,717.3201421914873,690.173537579989,700.4026659696923,13468762
2026-03-09,697.7470703125,701.5338043037785,686.5343083127058,697.4027835652984,10105473
2026-03-10,710.1400756835938,712.0580560385592,691.5505122932557,708.1729286595395,14950497
2026-03-11,709.6974487304688,731.2868991171028,703.2550542955327,715.6480564141492,15906006
2026-03-12,707.7794799804688,718.3037286361342,692.9767105318646,718.2545619667163,10180516
2026-03-13,678.2230834960938,703.7468273977443,673.2068827435997,702.7632539143093,15416801
2026-03-16,674.3379516601562,686.0425000467378,666.125137142155,676.6985520174273,11112301
2026-03-17,687.8621215820312,690.8128421608333,667.2563042327819,678.3706730730898,9586258
2026-03-18,667.8463745117188,688.5014170223905,663.4202939737177,688.5014170223905,11227748
2026-03-19,654.4205932617188,677.3870701219638,649.5519525442343,656.0435135225877,13840558
2026-03-20,661.1581420898438,676.8461519761977,653.4862805250237,658.9942683068011,25993024
2026-03-23,635.142578125,650.0437404401442,623.8314830441832,649.15850029036,21999651
2026-03-24,640.896484375,653.0928200884729,632.9787295114643,653.0928200884729,14286858
2026-03-25,658.6500244140625,662.7318184574896,648.1749425286099,650.1420895469062,12926445
2026-03-27,649.4000244140625,666.7000122070312,648.0499877929688,655.4500122070312,17226044
2026-03-30,654.7999877929688,678.5999755859375,650.25,652.9500122070312,24457507
2026-04-01,677.2000122070312,689.5,663.1500244140625,664.0,16756679
2026-04-02,687.6500244140625,689.5999755859375,652.7999877929688,669.9000244140625,16016248
2026-04-06,690.0,708.4000244140625,686.7999877929688,687.75,13013026
2026-04-07,713.25,718.9500122070312,693.0,700.0499877929688,20950898
2026-04-08,721.4000244140625,735.0,717.2999877929688,734.0,16394216
2026-04-09,737.0,739.0,722.2999877929688,725.0,15515507
2026-04-10,745.1500244140625,746.5,731.75,740.0,15333995
2026-04-13,752.5499877929688,754.5999755859375,734.0,735.0,12586088
2026-04-15,766.0499877929688,768.0,741.0999755859375,752.0,23115401
2026-04-16,782.8499755859375,787.8499755859375,770.2999877929688,772.0,15151305
2026-04-17,787.5,791.1500244140625,772.4000244140625,782.8499755859375,9934013
2026-04-20,771.0,782.9500122070312,768.1500244140625,782.9500122070312,10554185
2026-04-21,766.7999877929688,795.0,763.1500244140625,791.7000122070312,30562626
2026-04-22,757.0,773.8499755859375,755.5,769.7000122070312,14257215
2026-04-23,735.5999755859375,758.7999877929688,733.0499877929688,758.7999877929688,17456241
2026-04-24,720.9500122070312,734.9500122070312,707.5999755859375,734.9500122070312,19062006
2026-04-27,742.5,746.5999755859375,720.5499877929688,724.25,22351684
2026-04-28,739.2999877929688,757.9500122070312,728.7000122070312,747.0,37978285
2026-04-29,773.5999755859375,780.0,732.2000122070312,745.0,54738724
2026-04-30,271.54998779296875,292.0,268.70001220703125,289.5,73870853
2026-05-01,271.54998779296875,271.54998779296875,271.54998779296875,271.54998779296875,0
2026-05-04,294.6499938964844,296.0,274.95001220703125,277.0,86297119
2026-05-05,303.8999938964844,305.8999938964844,292.0,296.95001220703125,69612545
2026-05-06,316.3999938964844,318.0,308.6000061035156,310.0,75050951
2026-05-07,305.3999938964844,322.75,303.6000061035156,319.8999938964844,64690914
2026-05-08,296.45001220703125,306.3999938964844,295.8999938964844,305.6499938964844,32681575
2026-05-11,298.3999938964844,301.54998779296875,294.20001220703125,296.6000061035156,25738983
2026-05-12,305.04998779296875,309.8999938964844,298.1000061035156,298.1000061035156,47596105
2026-05-13,323.3500061035156,325.5,308.79998779296875,311.95001220703125,72680545
2026-05-14,338.8999938964844,340.6499938964844,325.1000061035156,329.0,77635934
2026-05-15,331.04998779296875,338.8999938964844,325.0,338.8999938964844,56392805
2026-05-18,327.0,329.3500061035156,320.6499938964844,323.8999938964844,21115770
2026-05-19,337.6499938964844,339.0,325.3999938964844,325.3999938964844,35074019
2026-05-20,333.75,339.45001220703125,331.45001220703125,332.54998779296875,21015658
2026-05-21,329.75,338.25,328.8999938964844,338.0,14507403
2026-05-22,329.95001220703125,333.6000061035156,327.0,331.0,14086715
2026-05-25,332.5,335.3999938964844,330.5,333.0,11129217
2026-05-26,344.8999938964844,348.5,332.1499938964844,332.5,39844071
2026-05-27,354.70001220703125,357.95001220703125,345.8999938964844,347.3999938964844,26959207
2026-05-28,354.70001220703125,354.70001220703125,354.70001220703125,354.70001220703125,0
2026-05-29,352.6000061035156,360.0,350.0,359.95001220703125,32684449
2026-06-01,337.1499938964844,356.6499938964844,335.04998779296875,355.1000061035156,21598323
2026-06-02,333.54998779296875,343.5,328.20001220703125,336.45001220703125,30249461
2026-06-03,328.20001220703125,334.0,325.0,333.54998779296875,20194365
2026-06-04,327.5,330.79998779296875,325.0,328.20001220703125,13730888
2026-06-05,315.6000061035156,329.70001220703125,312.3500061035156,329.6000061035156,20824974
2026-06-08,304.25,314.79998779296875,301.6499938964844,311.0,14491919
2026-06-09,306.25,309.79998779296875,303.25,305.0,12416474
2026-06-10,299.29998779296875,306.3999938964844,296.3999938964844,306.29998779296875,13610674
2026-06-11,304.8999938964844,310.0,292.79998779296875,295.04998779296875,21784565
2026-06-12,309.6499938964844,314.0,303.70001220703125,314.0,18636477
2026-06-15,302.5,318.45001220703125,300.3999938964844,313.1499938964844,28394765
2026-06-16,299.95001220703125,304.29998779296875,295.6000061035156,302.5,21934302
2026-06-17,306.5,308.20001220703125,297.29998779296875,299.0,17292581
2026-06-18,306.0,309.0,302.75,307.0,12373677
2026-06-19,300.79998779296875,304.8999938964844,299.5,302.3999938964844,15040336
2026-06-22,305.8500061035156,306.79998779296875,300.79998779296875,300.79998779296875,13551008
2026-06-23,281.70001220703125,294.5,279.0,294.5,174644055
2026-06-24,282.54998779296875,284.3500061035156,278.1499938964844,280.95001220703125,21011503
2026-06-25,273.45001220703125,279.0,271.3999938964844,279.0,39094966
2026-06-26,273.45001220703125,273.45001220703125,273.45001220703125,273.45001220703125,0
2026-06-29,284.54998779296875,287.3999938964844,270.5,270.5,57647547
2026-06-30,280.75,283.8999938964844,278.04998779296875,283.8999938964844,17134140
2026-07-01,275.54998779296875,281.0,274.6499938964844,280.75,15467108
2026-07-02,276.1000061035156,279.75,275.25,277.0,11185934
2026-07-03,280.3999938964844,282.79998779296875,278.79998779296875,279.0,12313780
2026-07-06,282.0,282.8500061035156,278.54998779296875,281.95001220703125,9188601
2026-07-07,275.04998779296875,282.3500061035156,274.1000061035156,282.0,13028080
2026-07-08,272.29998779296875,278.79998779296875,270.6499938964844,273.6000061035156,20776930
2026-07-09,271.3500061035156,274.70001220703125,270.79998779296875,273.25,10018324
2026-07-10,272.54998779296875,276.75,272.20001220703125,273.79998779296875,11889321
2026-07-13,269.6499938964844,271.25,268.1000061035156,271.0,9688301
2026-07-14,267.70001220703125,270.95001220703125,266.20001220703125,269.6499938964844,11000576
2026-07-15,260.54998779296875,271.29998779296875,260.1000061035156,268.0,21696090
2026-07-16,257.8999938964844,262.3999938964844,256.1000061035156,261.0,15712716
2026-07-17,253.0500030517578,258.3999938964844,249.6999969482422,258.0,24108053
2026-07-20,261.8500061035156,262.95001220703125,252.8000030517578,253.0500030517578,13725150
2026-07-21,264.8500061035156,266.29998779296875,259.54998779296875,261.8500061035156,11178039
2026-07-22,262.29998779296875,266.1499938964844,260.95001220703125,264.8500061035156,6972972
2026-07-23,264.6000061035156,268.29998779296875,261.0,261.0,9488717
2026-07-24,264.6499938964844,266.04998779296875,260.1000061035156,262.0,6744189
2026-07-27,264.6499938964844,268.1000061035156,264.0,267.04998779296875,7084059
2026-07-28,259.3500061035156,266.0,259.0,264.6499938964844,5991534
2026-07-29,264.5,265.5,260.1000061035156,260.1499938964844,4780075
2026-07-30,267.5,269.70001220703125,263.25,265.3999938964844,9414948
2026-07-31,264.25,269.0,263.0,268.79998779296875,15446979
2026-08-03,267.25,268.79998779296875,264.5,267.8999938964844,6725800
2026-08-04,269.0,271.8999938964844,266.04998779296875,268.0,14077888
2026-08-05,277.0,277.20001220703125,267.6000061035156,270.0,17363666
2026-08-06,275.0,282.3500061035156,273.6000061035156,280.95001220703125,18499108
2026-08-07,278.8500061035156,278.8500061035156,271.8500061035156,273.95001220703125,10287563
2026-08-10,283.6499938964844,285.79998779296875,277.20001220703125,280.0,26401833
2026-08-11,275.0,286.3999938964844,275.0,284.8999938964844,13475283
2026-08-12,275.79998779296875,281.0,273.0,276.25,10568708
2026-08-13,271.1000061035156,276.8999938964844,268.75,276.20001220703125,8900356
2026-08-14,267.5,271.1000061035156,266.54998779296875,270.0,10612499
2026-08-17,269.70001220703125,270.6499938964844,267.04998779296875,268.0,6638615
2026-08-18,264.0,270.5,264.0,268.8999938964844,9772133
2026-08-19,262.6000061035156,264.70001220703125,261.3500061035156,264.0,8301777
2026-08-20,268.0,271.95001220703125,265.20001220703125,265.20001220703125,9569566
2026-08-21,279.0,279.70001220703125,269.0,270.29998779296875,23088301
2026-08-24,277.0,281.45001220703125,272.3999938964844,280.04998779296875,18926670
2026-08-25,275.0,276.79998779296875,273.0,276.0,7970246
2026-08-26,286.5,287.0,273.25,275.5,24161109
2026-08-27,281.0,291.0,279.20001220703125,289.0,13441814
2026-08-28,287.95001220703125,289.5,282.3999938964844,283.70001220703125,19438996
2026-08-31,278.20001220703125,284.0,276.5,284.0,16664814
2026-09-01,274.0,281.95001220703125,272.75,280.0,6769011
2026-09-02,270.70001220703125,272.0,267.75,272.0,7580567
2026-09-03,270.5,274.75,268.0,272.0,5945928
2026-09-04,272.1000061035156,274.5,268.8500061035156,272.0,5992724
2026-09-07,268.0,272.5,267.0,272.1000061035156,4892640
2026-09-08,272.0,272.79998779296875,269.1499938964844,269.29998779296875,5812809
2026-09-09,272.5,275.75,268.54998779296875,271.5,8634652
2026-09-10,269.04998779296875,275.1000061035156,268.79998779296875,273.75,4834991
2026-09-11,263.70001220703125,264.8500061035156,256.5,264.0,11843976
2026-09-14,263.70001220703125,263.70001220703125,263.70001220703125,263.70001220703125,0
2026-09-15,257.0,264.3999938964844,253.5500030517578,263.70001220703125,9234199
2026-09-16,256.0,257.70001220703125,252.5,256.0,5794228
2026-09-17,257.45001220703125,257.70001220703125,253.9499969482422,254.0,3297466
2026-09-18,267.6000061035156,267.6000061035156,258.0,258.0,8484152
2026-09-21,260.5,264.5,259.0,264.5,6600043
2026-09-22,263.0,263.8500061035156,260.20001220703125,261.0,5419840
2026-09-23,271.0,271.3500061035156,262.20001220703125,262.79998779296875,11735115
2026-09-24,267.5,269.3999938964844,264.20001220703125,267.8999938964844,5685750
2026-09-25,266.3500061035156,267.25,264.29998779296875,266.25,3768892
2026-09-28,259.0,264.3999938964844,258.20001220703125,264.0,7437078
2026-09-29,260.0,260.5,256.1000061035156,259.0,9517563
2026-09-30,259.0,260.5,255.14999389648438,260.0,8639213
2026-10-01,252.0500030517578,257.20001220703125,247.25,256.3500061035156,10131800
2026-10-02,252.0500030517578,252.0500030517578,252.0500030517578,252.0500030517578,0
2026-10-05,255.0500030517578,256.6000061035156,252.0500030517578,253.3000030517578,7161255
2026-10-06,265.6000061035156,267.70001220703125,256.6000061035156,257.20001220703125,14899808
2026-10-07,261.3999938964844,265.20001220703125,258.79998779296875,264.5,10190251
2026-10-08,253.10000610351562,262.3500061035156,253.10000610351562,262.0,13291427
